PK;NOMBRE;DESCRIPCION-ENTIDAD;HORARIO;EQUIPAMIENTO;TRANSPORTE;DESCRIPCION;ACCESIBILIDAD;CONTENT-URL;NOMBRE-VIA;CLASE-VIAL;TIPO-NUM;NUM;PLANTA;PUERTA;ESCALERAS;ORIENTACION;LOCALIDAD;PROVINCIA;CODIGO-POSTAL;COD-BARRIO;BARRIO;COD-DISTRITO;DISTRITO;COORDENADA-X;COORDENADA-Y;LATITUD;LONGITUD;TELEFONO;FAX;EMAIL;TIPO
12009978;"Instalación Deportiva Municipal Básica Acuario";"";"";"Circuito de vida Pista de patinaje  Acceso libre.";"Metro: El Capricho (línea 5).";"";"1";"http://www.madrid.es/sites/v/index.jsp?vgnextchannel=bfa48ab43d6bb410VgnVCM100000171f5a0aRCRD&vgnextoid=e30c5d9606508810VgnVCM1000001d4a900aRCRD";"TROPICO";"CALLE";"V";"10";"";"";"";"C/V CALLE ACUARIO, 27";"MADRID";"MADRID";"28042";"3";"CASCO H.BARAJAS";"21";"BARAJAS";"450824";"4480533";"40.47402643691105";"-3.5801328372492223";"";"";"";"/contenido/entidadesYorganismos/CentrosEspaciosDeporte/CircuitoVida"
4547664;"Instalación Deportiva Municipal Básica Ademo (Arroyo Fontarrón)";"";"";"Pista de fútbol sala  Acceso libre.";"Metro: Pavones (línea 9).";"";"0";"http://www.madrid.es/sites/v/index.jsp?vgnextchannel=bfa48ab43d6bb410VgnVCM100000171f5a0aRCRD&vgnextoid=06d0c9ba6f391110VgnVCM2000000c205a0aRCRD";"ARROYO FONTARRON";"CALLE";"V";"389";"";"";"";"";"MADRID";"MADRID";"28030";"1";"PAVONES";"14";"MORATALAZ";"445973";"4471845";"40.39546213876536";"-3.6366182195462367";"";"";"";"/contenido/entidadesYorganismos/CentrosEspaciosDeporte/PistaFutbolSala"
4554452;"Instalación Deportiva Municipal Básica Alameda de Osuna I";"";"";"2 pistas de baloncesto  Acceso libre.";"Metro: El Capricho (línea 5).";"";"1";"http://www.madrid.es/sites/v/index.jsp?vgnextchannel=bfa48ab43d6bb410VgnVCM100000171f5a0aRCRD&vgnextoid=a3560735dead1110VgnVCM1000000b205a0aRCRD";"BALANDRO";"CALLE";"V";"1";"";"";"";"";"MADRID";"MADRID";"28042";"1";"ALAMEDA DE OSUNA";"21";"BARAJAS";"449924";"4478011";"40.451251451000815";"-3.5905626839548366";"";"";"";"/contenido/entidadesYorganismos/CentrosEspaciosDeporte/InstalacionesDeportivasBasicas"
12009559;"Instalación Deportiva Municipal Básica Alameda de Osuna II";"";"";"Pista de fútbol sala Pista de parkour  Acceso libre.";"Metro: El Capricho (línea 5).";"";"2";"http://www.madrid.es/sites/v/index.jsp?vgnextchannel=bfa48ab43d6bb410VgnVCM100000171f5a0aRCRD&vgnextoid=1f599f50bc408810VgnVCM1000001d4a900aRCRD";"ALAMEDA DE OSUNA";"PASEO";"V";"26";"";"";"";"";"MADRID";"MADRID";"28042";"1";"ALAMEDA DE OSUNA";"21";"BARAJAS";"449096";"4478349";"40.45425391757006";"-3.600336224968592";"";"";"";"/contenido/entidadesYorganismos/CentrosEspaciosDeporte/PistaFutbolSala"
4555959;"Instalación Deportiva Municipal Básica Alas";"";"";"Pista de baloncesto 3 pistas de bolos y petanca Pista de fútbol sala  Acceso libre.";"Metro: Barajas (línea 8).";"";"1";"http://www.madrid.es/sites/v/index.jsp?vgnextchannel=bfa48ab43d6bb410VgnVCM100000171f5a0aRCRD&vgnextoid=d67d5c51350e1110VgnVCM1000000b205a0aRCRD";"ALAS";"CALLE";"V";"2";"";"";"";"";"MADRID";"MADRID";"28042";"4";"TIMON";"21";"BARAJAS";"450428";"4480316";"40.472046513237736";"-3.5847993053542355";"";"";"";"/contenido/entidadesYorganismos/CentrosEspaciosDeporte/PistaBolosPetancaCalvaChito"
4557041;"Instalación Deportiva Municipal Básica Albaicín";"";"";"Pista de fútbol sala Pista de patinaje  Acceso libre.";"Consulta los siguientes enlaces.";"";"2";"http://www.madrid.es/sites/v/index.jsp?vgnextchannel=bfa48ab43d6bb410VgnVCM100000171f5a0aRCRD&vgnextoid=6e518d498a5e1110VgnVCM1000000b205a0aRCRD";"ALBAICIN";"CALLE";"V";"11";"";"";"";"";"MADRID";"MADRID";"28041";"2";"ORCASUR";"12";"USERA";"440384";"4468880";"40.36836562084534";"-3.7021875351971816";"";"";"";"/contenido/entidadesYorganismos/CentrosEspaciosDeporte/PistasPatinaje"
4557439;"Instalación Deportiva Municipal Básica Albaida";"";"";"Pista de patinaje  Acceso libre.";"Metro: Simancas (línea 7), San Blas (línea 7).";"";"0";"http://www.madrid.es/sites/v/index.jsp?vgnextchannel=bfa48ab43d6bb410VgnVCM100000171f5a0aRCRD&vgnextoid=040cbad143ae1110VgnVCM1000000b205a0aRCRD";"ALBAIDA";"CALLE";"V";"3";"";"";"";"PARQUE SAN BLAS";"MADRID";"MADRID";"28037";"2";"HELLIN";"20";"SAN BLAS-CANILLEJAS";"447392";"4475869";"40.43180082860601";"-3.620229552717278";"";"";"";"/contenido/entidadesYorganismos/CentrosEspaciosDeporte/PistasPatinaje"
4557476;"Instalación Deportiva Municipal Básica Alerce";"";"";"Pista polideportiva  Acceso libre.";"Consulta los siguientes enlaces.";"";"2";"http://www.madrid.es/sites/v/index.jsp?vgnextchannel=bfa48ab43d6bb410VgnVCM100000171f5a0aRCRD&vgnextoid=42ae586285ae1110VgnVCM1000000b205a0aRCRD";"ALERCE";"CALLE";"V";"31";"";"";"";"JUNTO M-40";"MADRID";"MADRID";"28041";"2";"ORCASUR";"12";"USERA";"440955";"4468510";"40.365063948772985";"-3.695446430865286";"";"";"";"/contenido/entidadesYorganismos/CentrosEspaciosDeporte/InstalacionesDeportivasBasicas"
4527220;"Instalación Deportiva Municipal Básica Alfonso XIII";"";"";"2 pistas de baloncesto 2 pistas de bolos y petanca Pista de patinaje  Acceso libre.";"Consulta los siguientes enlaces.";"";"2";"http://www.madrid.es/sites/v/index.jsp?vgnextchannel=bfa48ab43d6bb410VgnVCM100000171f5a0aRCRD&vgnextoid=ea63124827ee0110VgnVCM1000000b205a0aRCRD";"ALFONSO XIII";"AVENIDA";"V";"136";"";"";"";"";"MADRID";"MADRID";"28016";"5";"NUEVA ESPAÑA";"5";"CHAMARTIN";"443267";"4479019";"40.45991170957251";"-3.6691352169675935";"";"";"";"/contenido/entidadesYorganismos/CentrosEspaciosDeporte/PistaBolosPetancaCalvaChito"
4556014;"Instalación Deportiva Municipal Básica Alhaurín";"";"";"Pista de baloncesto 3 pistas de bolos y petanca Campo fútbol 7 de tierra Pista de patinaje  Acceso libre.";"Metro: Barajas (línea 8).";"";"1";"http://www.madrid.es/sites/v/index.jsp?vgnextchannel=bfa48ab43d6bb410VgnVCM100000171f5a0aRCRD&vgnextoid=acda62a9470e1110VgnVCM1000000b205a0aRCRD";"ALHAURIN";"CALLE";"V";"6";"";"";"";"";"MADRID";"MADRID";"28042";"4";"TIMON";"21";"BARAJAS";"450357";"4480479";"40.47351067334567";"-3.585649589064375";"";"";"";"/contenido/entidadesYorganismos/CentrosEspaciosDeporte/CamposEstadiosFutbol"
4542702;"Instalación Deportiva Municipal Básica Alicún";"";"";"Pista de baloncesto.  Acceso libre.";"Metro: Manoteras (línea 4).";"";"2";"http://www.madrid.es/sites/v/index.jsp?vgnextchannel=bfa48ab43d6bb410VgnVCM100000171f5a0aRCRD&vgnextoid=4c4d7e93dee61110VgnVCM1000000b205a0aRCRD";"ALICUN";"CALLE";"V";"24";"";"";"";"";"MADRID";"MADRID";"28033";"5";"APOSTOL SANTIAGO";"16";"HORTALEZA";"443944";"4481187";"40.47947157886463";"-3.6613616462578946";"";"";"";"/contenido/entidadesYorganismos/CentrosEspaciosDeporte/InstalacionesDeportivasBasicas"
4542003;"Instalación Deportiva Municipal Básica Aliseda";"";"";"Superficie: 700 metros cuadrados  Equipamientos: pista de fútbol sala  Acceso libre.";"Metro: San Francisco (línea 11).";"";"0";"http://www.madrid.es/sites/v/index.jsp?vgnextchannel=bfa48ab43d6bb410VgnVCM100000171f5a0aRCRD&vgnextoid=d5e92f9841a61110VgnVCM1000000b205a0aRCRD";"ALISEDA";"CALLE";"V";"17";"";"";"";"";"MADRID";"MADRID";"28025";"5";"PUERTA BONITA";"11";"CARABANCHEL";"437074";"4469890";"40.376222713974876";"-3.7418390163393913";"";"";"";"/contenido/entidadesYorganismos/CentrosEspaciosDeporte/PistaFutbolSala"
4548436;"Instalación Deportiva Municipal Básica Almudena";"";"";"Campo de fútbol césped artificial Pista polideportiva  Acceso controlado.";"Consulta los siguientes enlaces.";"";"0";"http://www.madrid.es/sites/v/index.jsp?vgnextchannel=bfa48ab43d6bb410VgnVCM100000171f5a0aRCRD&vgnextoid=b6ed945136891110VgnVCM1000000b205a0aRCRD";"NICOLAS SALMERON";"CALLE";"V";"6";"";"";"";"";"MADRID";"MADRID";"28017";"2";"PUEBLO NUEVO";"15";"CIUDAD LINEAL";"446553";"4474480";"40.419236307197934";"-3.6300020280201513";"";"";"";"/contenido/entidadesYorganismos/CentrosEspaciosDeporte/CamposEstadiosFutbol"
4542543;"Instalación Deportiva Municipal Básica Alonso Ezquerra Matamoros (San Martín de Porres)";"";"";"Campo de fútbol 11 césped artificial  Acceso controlado.";"Consulta los siguientes enlaces.";"";"0";"http://www.madrid.es/sites/v/index.jsp?vgnextchannel=bfa48ab43d6bb410VgnVCM100000171f5a0aRCRD&vgnextoid=417aa1c3a9e61110VgnVCM1000000b205a0aRCRD";"ARROYO VALDECELADA";"CALLE";"V";"24";"";"";"";"";"MADRID";"MADRID";"28019";"3";"SAN ISIDRO";"11";"CARABANCHEL";"437806";"4472221";"40.3982773382939";"-3.7328793680852774";"";"";"";"/contenido/entidadesYorganismos/CentrosEspaciosDeporte/CamposEstadiosFutbol"
6344681;"Instalación Deportiva Municipal Básica Alto del Retiro";"";"";"Pista baloncesto Pista calistenia Pista polideportiva   Acceso libre.";"Metro: Las Suertes (línea 1).";"";"2";"http://www.madrid.es/sites/v/index.jsp?vgnextchannel=bfa48ab43d6bb410VgnVCM100000171f5a0aRCRD&vgnextoid=5a7c2150461f5310VgnVCM1000000b205a0aRCRD";"ALTO DEL RETIRO";"CALLE";"V";"7";"";"";"";"";"MADRID";"MADRID";"28051";"3";"ENSANCHE DE VALLECAS";"18";"VILLA DE VALLECAS";"450120";"4468596";"40.368540424916404";"-3.591695083849996";"";"";"";"/contenido/entidadesYorganismos/CentrosEspaciosDeporte/Calistenia"
4556653;"Instalación Deportiva Municipal Básica Ambulatorio - El Paraíso";"";"";"2 pistas de baloncesto Pista de fútbol sala 5 pistas de petanca Skate park  Acceso libre.";"Metro: Simancas (línea 7).";"";"0";"http://www.madrid.es/sites/v/index.jsp?vgnextchannel=bfa48ab43d6bb410VgnVCM100000171f5a0aRCRD&vgnextoid=d0822414d35e1110VgnVCM1000000b205a0aRCRD";"AJOFRIN";"CALLE";"V";"2";"";"";"";"";"MADRID";"MADRID";"28037";"3";"AMPOSTA";"20";"SAN BLAS-CANILLEJAS";"446962";"4475166";"40.42544195258699";"-3.625234065727199";"";"";"";"/contenido/entidadesYorganismos/CentrosEspaciosDeporte/PistaBolosPetancaCalvaChito"
5695851;"Instalación Deportiva Municipal Básica Americio";"";"";"Pista de mini baloncesto 2 pistas de bolos y petanca  Acceso libre.";"Consulta los siguientes enlaces.";"";"0";"http://www.madrid.es/sites/v/index.jsp?vgnextchannel=bfa48ab43d6bb410VgnVCM100000171f5a0aRCRD&vgnextoid=061c880b0aab8210VgnVCM2000000c205a0aRCRD";"AMERICIO";"CALLE";"V";"2";"";"";"";"";"MADRID";"MADRID";"28021";"3";"BUTARQUE";"17";"VILLAVERDE";"442094";"4467591";"40.35687929183769";"-3.681931321506636";"";"";"";"/contenido/entidadesYorganismos/CentrosEspaciosDeporte/PistaBolosPetancaCalvaChito"
6310149;"Instalación Deportiva Municipal Básica Ana Tutor";"";"";"Pista de patinaje  Acceso libre.";"Metro: Avenida de la Ilustración (línea 7).";"";"0";"http://www.madrid.es/sites/v/index.jsp?vgnextchannel=bfa48ab43d6bb410VgnVCM100000171f5a0aRCRD&vgnextoid=bce62b6315d35310VgnVCM2000000c205a0aRCRD";"CARDENAL HERRERA ORIA";"AVENIDA";"V";"216";"";"";"";"";"MADRID";"MADRID";"28034";"6";"VALVERDE";"8";"FUENCARRAL-EL PARDO";"441817";"4482467";"40.49087287315406";"-3.6865580970863947";"";"";"";"/contenido/entidadesYorganismos/CentrosEspaciosDeporte/PistasPatinaje"
4584548;"Instalación Deportiva Municipal Básica Andévalo";"";"";"Pista de fútbol sala  Acceso libre.";"Consulta los siguientes enlaces.";"";"0";"http://www.madrid.es/sites/v/index.jsp?vgnextchannel=bfa48ab43d6bb410VgnVCM100000171f5a0aRCRD&vgnextoid=c8c6ed32dd2c2110VgnVCM1000000b205a0aRCRD";"ANDEVALO";"CALLE";"V";"6";"";"";"";"CUBIERTA P.A.R.";"MADRID";"MADRID";"28053";"1";"ENTREVIAS";"13";"PUENTE DE VALLECAS";"443273";"4469528";"40.374404666864585";"-3.668237382541929";"";"";"";"/contenido/entidadesYorganismos/CentrosEspaciosDeporte/PistaFutbolSala"
4547544;"Instalación Deportiva Municipal Básica Anfevi";"";"";"Pista polideportiva  Acceso libre.";"Metro: Artilleros (línea 9).";"";"0";"http://www.madrid.es/sites/v/index.jsp?vgnextchannel=bfa48ab43d6bb410VgnVCM100000171f5a0aRCRD&vgnextoid=3efff1c446391110VgnVCM2000000c205a0aRCRD";"HACIENDA DE PAVONES";"CALLE";"V";"119";"";"";"";"";"MADRID";"MADRID";"28030";"6";"VINATEROS";"14";"MORATALAZ";"445639";"4472648";"40.402673120888494";"-3.6406115727832327";"";"";"";"/contenido/entidadesYorganismos/CentrosEspaciosDeporte/InstalacionesDeportivasBasicas"
50262868;"Instalación Deportiva Municipal Básica Anfevi Pista de Patinaje";"";"";"Pista de hockey patines Pista de patinaje  Acceso libre.";"Metro: Artilleros (línea 9).";"";"0";"http://www.madrid.es/sites/v/index.jsp?vgnextchannel=bfa48ab43d6bb410VgnVCM100000171f5a0aRCRD&vgnextoid=7d26f392b3a1d910VgnVCM200000f921e388RCRD";"HACIENDA DE PAVONES";"CALLE";"V";"119";"";"";"";"";"MADRID";"MADRID";"28030";"6";"VINATEROS";"14";"MORATALAZ";"445639";"4472648";"40.402673120888494";"-3.6406115727832327";"";"";"";"/contenido/entidadesYorganismos/CentrosEspaciosDeporte/PistasPatinaje"
4527275;"Instalación Deportiva Municipal Básica Aniceto Marinas";"";"";"Pista de baloncesto  Acceso libre.";"Consulta los siguientes enlaces.";"";"0";"http://www.madrid.es/sites/v/index.jsp?vgnextchannel=bfa48ab43d6bb410VgnVCM100000171f5a0aRCRD&vgnextoid=20f7c57598ee0110VgnVCM1000000b205a0aRCRD";"ANICETO MARINAS";"CALLE";"V";"106";"";"";"";"";"MADRID";"MADRID";"28008";"1";"CASA DE CAMPO";"9";"MONCLOA-ARAVACA";"437775";"4475878";"40.43121588404326";"-3.7336179867525616";"";"";"";"/contenido/entidadesYorganismos/CentrosEspaciosDeporte/InstalacionesDeportivasBasicas"
4548451;"Instalación Deportiva Municipal Básica Antonio Pirala";"";"";"Pista de baloncesto 3x3  Pista de fútbol sala  Acceso libre.";"Metro: Ventas (línea 2 y 5), El Carmen (línea 5).";"";"0";"http://www.madrid.es/sites/v/index.jsp?vgnextchannel=bfa48ab43d6bb410VgnVCM100000171f5a0aRCRD&vgnextoid=70b945dbd6891110VgnVCM1000000b205a0aRCRD";"ANTONIO PIRALA";"CALLE";"V";"6";"";"";"";"CUBIERTA P.A.R.";"MADRID";"MADRID";"28017";"1";"VENTAS";"15";"CIUDAD LINEAL";"444053";"4475579";"40.42897434131819";"-3.659567913327571";"";"";"";"/contenido/entidadesYorganismos/CentrosEspaciosDeporte/PistaFutbolSala"
4557447;"Instalación Deportiva Municipal Básica Arcaute";"";"";"Pista polideportiva  Acceso libre.";"Consulta los siguientes enlaces.";"";"0";"http://www.madrid.es/sites/v/index.jsp?vgnextchannel=bfa48ab43d6bb410VgnVCM100000171f5a0aRCRD&vgnextoid=59b6957e54ae1110VgnVCM1000000b205a0aRCRD";"INVIERNO";"AVENIDA";"V";"1";"";"";"";"";"MADRID";"MADRID";"28022";"6";"REJAS";"20";"SAN BLAS-CANILLEJAS";"451093";"4477158";"40.443627672731296";"-3.576711464888384";"";"";"";"/contenido/entidadesYorganismos/CentrosEspaciosDeporte/PistaPolideportiva"
4556739;"Instalación Deportiva Municipal Básica Arcos de Jalón";"";"";"2 pistas de baloncesto Pista polideportiva Pista de patinaje Pista de voleibol  Acceso libre.";"Metro: San Blas (línea 7).";"";"0";"http://www.madrid.es/sites/v/index.jsp?vgnextchannel=bfa48ab43d6bb410VgnVCM100000171f5a0aRCRD&vgnextoid=352e8c86d45e1110VgnVCM1000000b205a0aRCRD";"ARCOS DE JALON";"CALLE";"V";"114";"";"";"";"CALLE ALBERICIA";"MADRID";"MADRID";"28037";"4";"ARCOS";"20";"SAN BLAS-CANILLEJAS";"447752";"4475031";"40.4242765757125";"-3.615912638187472";"";"";"";"/contenido/entidadesYorganismos/CentrosEspaciosDeporte/PistasPatinaje"
4670017;"Instalación Deportiva Municipal Básica Arequipa";"";"";"2 pistas de bolos y petanca  Acceso libre.";"Metro: Mar de Cristal (líneas 4 y 8).";"";"2";"http://www.madrid.es/sites/v/index.jsp?vgnextchannel=bfa48ab43d6bb410VgnVCM100000171f5a0aRCRD&vgnextoid=88e2d141f97c5110VgnVCM1000000b205a0aRCRD";"AREQUIPA";"CALLE";"V";"12";"";"";"";"";"MADRID";"MADRID";"28043";"3";"CANILLAS";"16";"HORTALEZA";"445828";"4479998";"40.468885518432465";"-3.6390339556431943";"";"";"";"/contenido/entidadesYorganismos/CentrosEspaciosDeporte/PistaBolosPetancaCalvaChito"
4543757;"Instalación Deportiva Municipal Básica Arganda";"";"";"Pista de fútbol sala  Acceso libre.";"Metro: Pirámides (línea 5).  Renfe: Pirámides (línea C1 y C10).";"";"0";"http://www.madrid.es/sites/v/index.jsp?vgnextchannel=bfa48ab43d6bb410VgnVCM100000171f5a0aRCRD&vgnextoid=4cd10cd0d5471110VgnVCM1000000b205a0aRCRD";"ARGANDA";"CALLE";"V";"1";"";"";"";"";"MADRID";"MADRID";"28005";"2";"ACACIAS";"2";"ARGANZUELA";"439828";"4472341";"40.39950851794598";"-3.709068182344469";"";"";"";"/contenido/entidadesYorganismos/CentrosEspaciosDeporte/PistaFutbolSala"
4580352;"Instalación Deportiva Municipal Básica Arjona";"";"";"Campo de fútbol 11 de césped artificial  Acceso controlado.";"Metro: Laguna (línea 6).  Renfe: Laguna (línea C5).";"";"0";"http://www.madrid.es/sites/v/index.jsp?vgnextchannel=bfa48ab43d6bb410VgnVCM100000171f5a0aRCRD&vgnextoid=01aef0716c2b2110VgnVCM1000000b205a0aRCRD";"CONCEJAL FRANCISCO JOSE JIMENEZ MARTIN";"CALLE";"V";"13";"";"";"";"";"MADRID";"MADRID";"28047";"1";"LOS CARMENES";"10";"LATINA";"437938";"4472727";"40.39974800021164";"-3.7500470206105767";"";"";"";"/contenido/entidadesYorganismos/CentrosEspaciosDeporte/CamposEstadiosFutbol"
6349189;"Instalación Deportiva Municipal Básica Arroyo Belincoso (Las Pilillas)";"";"";"Pista polideportiva  Acceso libre.";"Metro: Pavones, Vinateros (línea 9).";"";"0";"http://www.madrid.es/sites/v/index.jsp?vgnextchannel=bfa48ab43d6bb410VgnVCM100000171f5a0aRCRD&vgnextoid=e812bcfa0b606310VgnVCM1000000b205a0aRCRD";"DOCTOR GARCIA TAPIA";"AVENIDA";"V";"76";"";"";"";"";"MADRID";"MADRID";"28030";"3";"MARROQUINA";"14";"MORATALAZ";"444743";"4473697";"40.41206030334087";"-3.6512840783264453";"";"";"";"/contenido/entidadesYorganismos/CentrosEspaciosDeporte/InstalacionesDeportivasBasicas"
4643501;"Instalación Deportiva Municipal Básica Arroyo de Opañel";"";"";"Pista polideportiva  Acceso controlado.";"Metro: Plaza Elíptica (líneas 6 y 11).";"";"0";"http://www.madrid.es/sites/v/index.jsp?vgnextchannel=bfa48ab43d6bb410VgnVCM100000171f5a0aRCRD&vgnextoid=d06f941b73305110VgnVCM1000000b205a0aRCRD";"ARROYO OPAÑEL";"CALLE";"V";"7";"";"";"";"";"MADRID";"MADRID";"28019";"2";"OPAÑEL";"11";"CARABANCHEL";"439073";"4471106";"40.388326493991535";"-3.7178371121122527";"";"";"";"/contenido/entidadesYorganismos/CentrosEspaciosDeporte/InstalacionesDeportivasBasicas"
50327537;"Instalación Deportiva Municipal Básica Arroyo de Valdebebas";"";"";"Porterias y canastas en tierra  Acceso libre.";"Consulta los siguientes enlaces.";"";"2";"http://www.madrid.es/sites/v/index.jsp?vgnextchannel=bfa48ab43d6bb410VgnVCM100000171f5a0aRCRD&vgnextoid=8c076bfe7878e910VgnVCM100000891ecb1aRCRD";"";"";"V";"";"";"";"";"";"MADRID";"MADRID";"28043";"2";"PIOVERA";"16";"HORTALEZA";"";"";"40.501111347445715";"-3.623689003894757";"";"";"";"/contenido/entidadesYorganismos/CentrosEspaciosDeporte/CamposEstadiosFutbol"
50334482;"Instalación Deportiva Municipal Básica Arroyo de Valdebebas Calistenia I";"";"";"Parque de calistenia  Acceso libre.";"Consulta los siguientes enlaces.";"";"2";"http://www.madrid.es/sites/v/index.jsp?vgnextchannel=bfa48ab43d6bb410VgnVCM100000171f5a0aRCRD&vgnextoid=ff80383c830be910VgnVCM200000f921e388RCRD";"";"";"V";"";"";"";"";"";"MADRID";"MADRID";"28043";"2";"PIOVERA";"16";"HORTALEZA";"";"";"40.50061180569657";"-3.6216739482847444";"";"";"";"/contenido/entidadesYorganismos/CentrosEspaciosDeporte/Calistenia"
50334513;"Instalación Deportiva Municipal Básica Arroyo de Valdebebas Calistenia II";"";"";"Parque de calistenia  Acceso libre.";"Consulta los siguientes enlaces.";"";"2";"http://www.madrid.es/sites/v/index.jsp?vgnextchannel=bfa48ab43d6bb410VgnVCM100000171f5a0aRCRD&vgnextoid=b849172e150be910VgnVCM200000f921e388RCRD";"";"";"V";"";"";"";"";"";"MADRID";"MADRID";"28043";"2";"PIOVERA";"16";"HORTALEZA";"";"";"40.50061180569657";"-3.6216739482847444";"";"";"";"/contenido/entidadesYorganismos/CentrosEspaciosDeporte/Calistenia"
50334712;"Instalación Deportiva Municipal Básica Arroyo de Valdebebas Calistenia III";"";"";"Parque de calistenia  Acceso libre.";"Consulta los siguientes enlaces.";"";"2";"http://www.madrid.es/sites/v/index.jsp?vgnextchannel=bfa48ab43d6bb410VgnVCM100000171f5a0aRCRD&vgnextoid=a50e355bf80be910VgnVCM200000f921e388RCRD";"";"";"V";"";"";"";"";"";"MADRID";"MADRID";"28043";"2";"PIOVERA";"16";"HORTALEZA";"";"";"40.50037986210167";"-3.6041521712988938";"";"";"";"/contenido/entidadesYorganismos/CentrosEspaciosDeporte/Calistenia"
4547279;"Instalación Deportiva Municipal Básica Arturo Ruiz";"";"";"Pista de baloncesto cubierta 3 pistas de baloncesto 3x3 Campo de fútbol 11 de césped artificial Pista de fútbol sala de césped artificial  Acceso controlado.";"Metro: Avenida de la Ilustración, Peñagrande (línea 7).";"";"0";"http://www.madrid.es/sites/v/index.jsp?vgnextchannel=bfa48ab43d6bb410VgnVCM100000171f5a0aRCRD&vgnextoid=1b1898d6f7291110VgnVCM2000000c205a0aRCRD";"SANTIAGO DE COMPOSTELA";"CALLE";"V";"104";"";"";"";"c/v ISLA DE TABARCA";"MADRID";"MADRID";"28035";"3";"PEÑA GRANDE";"8";"FUENCARRAL-EL PARDO";"438898";"4480931";"40.476809546000716";"-3.7208537072021843";"";"";"";"/contenido/entidadesYorganismos/CentrosEspaciosDeporte/CamposEstadiosFutbol"
4560369;"Instalación Deportiva Municipal Básica Aster - Lirios";"";"";"Pista de fútbol sala  Acceso libre.";"Consulta los siguientes enlaces.";"";"2";"http://www.madrid.es/sites/v/index.jsp?vgnextchannel=bfa48ab43d6bb410VgnVCM100000171f5a0aRCRD&vgnextoid=844fcc390c802110VgnVCM1000000b205a0aRCRD";"ALFONSO XIII";"AVENIDA";"V";"126";"";"POSTERIOR";"";"";"MADRID";"MADRID";"28016";"4";"HISPANOAMERICA";"5";"CHAMARTIN";"443432";"4478852";"40.4584136629216";"-3.667177015228611";"";"";"";"/contenido/entidadesYorganismos/CentrosEspaciosDeporte/PistaFutbolSala"
5716920;"Instalación Deportiva Municipal Básica Auditorio de Chamartín";"";"";"Pista de baloncesto  Acceso libre.";"Metro: Cruz del Rayo (línea 9).";"";"2";"http://www.madrid.es/sites/v/index.jsp?vgnextchannel=bfa48ab43d6bb410VgnVCM100000171f5a0aRCRD&vgnextoid=f969f99d08129210VgnVCM1000000b205a0aRCRD";"JOAQUIN RODRIGO";"PLAZA";"V";"1";"";"";"";"";"MADRID";"MADRID";"28002";"";"CIUDAD JARDÍN";"";"CHAMARTIN";"442574";"4477426";"40.44549718316204";"-3.677183546596661";"";"";"";"/contenido/entidadesYorganismos/CentrosEspaciosDeporte/InstalacionesDeportivasBasicas"
4547666;"Instalación Deportiva Municipal Básica Auditorio de Moratalaz";"";"";"Pista de fútbol sala 2 tenis de mesa  Acceso libre.";"Metro: Pavones (línea 9).";"";"0";"http://www.madrid.es/sites/v/index.jsp?vgnextchannel=bfa48ab43d6bb410VgnVCM100000171f5a0aRCRD&vgnextoid=6f36c9ba6f391110VgnVCM2000000c205a0aRCRD";"HACIENDA DE PAVONES";"CALLE";"V";"209";"";"";"";"";"MADRID";"MADRID";"28030";"6";"VINATEROS";"14";"MORATALAZ";"445938";"4472508";"40.40142760716397";"-3.6370875655785446";"";"";"";"/contenido/entidadesYorganismos/CentrosEspaciosDeporte/PistaFutbolSala"
12035418;"Instalación Deportiva Municipal Básica Avenida General Perón";"";"";"Parque de calistenia  Acceso libre.";"Consulta los siguientes enlaces.";"";"2";"http://www.madrid.es/sites/v/index.jsp?vgnextchannel=bfa48ab43d6bb410VgnVCM100000171f5a0aRCRD&vgnextoid=886ffb355b3b8810VgnVCM2000001f4a900aRCRD";"GENERAL PERON";"AVENIDA";"V";"7";"";"";"";"Y 21";"MADRID";"MADRID";"28020";"2";"CUATRO CAMINOS";"6";"TETUAN";"440828";"4478289";"40.45315705633716";"-3.6978373156105904";"";"";"";"/contenido/entidadesYorganismos/CentrosEspaciosDeporte/Calistenia"
4548594;"Instalación Deportiva Municipal Básica Avenida de Brasil";"";"";"Pista de fútbol sala  Acceso libre.";"Metro: Cuzco (línea 10).";"";"2";"http://www.madrid.es/sites/v/index.jsp?vgnextchannel=bfa48ab43d6bb410VgnVCM100000171f5a0aRCRD&vgnextoid=55851b40e9891110VgnVCM2000000c205a0aRCRD";"BRASIL";"AVENIDA";"V";"19";"";"";"";"PARQUE AVENIDA DE BRASIL (SOBRE PARKING)";"MADRID";"MADRID";"28020";"3";"CASTILLEJOS";"6";"TETUAN";"441188";"4478749";"40.45732746079714";"-3.693648871749584";"";"";"";"/contenido/entidadesYorganismos/CentrosEspaciosDeporte/PistaFutbolSala"
11350944;"Instalación Deportiva Municipal Básica Avenida de Cerro Milano";"";"";"Pista de minibaloncesto Pista de minipitch  Acceso libre.";"Metro: Congosto (línea 1).";"";"2";"http://www.madrid.es/sites/v/index.jsp?vgnextchannel=bfa48ab43d6bb410VgnVCM100000171f5a0aRCRD&vgnextoid=c3ccd112cde58710VgnVCM1000001d4a900aRCRD";"CERRO MILANO";"AVENIDA";"V";"18";"";"";"";"";"MADRID";"MADRID";"28051";"3";"ENSANCHE DE VALLECAS";"18";"VILLA DE VALLECAS";"447920";"4468548";"40.36588534588442";"-3.613403621440493";"";"";"";"/contenido/entidadesYorganismos/CentrosEspaciosDeporte/CamposEstadiosFutbol"
4547674;"Instalación Deportiva Municipal Básica Avenida de Moratalaz - M30";"";"";"Pista de patinaje Pista de baloncesto 3 pistas de chito  Acceso libre.";"Metro: Estrella (línea 9).";"";"0";"http://www.madrid.es/sites/v/index.jsp?vgnextchannel=bfa48ab43d6bb410VgnVCM100000171f5a0aRCRD&vgnextoid=428ac1f812491110VgnVCM2000000c205a0aRCRD";"RAMON ARECES";"CALLE";"V";"1";"";"";"";"C/V CORREGIDOR DIEGO VALDERRÁBANO";"MADRID";"MADRID";"28030";"5";"FONTARRON";"14";"MORATALAZ";"443793";"4473253";"40.40799695992161";"-3.6624292972075247";"";"";"";"/contenido/entidadesYorganismos/CentrosEspaciosDeporte/PistaBolosPetancaCalvaChito"
5689074;"Instalación Deportiva Municipal Básica Avenida de Niza";"";"";"Pista de patinaje  Acceso libre.";"Consulta los siguientes enlaces.";"";"0";"http://www.madrid.es/sites/v/index.jsp?vgnextchannel=bfa48ab43d6bb410VgnVCM100000171f5a0aRCRD&vgnextoid=7ca06b71fa5a8210VgnVCM2000000c205a0aRCRD";"NIZA";"AVENIDA";"V";"27";"";"";"";"";"MADRID";"MADRID";"28022";"5";"ROSAS";"20";"SAN BLAS-CANILLEJAS";"448516";"4475536";"40.42887519334102";"-3.6069455876014773";"";"";"";"/contenido/entidadesYorganismos/CentrosEspaciosDeporte/PistasPatinaje"
11350990;"Instalación Deportiva Municipal Básica Avenida de las Suertes";"";"";"Pista de baloncesto Pista polideportiva  Acceso libre.";"Metro: Las Suertes (línea 1).";"";"0";"http://www.madrid.es/sites/v/index.jsp?vgnextchannel=bfa48ab43d6bb410VgnVCM100000171f5a0aRCRD&vgnextoid=b777d112cde58710VgnVCM1000001d4a900aRCRD";"LAS SUERTES";"AVENIDA";"V";"63";"";"";"";"";"MADRID";"MADRID";"28051";"3";"ENSANCHE DE VALLECAS";"18";"VILLA DE VALLECAS";"447796";"4469520";"40.36559128645836";"-3.5960998530112245";"";"";"";"/contenido/entidadesYorganismos/CentrosEspaciosDeporte/InstalacionesDeportivasBasicas"
11350970;"Instalación Deportiva Municipal Básica Avenida del Mediterráneo";"";"";"Pista de patinaje  Acceso libre.";"Renfe: Santa Eugenia (líneas C2, C7 y C8).";"";"2";"http://www.madrid.es/sites/v/index.jsp?vgnextchannel=bfa48ab43d6bb410VgnVCM100000171f5a0aRCRD&vgnextoid=7e52d112cde58710VgnVCM1000001d4a900aRCRD";"PUENTELARRA";"CALLE";"V";"2";"";"";"";"";"MADRID";"MADRID";"28031";"2";"SANTA EUGENIA";"18";"VILLA DE VALLECAS";"448498";"4470607";"40.38446715764587";"-3.606756279102067";"";"";"";"/contenido/entidadesYorganismos/CentrosEspaciosDeporte/PistasPatinaje"
4541420;"Instalación Deportiva Municipal Básica Ayacucho";"";"";"Pista de baloncesto  Acceso libre.";"Metro: Mar de Cristal (líneas 4 y 8).";"";"2";"http://www.madrid.es/sites/v/index.jsp?vgnextchannel=bfa48ab43d6bb410VgnVCM100000171f5a0aRCRD&vgnextoid=8fc5bca369a51110VgnVCM1000000b205a0aRCRD";"NEVADO DEL RUIZ";"CALLE";"V";"4";"";"";"";"CUBIERTA DEL P.A.R.";"MADRID";"MADRID";"28033";"4";"PINAR DEL REY";"16";"HORTALEZA";"446151";"4480133";"40.47013231871223";"-3.6352204712386973";"";"";"";"/contenido/entidadesYorganismos/CentrosEspaciosDeporte/InstalacionesDeportivasBasicas"
12009619;"Instalación Deportiva Municipal Básica Ayerbe";"";"";"Campo de futbol 11 césped artificial  Acceso controlado.";"Metro: El Capricho (línea 5).";"";"3";"http://www.madrid.es/sites/v/index.jsp?vgnextchannel=bfa48ab43d6bb410VgnVCM100000171f5a0aRCRD&vgnextoid=58fa9f50bc408810VgnVCM1000001d4a900aRCRD";"AYERBE";"CALLE";"V";"16";"";"";"";"";"MADRID";"MADRID";"28042";"2";"AEROPUERTO";"21";"BARAJAS";"450824";"4479888";"40.46821936653518";"-3.5800716594564053";"";"";"";"/contenido/entidadesYorganismos/CentrosEspaciosDeporte/CamposEstadiosFutbol"
12035452;"Instalación Deportiva Municipal Básica Azca";"";"";"Pista baloncesto 3x3   Acceso libre.";"";"";"2";"http://www.madrid.es/sites/v/index.jsp?vgnextchannel=bfa48ab43d6bb410VgnVCM100000171f5a0aRCRD&vgnextoid=6040fb355b3b8810VgnVCM2000001f4a900aRCRD";"PABLO RUIZ PICASSO";"PLAZA";"V";"1";"";"";"";"";"MADRID";"MADRID";"28020";"2";"CUATRO CAMINOS";"6";"TETUAN";"441298";"4477962";"40.45025334832397";"-3.69226701497804";"";"";"";"/contenido/entidadesYorganismos/CentrosEspaciosDeporte/InstalacionesDeportivasBasicas"
50255880;"Instalación Deportiva Municipal Básica BMX Parque Sur";"";"";"Pista de automodelismo Pista de BMX   Acceso libre.";"Metro: Abrantes , Pan Bendito (línea 11).";"";"0";"http://www.madrid.es/sites/v/index.jsp?vgnextchannel=bfa48ab43d6bb410VgnVCM100000171f5a0aRCRD&vgnextoid=54a4ba0c476ec910VgnVCM100000891ecb1aRCRD";"VIA LUSITANA";"CALLE";"V";"11";"";"";"";"PARQUE SUR";"MADRID";"MADRID";"28025";"7";"ABRANTES";"11";"CARABANCHEL";"438143";"4469914";"40.377521723306195";"-3.7286819312201716";"";"";"";"/contenido/entidadesYorganismos/CentrosEspaciosDeporte/CircuitoBMX"
4543101;"Instalación Deportiva Municipal Básica Bacares (fútbol)";"";"";"Pista de fútbol sala Pista de minibaloncesto Pista de patinaje Pista de skate Pista de voleibol  Acceso libre.";"Metro: Manoteras (línea 4).";"";"2";"http://www.madrid.es/sites/v/index.jsp?vgnextchannel=bfa48ab43d6bb410VgnVCM100000171f5a0aRCRD&vgnextoid=b9ed7874b8f61110VgnVCM1000000b205a0aRCRD";"BACARES";"CALLE";"V";"27";"";"";"";"";"MADRID";"MADRID";"28033";"5";"APOSTOL SANTIAGO";"16";"HORTALEZA";"443734";"4480962";"40.47743047451657";"-3.663819108324953";"";"";"";"/contenido/entidadesYorganismos/CentrosEspaciosDeporte/PistasPatinaje"
4556115;"Instalación Deportiva Municipal Básica Bahía de Santander II";"";"";"Pista de fútbol sala  Acceso libre.";"Consulta los siguientes enlaces.";"";"1";"http://www.madrid.es/sites/v/index.jsp?vgnextchannel=bfa48ab43d6bb410VgnVCM100000171f5a0aRCRD&vgnextoid=660c90270a0e1110VgnVCM1000000b205a0aRCRD";"BAHIA DE SANTANDER";"CALLE";"V";"64";"";"";"";"";"MADRID";"MADRID";"28042";"5";"CORRALEJOS";"21";"BARAJAS";"449627";"4479571";"40.46527791543298";"-3.594188775058509";"";"";"";"/contenido/entidadesYorganismos/CentrosEspaciosDeporte/PistaFutbolSala"
50320722;"Instalación Deportiva Municipal Básica Barras en Madrid Rio bajo Puente Praga";"";"";"Parque de calistenia  Acceso libre.";"Consulta los siguientes enlaces.";"";"2";"http://www.madrid.es/sites/v/index.jsp?vgnextchannel=bfa48ab43d6bb410VgnVCM100000171f5a0aRCRD&vgnextoid=ddfcbe12d736e910VgnVCM200000f921e388RCRD";"PRAGA";"PUENTE";"V";"";"";"";"";"";"MADRID";"MADRID";"";"";"";"";"USERA";"440238";"4471890";"40.394620675971765";"-3.7046735101162174";"";"";"";"/contenido/entidadesYorganismos/CentrosEspaciosDeporte/Calistenia"
4541265;"Instalación Deportiva Municipal Básica Barrio El Querol - Spartac de Manoteras";"";"";"Campo de fútbol 11 césped artificial  Acceso controlado.";"Consulta los siguientes enlaces.";"";"2";"http://www.madrid.es/sites/v/index.jsp?vgnextchannel=bfa48ab43d6bb410VgnVCM100000171f5a0aRCRD&vgnextoid=9509f65195a51110VgnVCM1000000b205a0aRCRD";"TIJOLA";"CALLE";"V";"1";"";"";"";"";"MADRID";"MADRID";"28033";"5";"APOSTOL SANTIAGO";"16";"HORTALEZA";"444121";"4481332";"40.480800850285206";"-3.659267661643925";"";"";"";"/contenido/entidadesYorganismos/CentrosEspaciosDeporte/CamposEstadiosFutbol"
4561081;"Instalación Deportiva Municipal Básica Barrio Goya";"";"";"Campo de fútbol 11 césped artificial Campo de minipitch césped artificial (fútbol 3x3)  Acceso controlado.";"Consulta los siguientes enlaces.";"";"0";"http://www.madrid.es/sites/v/index.jsp?vgnextchannel=bfa48ab43d6bb410VgnVCM100000171f5a0aRCRD&vgnextoid=e904184a5b902110VgnVCM1000000b205a0aRCRD";"CAPRICHOS";"AVENIDA";"V";"16";"";"";"";"";"MADRID";"MADRID";"28011";"1";"LOS CARMENES";"10";"LATINA";"438018";"4472954";"40.4048996230254";"-3.730445253730882";"";"";"";"/contenido/entidadesYorganismos/CentrosEspaciosDeporte/CamposEstadiosFutbol"
4547653;"Instalación Deportiva Municipal Básica Barrio IV";"";"";"Pista polideportiva  Acceso libre.";"Metro: Pavones (línea 9).";"";"0";"http://www.madrid.es/sites/v/index.jsp?vgnextchannel=bfa48ab43d6bb410VgnVCM100000171f5a0aRCRD&vgnextoid=945663952e391110VgnVCM2000000c205a0aRCRD";"LUIS DE HOYOS SAINZ";"CALLE";"V";"150";"";"";"";"";"MADRID";"MADRID";"28030";"1";"PAVONES";"14";"MORATALAZ";"446197";"4472651";"40.40272360732888";"-3.6340475890184556";"";"";"";"/contenido/entidadesYorganismos/CentrosEspaciosDeporte/InstalacionesDeportivasBasicas"
12030154;"Instalación Deportiva Municipal Básica Barrio de Las Cárcavas - Aurora Redondo";"";"";"Campo fútbol 11 césped artificial  Acceso controlado.";"Consulta los siguientes enlaces.";"";"0";"http://www.madrid.es/sites/v/index.jsp?vgnextchannel=bfa48ab43d6bb410VgnVCM100000171f5a0aRCRD&vgnextoid=ce4c275562b88810VgnVCM2000001f4a900aRCRD";"RAFAELA APARICIO";"CALLE";"V";"3";"";"";"";"";"MADRID";"MADRID";"28055";"6";"VALDEFUENTES";"16";"HORTALEZA";"446467";"4481149";"40.479310091721416";"-3.6315762313926756";"";"";"";"/contenido/entidadesYorganismos/CentrosEspaciosDeporte/CamposEstadiosFutbol"
6308361;"Instalación Deportiva Municipal Básica Barrio de Santa Ana - Andrés Navarrete";"";"";"Pista de bolos y petanca Campo de fútbol 11 de césped artificial Campo de fútbol 7 de césped artificial  Acceso controlado.";"Metro: Fuencarral (línea 10).";"";"0";"http://www.madrid.es/sites/v/index.jsp?vgnextchannel=bfa48ab43d6bb410VgnVCM100000171f5a0aRCRD&vgnextoid=f876d9359e735310VgnVCM2000000c205a0aRCRD";"HOSPITALET DE LLOBREGAT";"CALLE";"V";"11";"";"";"";"";"MADRID";"MADRID";"28034";"6";"VALVERDE";"8";"FUENCARRAL-EL PARDO";"441133";"4482878";"40.49452475361937";"-3.6946653699300733";"";"";"";"/contenido/entidadesYorganismos/CentrosEspaciosDeporte/CamposEstadiosFutbol"
4555292;"Instalación Deportiva Municipal Básica Barrio del Aeropuerto";"";"";"Pista de baloncesto Pista de bolos y petanca Circuito de vida Pista de fútbol sala Parque de calistenia 2 tenis de mesa  Acceso libre.";"Metro: El Capricho , Alameda de Osuna (línea 5).";"";"1";"http://www.madrid.es/sites/v/index.jsp?vgnextchannel=bfa48ab43d6bb410VgnVCM100000171f5a0aRCRD&vgnextoid=43ea70af27fd1110VgnVCM1000000b205a0aRCRD";"MEDINA DE POMAR";"CALLE";"V";"1";"";"";"";"";"MADRID";"MADRID";"28042";"2";"AEROPUERTO";"21";"BARAJAS";"450444";"4478002";"40.45120159850761";"-3.5844180853262886";"";"";"";"/contenido/entidadesYorganismos/CentrosEspaciosDeporte/CircuitoVida"
4549165;"Instalación Deportiva Municipal Básica Baterías - Barrio Alegría";"";"";"Pista de fútbol sala Pista de baloncesto Pista de patinaje  Acceso libre.";"Metro: Barrio de la Concepción (línea 7).";"";"0";"http://www.madrid.es/sites/v/index.jsp?vgnextchannel=bfa48ab43d6bb410VgnVCM100000171f5a0aRCRD&vgnextoid=9d2677e116d91110VgnVCM1000000b205a0aRCRD";"BATERIAS";"CALLE";"V";"6";"";"";"";"";"MADRID";"MADRID";"28027";"4";"LA CONCEPCION";"15";"CIUDAD LINEAL";"444985";"4476948";"40.44137028368946";"-3.6486988769231083";"";"";"";"/contenido/entidadesYorganismos/CentrosEspaciosDeporte/PistasPatinaje"
4642682;"Instalación Deportiva Municipal Básica Belzunegui";"";"";"Pista de baloncesto  Acceso libre.";"Metro: San Francisco , Pan Bendito (línea 11).";"";"0";"http://www.madrid.es/sites/v/index.jsp?vgnextchannel=bfa48ab43d6bb410VgnVCM100000171f5a0aRCRD&vgnextoid=a6649adbecef4110VgnVCM1000000b205a0aRCRD";"BELZUNEGUI";"CALLE";"V";"2";"";"";"";"";"MADRID";"MADRID";"28025";"5";"PUERTA BONITA";"11";"CARABANCHEL";"437224";"4469742";"40.37589834672166";"-3.7394865636709618";"";"";"";"/contenido/entidadesYorganismos/CentrosEspaciosDeporte/InstalacionesDeportivasBasicas"
12009870;"Instalación Deportiva Municipal Básica Bike Park BMX";"";"";"Pista BMX  Pista BMX pump track  Acceso libre.";"Metro: El Capricho (línea 5).";"";"1";"http://www.madrid.es/sites/v/index.jsp?vgnextchannel=bfa48ab43d6bb410VgnVCM100000171f5a0aRCRD&vgnextoid=ad2ecb9390508810VgnVCM2000001f4a900aRCRD";"MISTRAL";"CALLE";"V";"53";"";"";"";"FRENTE AL 39";"MADRID";"MADRID";"28042";"4";"TIMON";"21";"BARAJAS";"449552";"4480174";"40.47072013500581";"-3.595107085710263";"";"";"";"/contenido/entidadesYorganismos/CentrosEspaciosDeporte/CircuitoBMX"
50263129;"Instalación Deportiva Municipal Básica Bike Park Cuña Verde";"";"";"Pista de BMX   Acceso controlado.";"Consulta los siguientes enlaces.";"";"0";"http://www.madrid.es/sites/v/index.jsp?vgnextchannel=bfa48ab43d6bb410VgnVCM100000171f5a0aRCRD&vgnextoid=fe5f1a2fc9a1d910VgnVCM200000f921e388RCRD";"FUENTE CARRANTONA";"CALLE";"V";"61";"";"";"";"";"MADRID";"MADRID";"28030";"3";"MARROQUINA";"14";"MORATALAZ";"446635";"4473699";"40.41220664353713";"-3.628972354235786";"";"";"";"/contenido/entidadesYorganismos/CentrosEspaciosDeporte/CircuitoBMX"
52832;"Instalación Deportiva Municipal Básica Boston";"";"";"1 pista polideportiva cubierta  2 tenis de mesa  Acceso controlado.";"Metro: Parque de las Avenidas (línea 7).";"";"1";"http://www.madrid.es/sites/v/index.jsp?vgnextchannel=bfa48ab43d6bb410VgnVCM100000171f5a0aRCRD&vgnextoid=9386395961e4f010VgnVCM2000000c205a0aRCRD";"BOSTON";"CALLE";"V";"1";"";"";"";"CUBIERTA DEL P.A.R.";"MADRID";"MADRID";"28028";"4";"GUINDALERA";"4";"SALAMANCA";"443456";"4476508";"40.43729691048299";"-3.6666902012771763";"";"";"cdbreogan@gmail.com";"/contenido/entidadesYorganismos/CentrosEspaciosDeporte/InstalacionesDeportivasBasicas"
5940746;"Instalación Deportiva Municipal Básica Briviesca";"";"";"Pista de baloncesto  Acceso libre.";"Metro: Pinar de Chamartín (líneas 1 y 4).";"";"0";"http://www.madrid.es/sites/v/index.jsp?vgnextchannel=bfa48ab43d6bb410VgnVCM100000171f5a0aRCRD&vgnextoid=5cbb9256c6bed210VgnVCM1000000b205a0aRCRD";"BRIVIESCA";"CALLE";"V";"4";"";"";"";"";"MADRID";"MADRID";"28033";"9";"COSTILLARES";"15";"CIUDAD LINEAL";"443503";"4481453";"40.48183793645468";"-3.6665879427690853";"";"";"";"/contenido/entidadesYorganismos/CentrosEspaciosDeporte/InstalacionesDeportivasBasicas"
4548441;"Instalación Deportiva Municipal Básica Brujas";"";"";"Pista de fútbol sala  Acceso libre.";"Metro: Pavones (línea 9).";"";"0";"http://www.madrid.es/sites/v/index.jsp?vgnextchannel=bfa48ab43d6bb410VgnVCM100000171f5a0aRCRD&vgnextoid=6a1a83dbd6891110VgnVCM2000000c205a0aRCRD";"HACIENDA DE PAVONES";"CALLE";"V";"356";"";"";"";"";"MADRID";"MADRID";"28030";"1";"PAVONES";"14";"MORATALAZ";"446741";"4472193";"40.39864418597191";"-3.6275971529980744";"";"";"";"/contenido/entidadesYorganismos/CentrosEspaciosDeporte/PistaFutbolSala"
50263137;"Instalación Deportiva Municipal Básica Brujas Atletismo";"";"";"Pista de atletismo  Acceso libre.";"Consulta los siguientes enlaces.";"";"0";"http://www.madrid.es/sites/v/index.jsp?vgnextchannel=bfa48ab43d6bb410VgnVCM100000171f5a0aRCRD&vgnextoid=c1861a2fc9a1d910VgnVCM200000f921e388RCRD";"DOCTOR GARCIA TAPIA";"AVENIDA";"V";"232";"";"";"";"";"MADRID";"MADRID";"28030";"1";"PAVONES";"14";"MORATALAZ";"446943";"4473007";"40.40599374520822";"-3.625279164002531";"";"";"";"/contenido/entidadesYorganismos/CentrosEspaciosDeporte/PistasAtletismo"
6288965;"Instalación Deportiva Municipal Básica Brunete";"";"";"Pista de baloncesto Pista polideportiva (marcaje fútbol sala y 4 pickleball)  Acceso libre.";"Metro: Lacoma (línea 7).";"";"0";"http://www.madrid.es/sites/v/index.jsp?vgnextchannel=bfa48ab43d6bb410VgnVCM100000171f5a0aRCRD&vgnextoid=1be011a8111d4310VgnVCM2000000c205a0aRCRD";"BRUNETE";"CALLE";"V";"1";"";"";"";"";"MADRID";"MADRID";"28048";"1";"EL PARDO";"8";"FUENCARRAL-EL PARDO";"434449";"4485393";"40.516672960212716";"-3.773795776219611";"";"";"";"/contenido/entidadesYorganismos/CentrosEspaciosDeporte/PistaPickleball"
4541536;"Instalación Deportiva Municipal Básica Burgo de Osma";"";"";"Pista polideportiva  Acceso libre.";"Consulta los siguientes enlaces.";"";"2";"http://www.madrid.es/sites/v/index.jsp?vgnextchannel=bfa48ab43d6bb410VgnVCM100000171f5a0aRCRD&vgnextoid=46793331bca51110VgnVCM1000000b205a0aRCRD";"BURGO DE OSMA";"CALLE";"V";"5";"";"";"";"CUBIERTA DE P.A.R.";"MADRID";"MADRID";"28033";"5";"APOSTOL SANTIAGO";"16";"HORTALEZA";"443836";"4480028";"40.46902347728972";"-3.6625331191321413";"";"";"";"/contenido/entidadesYorganismos/CentrosEspaciosDeporte/InstalacionesDeportivasBasicas"
4546485;"Instalación Deportiva Municipal Básica Burgos";"";"";"7 pistas de pádel  Acceso controlado.";"Metro: Bambú (línea 1).";"";"0";"http://www.madrid.es/sites/v/index.jsp?vgnextchannel=bfa48ab43d6bb410VgnVCM100000171f5a0aRCRD&vgnextoid=4b781021e8d81110VgnVCM1000000b205a0aRCRD";"BURGOS";"AVENIDA";"V";"18";"";"";"";"";"MADRID";"MADRID";"28036";"6";"CASTILLA";"5";"CHAMARTIN";"442734";"4480794";"40.4758640417365";"-3.6755842361694255";"";"";"";"/contenido/entidadesYorganismos/CentrosEspaciosDeporte/PistasPadel"
50267402;"Instalación Deportiva Municipal Básica Butarque";"";"";"Pista polideportiva Pista de skate Parque de calistenia  Acceso libre.";"Renfe: San Cristóbal de los Ángeles (línea C3).";"";"0";"http://www.madrid.es/sites/v/index.jsp?vgnextchannel=bfa48ab43d6bb410VgnVCM100000171f5a0aRCRD&vgnextoid=0fb44c4ea4e2d910VgnVCM200000f921e388RCRD";"BERROCAL";"CALLE";"V";"80";"";"";"";"";"MADRID";"MADRID";"28021";"3";"BUTARQUE";"17";"VILLAVERDE";"442094";"4467591";"40.33912414754847";"-3.6749636455988153";"";"";"";"/contenido/entidadesYorganismos/CentrosEspaciosDeporte/Calistenia"
12038100;"Instalación Deportiva Municipal Básica C.F. El Pozo";"";"";"Campo de fútbol 11 césped artificial  Acceso controlado.";"Consulta los siguientes enlaces.";"";"2";"http://www.madrid.es/sites/v/index.jsp?vgnextchannel=bfa48ab43d6bb410VgnVCM100000171f5a0aRCRD&vgnextoid=424a11cae53c8810VgnVCM1000001d4a900aRCRD";"REGUERA DE TOMATEROS";"CALLE";"V";"103";"";"";"";"";"MADRID";"MADRID";"28053";"1";"ENTREVIAS";"13";"PUENTE DE VALLECAS";"444098";"4469032";"40.36999628002679";"-3.658463476211585";"";"";"";"/contenido/entidadesYorganismos/CentrosEspaciosDeporte/CamposEstadiosFutbol"
12032641;"Instalación Deportiva Municipal Básica C.F. Moscardó - Estadio Román Valero";"";"";"Campo fútbol 11 césped artificial Pista polideportiva  Acceso controlado.";"Consulta los siguientes enlaces.";"";"2";"http://www.madrid.es/sites/v/index.jsp?vgnextchannel=bfa48ab43d6bb410VgnVCM100000171f5a0aRCRD&vgnextoid=1cd2ac5a40a98810VgnVCM2000001f4a900aRCRD";"ANDRES ARTEAGA";"CALLE";"V";"3";"";"";"";"";"MADRID";"MADRID";"28026";"5";"MOSCARDO";"12";"USERA";"440077";"4471192";"40.38917382160825";"-3.7060246130597516";"";"";"";"/contenido/entidadesYorganismos/CentrosEspaciosDeporte/CamposEstadiosFutbol"
4663799;"Instalación Deportiva Municipal Básica C.P. Aragón";"";"";"Campo de fútbol 11 césped artificial  Acceso controlado.";"Metro: Miguel Hernández (línea 1).";"";"2";"http://www.madrid.es/sites/v/index.jsp?vgnextchannel=bfa48ab43d6bb410VgnVCM100000171f5a0aRCRD&vgnextoid=cba58203c8485110VgnVCM1000000b205a0aRCRD";"ANTONIO MAIRENA";"CALLE";"V";"23";"";"";"";"";"MADRID";"MADRID";"28038";"4";"PALOMERAS SURESTE";"13";"PUENTE DE VALLECAS";"445807";"4471433";"40.39173622231404";"-3.638534214819895";"";"";"";"/contenido/entidadesYorganismos/CentrosEspaciosDeporte/CamposEstadiosFutbol"
4542012;"Instalación Deportiva Municipal Básica Calanda";"";"";"Pista de chito  Acceso libre.";"Metro: Esperanza (línea 4).";"";"0";"http://www.madrid.es/sites/v/index.jsp?vgnextchannel=bfa48ab43d6bb410VgnVCM100000171f5a0aRCRD&vgnextoid=d7132f9841a61110VgnVCM1000000b205a0aRCRD";"CALANDA";"CALLE";"V";"30";"";"";"";"CUBIERTA DEL P.A.R.";"MADRID";"MADRID";"28043";"3";"CANILLAS";"16";"HORTALEZA";"445615";"4479285";"40.46246051111333";"-3.6414728951814523";"";"";"";"/contenido/entidadesYorganismos/CentrosEspaciosDeporte/PistaBolosPetancaCalvaChito"
5940802;"Instalación Deportiva Municipal Básica Caleruega";"";"";"Pista de baloncesto  Acceso libre.";"Metro: Pinar de Chamartín (líneas 1 y 4).";"";"0";"http://www.madrid.es/sites/v/index.jsp?vgnextchannel=bfa48ab43d6bb410VgnVCM100000171f5a0aRCRD&vgnextoid=be549256c6bed210VgnVCM1000000b205a0aRCRD";"CALERUEGA";"CALLE";"V";"52";"";"";"";"";"MADRID";"MADRID";"28033";"9";"COSTILLARES";"15";"CIUDAD LINEAL";"443078";"4481370";"40.48107021761235";"-3.6715945896476194";"";"";"";"/contenido/entidadesYorganismos/CentrosEspaciosDeporte/InstalacionesDeportivasBasicas"
50257798;"Instalación Deportiva Municipal Básica Caleruega - Arte";"";"";"Pista de baloncesto  Acceso libre.";"Metro: Pinar de Chamartín (líneas 1 y 4).";"";"0";"http://www.madrid.es/sites/v/index.jsp?vgnextchannel=bfa48ab43d6bb410VgnVCM100000171f5a0aRCRD&vgnextoid=d38cbf66f96fc910VgnVCM200000f921e388RCRD";"CALERUEGA";"CALLE";"V";"65";"";"";"";"C/V CALLE ARTE";"MADRID";"MADRID";"28033";"9";"COSTILLARES";"15";"CIUDAD LINEAL";"443124";"4481370";"40.4822696515147";"-3.6713623410192078";"";"";"";"/contenido/entidadesYorganismos/CentrosEspaciosDeporte/InstalacionesDeportivasBasicas"
50262524;"Instalación Deportiva Municipal Básica Calistenia El OG";"";"";"Parque de calistenia  Acceso libre.";"Consulta los siguientes enlaces.";"";"0";"http://www.madrid.es/sites/v/index.jsp?vgnextchannel=bfa48ab43d6bb410VgnVCM100000171f5a0aRCRD&vgnextoid=c6104b9d7b91d910VgnVCM200000f921e388RCRD";"VIRGEN DE LOS ROSALES";"CALLE";"V";"38";"";"";"";"";"MADRID";"MADRID";"28023";"7";"ARAVACA";"9";"MONCLOA-ARAVACA";"434215";"4478410";"40.45375162897784";"-3.7758266599231463";"";"";"";"/contenido/entidadesYorganismos/CentrosEspaciosDeporte/Calistenia"
50308096;"Instalación Deportiva Municipal Básica Calistenia Madrid Río bajo Puente Princesa";"";"";"Parque de calistenia  Acceso libre.";"Metro: Legazpi (línea 3 y 6).";"";"0";"http://www.madrid.es/sites/v/index.jsp?vgnextchannel=bfa48ab43d6bb410VgnVCM100000171f5a0aRCRD&vgnextoid=2906317b0c61e910VgnVCM100000891ecb1aRCRD";"PRINCESA";"PUENTE";"V";"";"";"";"";"";"MADRID";"MADRID";"";"2";"LEGAZPI";"";"ARGANZUELA";"440699";"4471130";"40.38937504733572";"-3.6978934032648865";"";"";"";"/contenido/entidadesYorganismos/CentrosEspaciosDeporte/Calistenia"
50245814;"Instalación Deportiva Municipal Básica Calistenia Paseo Fernán Núñez en el Retiro";"";"";"Parque de calistenia  Acceso libre.";"Metro: Retiro (línea 2).";"";"0";"http://www.madrid.es/sites/v/index.jsp?vgnextchannel=bfa48ab43d6bb410VgnVCM100000171f5a0aRCRD&vgnextoid=5c4180c556dbc910VgnVCM200000f921e388RCRD";"FERNAN NUÑEZ";"PASEO";"V";"2";"";"";"";"";"MADRID";"MADRID";"28009";"5";"LOS JERONIMOS";"3";"RETIRO";"441779";"4473428";"40.40943553041206";"-3.686175312020304";"";"";"";"/contenido/entidadesYorganismos/CentrosEspaciosDeporte/Calistenia"
50245818;"Instalación Deportiva Municipal Básica Calistenia Plaza del Ángel Caído en el Retiro";"";"";"Parque de calistenia  Acceso libre.";"Metro: Estación del Arte (línea 1).";"";"0";"http://www.madrid.es/sites/v/index.jsp?vgnextchannel=bfa48ab43d6bb410VgnVCM100000171f5a0aRCRD&vgnextoid=84d280c556dbc910VgnVCM200000f921e388RCRD";"CALISTENIA GLORIETA DEL ANGEL CAIDO";"INST. DEPORTIVA BASICA";"T";"";"";"";"";"";"MADRID";"MADRID";"";"";"";"";"DISTRITO";"442072";"4473529";"40.41036564140166";"-3.682733272839322";"";"";"";"/contenido/entidadesYorganismos/CentrosEspaciosDeporte/Calistenia"
50266942;"Instalación Deportiva Municipal Básica Calistenia calle Mazaterón";"";"";"Parque de calistenia  Acceso libre.";"Consulta los siguientes enlaces.";"";"2";"http://www.madrid.es/sites/v/index.jsp?vgnextchannel=bfa48ab43d6bb410VgnVCM100000171f5a0aRCRD&vgnextoid=2bc4ae28ff92d910VgnVCM100000891ecb1aRCRD";"MAZATERON";"CALLE";"V";"11";"";"";"";"";"MADRID";"MADRID";"28051";"3";"ENSANCHE DE VALLECAS";"18";"VILLA DE VALLECAS";"448213";"4469878";"40.377884040619215";"-3.6100552868828117";"";"";"";"/contenido/entidadesYorganismos/CentrosEspaciosDeporte/Calistenia"
50313646;"Instalación Deportiva Municipal Básica Calles de Atletismo";"";"";"3 calles de 150 m de atletismo  Acceso libre.";"Metro: Barrio del Pilar (línea 9).";"";"0";"http://www.madrid.es/sites/v/index.jsp?vgnextchannel=bfa48ab43d6bb410VgnVCM100000171f5a0aRCRD&vgnextoid=76c8ad3930b3e910VgnVCM100000891ecb1aRCRD";"VAGUADA";"PASEO";"V";"1";"";"";"";"";"MADRID";"MADRID";"28034";"6";"VALVERDE";"8";"FUENCARRAL-EL PARDO";"441817";"4482467";"40.48143709731342";"-3.7066059324636784";"";"";"";"/contenido/entidadesYorganismos/CentrosEspaciosDeporte/PistasAtletismo"
4545202;"Instalación Deportiva Municipal Básica Camino Viejo de Leganés";"";"";"Pista polideportiva  Acceso libre.";"Metro: Abrantes (línea 11).";"";"0";"http://www.madrid.es/sites/v/index.jsp?vgnextchannel=bfa48ab43d6bb410VgnVCM100000171f5a0aRCRD&vgnextoid=4c8cea3c8dd71110VgnVCM1000000b205a0aRCRD";"CAMINO VIEJO DE LEGANES";"CALLE";"V";"";"";"";"";"CUBIERTA P.A.R.";"MADRID";"MADRID";"28025";"5";"PUERTA BONITA";"11";"CARABANCHEL";"437922";"4470323";"40.38039414881359";"-3.731673573816647";"";"";"";"/contenido/entidadesYorganismos/CentrosEspaciosDeporte/InstalacionesDeportivasBasicas"
4540130;"Instalación Deportiva Municipal Básica Camino de la Suerte";"";"";"Campo de fútbol 11 de césped artificial Campo de fútbol 7 de tierra Campo futbol 3x3 césped artificial  Acceso controlado.";"Metro: Congosto (línea 1).";"";"0";"http://www.madrid.es/sites/v/index.jsp?vgnextchannel=bfa48ab43d6bb410VgnVCM100000171f5a0aRCRD&vgnextoid=9a6fd908b7551110VgnVCM1000000b205a0aRCRD";"SUERTE";"CAMINO";"V";"25";"";"";"";"";"MADRID";"MADRID";"28031";"1";"CASCO H.VALLECAS";"18";"VILLA DE VALLECAS";"447596";"4469654";"40.375813783817236";"-3.617327043456161";"";"";"";"/contenido/entidadesYorganismos/CentrosEspaciosDeporte/CamposEstadiosFutbol"
12037406;"Instalación Deportiva Municipal Básica Campo Azul";"";"";"Pista polideportiva  Acceso libre.";"Metro: Buenos Aires, Alto del Arenal (línea 1).";"";"0";"http://www.madrid.es/sites/v/index.jsp?vgnextchannel=bfa48ab43d6bb410VgnVCM100000171f5a0aRCRD&vgnextoid=19cee510c8eb8810VgnVCM2000001f4a900aRCRD";"GOLFO DE DARIEN";"CALLE";"V";"14";"";"";"";"";"MADRID";"MADRID";"28018";"5";"PORTAZGO";"13";"PUENTE DE VALLECAS";"444693";"4470469";"40.38298224198287";"-3.6515697924665176";"";"";"";"/contenido/entidadesYorganismos/CentrosEspaciosDeporte/InstalacionesDeportivasBasicas"
12121222;"Instalación Deportiva Municipal Básica Campo de Rugby Las Leonas (Dirección General de Deporte)";"";"Horario de actividades: de lunes a viernes, de 17 a 21 horas y fines de semana, de 9 a 18 horas. Horario de Escuela Flag: lunes y miércoles de 17 a 19 horas. Verano: a consultar.";"Campo de rugby césped artificial Campo de rugby base césped artificial  Acceso controlado.";"Metro: Valdecarros (línea 1).";"";"2";"http://www.madrid.es/sites/v/index.jsp?vgnextchannel=bfa48ab43d6bb410VgnVCM100000171f5a0aRCRD&vgnextoid=47e31456089fa810VgnVCM1000001d4a900aRCRD";"ARTE HIPERREALISTA";"CALLE";"V";"3";"";"";"";"";"MADRID";"MADRID";"28051";"3";"ENSANCHE DE VALLECAS";"18";"VILLA DE VALLECAS";"450077";"4467674";"40.35813698874226";"-3.587927933281781";"";"";"";"/contenido/entidadesYorganismos/CentrosEspaciosDeporte"
12032776;"Instalación Deportiva Municipal Básica Campo de Rugby Orcasitas (Dirección General de Deporte)";"";"";"2 campos de rugby césped  Acceso controlado.";"Consulta los siguientes enlaces.";"";"0";"http://www.madrid.es/sites/v/index.jsp?vgnextchannel=bfa48ab43d6bb410VgnVCM100000171f5a0aRCRD&vgnextoid=b2100e08d6a98810VgnVCM2000001f4a900aRCRD";"PARQUE DE LA PALOMA";"CALLE";"V";"1";"";"";"";"";"MADRID";"MADRID";"28026";"6";"ZOFIO";"12";"USERA";"439481";"4469959";"40.378021430999326";"-3.7129318914350162";"";"";"";"/contenido/entidadesYorganismos/CentrosEspaciosDeporte"
11386717;"Instalación Deportiva Municipal Básica Campo de fútbol de la A.D. Orcasitas";"";"";"Campo de fútbol 11 césped artificial  Acceso controlado.";"Renfe: Orcasitas (línea C5).";"";"2";"http://www.madrid.es/sites/v/index.jsp?vgnextchannel=bfa48ab43d6bb410VgnVCM100000171f5a0aRCRD&vgnextoid=94d96bdaa0149710VgnVCM1000001d4a900aRCRD";"RAFAELA YBARRA";"AVENIDA";"V";"119";"";"";"";"";"MADRID";"MADRID";"28041";"1";"ORCASITAS";"12";"USERA";"439542";"4468758";"40.36720552010195";"-3.71208812822708";"";"";"";"/contenido/entidadesYorganismos/CentrosEspaciosDeporte/CamposEstadiosFutbol"
50255933;"Instalación Deportiva Municipal Básica Campo de tiro San Sebastian";"";"";"Campo de tiro con arco  Acceso controlado.";"Metro: Plaza Elíptica (línea 6 y 11).";"";"0";"http://www.madrid.es/sites/v/index.jsp?vgnextchannel=bfa48ab43d6bb410VgnVCM100000171f5a0aRCRD&vgnextoid=98edfe91786ec910VgnVCM100000891ecb1aRCRD";"VIA LUSITANA";"CALLE";"V";"1";"";"";"";"";"MADRID";"MADRID";"28025";"7";"ABRANTES";"11";"CARABANCHEL";"438832";"4470553";"40.383324557147205";"-3.720633039981772";"";"";"";"/contenido/entidadesYorganismos/CentrosEspaciosDeporte/InstalacionesDeportivasBasicas"
4542086;"Instalación Deportiva Municipal Básica Canillas - Club Deportivo Canillas";"";"";"Campo de fútbol 11 de césped artificial Pista de fútbol sala de césped artificial  Acceso controlado.";"Metro: Pinar del Rey (línea 8).";"";"1";"http://www.madrid.es/sites/v/index.jsp?vgnextchannel=bfa48ab43d6bb410VgnVCM100000171f5a0aRCRD&vgnextoid=250cfb7f34a61110VgnVCM1000000b205a0aRCRD";"AGUSTIN DE ITURBIDE";"CALLE";"V";"1";"";"";"";"";"MADRID";"MADRID";"28043";"4";"PINAR DEL REY";"16";"HORTALEZA";"445010";"4479966";"40.46854356477104";"-3.6486680716819206";"";"";"";"/contenido/entidadesYorganismos/CentrosEspaciosDeporte/CamposEstadiosFutbol"
4557688;"Instalación Deportiva Municipal Básica Carlos II";"";"";"Pista polideportiva  Acceso libre.";"Consulta los siguientes enlaces.";"";"0";"http://www.madrid.es/sites/v/index.jsp?vgnextchannel=bfa48ab43d6bb410VgnVCM100000171f5a0aRCRD&vgnextoid=225c77f0d8ae1110VgnVCM1000000b205a0aRCRD";"GUADALAJARA";"AVENIDA";"V";"9";"";"";"";"";"MADRID";"MADRID";"28032";"4";"ARCOS";"20";"SAN BLAS-CANILLEJAS";"447189";"4474396";"40.427223479986026";"-3.6066879690485423";"";"";"";"/contenido/entidadesYorganismos/CentrosEspaciosDeporte/InstalacionesDeportivasBasicas"
4583473;"Instalación Deportiva Municipal Básica Carlos Solé";"";"";"Frontón corto  2 pistas de pádel 2 pistas de tenis  Acceso controlado.";"Metro: Buenos Aires, Alto del Arenal (línea 1).";"";"2";"http://www.madrid.es/sites/v/index.jsp?vgnextchannel=bfa48ab43d6bb410VgnVCM100000171f5a0aRCRD&vgnextoid=75d200123edb2110VgnVCM1000000b205a0aRCRD";"CARLOS SOLE";"CALLE";"V";"11";"";"";"";"";"MADRID";"MADRID";"28038";"5";"PORTAZGO";"13";"PUENTE DE VALLECAS";"444905";"4471492";"40.39220676666725";"-3.6491646506364512";"";"";"";"/contenido/entidadesYorganismos/CentrosEspaciosDeporte/PistasTenisBadminton"
4659353;"Instalación Deportiva Municipal Básica Caronte";"";"";"Pista de baloncesto Pista de fútbol sala  Acceso libre.";"Metro: Marqués de Vadillo , Urgel (línea 5).";"";"0";"http://www.madrid.es/sites/v/index.jsp?vgnextchannel=bfa48ab43d6bb410VgnVCM100000171f5a0aRCRD&vgnextoid=683881f05ba65110VgnVCM1000000b205a0aRCRD";"CARONTE";"CALLE";"V";"6";"";"";"";"";"MADRID";"MADRID";"28019";"3";"SAN ISIDRO";"11";"CARABANCHEL";"438711";"4472040";"40.39671488202021";"-3.722200287876502";"";"";"";"/contenido/entidadesYorganismos/CentrosEspaciosDeporte/PistaFutbolSala"
4540143;"Instalación Deportiva Municipal Básica Carril del Conde";"";"";"Pista de fútbol sala  Acceso libre.";"Metro: Arturo Soria (línea 4).";"";"0";"http://www.madrid.es/sites/v/index.jsp?vgnextchannel=bfa48ab43d6bb410VgnVCM100000171f5a0aRCRD&vgnextoid=fb5cbab638551110VgnVCM1000000b205a0aRCRD";"PUERTO REAL";"CALLE";"V";"7";"";"";"";"";"MADRID";"MADRID";"28043";"3";"CANILLAS";"16";"HORTALEZA";"444577";"4479111";"40.46082502578586";"-3.653692784342434";"";"";"";"/contenido/entidadesYorganismos/CentrosEspaciosDeporte/PistaFutbolSala"
5869345;"Instalación Deportiva Municipal Básica Casa Campo I Lago";"";"";"Campo de fútbol 11 de tierra  Acceso libre.";"Metro: Lago (línea 10).";"";"0";"http://www.madrid.es/sites/v/index.jsp?vgnextchannel=bfa48ab43d6bb410VgnVCM100000171f5a0aRCRD&vgnextoid=89a00e5f50e5c210VgnVCM1000000b205a0aRCRD";"MARIA TERESA";"PASEO";"V";"9";"";"";"";"";"MADRID";"MADRID";"28011";"1";"CASA DE CAMPO";"9";"MONCLOA-ARAVACA";"437496";"4474501";"40.41879027520118";"-3.7367537417595322";"";"";"";"/contenido/entidadesYorganismos/CentrosEspaciosDeporte/CamposEstadiosFutbol"
5870126;"Instalación Deportiva Municipal Básica Casa Campo IV";"";"";"Campo de fútbol 11 de tierra Campo de fútbol 7 de tierra  Acceso libre.";"Consulta los siguientes enlaces.";"";"0";"http://www.madrid.es/sites/v/index.jsp?vgnextchannel=bfa48ab43d6bb410VgnVCM100000171f5a0aRCRD&vgnextoid=4887e5021ce5c210VgnVCM1000000b205a0aRCRD";"COBATILLAS";"PUENTE";"V";"";"";"";"";"PARQUE CASA DE CAMPO";"MADRID";"MADRID";"28008";"1";"CASA DE CAMPO";"9";"MONCLOA-ARAVACA";"437298";"4475953";"40.43246724958613";"-3.7395532816571793";"";"";"";"/contenido/entidadesYorganismos/CentrosEspaciosDeporte/CamposEstadiosFutbol"
50262529;"Instalación Deportiva Municipal Básica Casa de Campo Circuito de Vida (Calistenia 1, 2, 3 y 4)";"";"";"Circuito de vida  Acceso libre.";"Metro: Lago (línea 10).";"";"0";"http://www.madrid.es/sites/v/index.jsp?vgnextchannel=bfa48ab43d6bb410VgnVCM100000171f5a0aRCRD&vgnextoid=218a72cf3c91d910VgnVCM200000f921e388RCRD";"CASA DE CAMPO";"PARQUE";"T";"";"";"";"";"";"MADRID";"MADRID";"";"";"";"";"DISTRITO";"435375";"4477840";"40.41922970980992";"-3.738615003268066";"";"";"";"/contenido/entidadesYorganismos/CentrosEspaciosDeporte/CircuitoVida"
4541755;"Instalación Deportiva Municipal Básica Casalarreina";"";"";"Pista de baloncesto Pista polideportiva  Acceso libre.";"Metro: Vicálvaro (línea 9).";"";"0";"http://www.madrid.es/sites/v/index.jsp?vgnextchannel=bfa48ab43d6bb410VgnVCM100000171f5a0aRCRD&vgnextoid=3d1b04fbe3961110VgnVCM1000000b205a0aRCRD";"CASALARREINA";"CALLE";"V";"28";"";"";"";"";"MADRID";"MADRID";"28032";"";"AMBROZ";"";"VICALVARO";"447896";"4473333";"40.40897549865364";"-3.6140942577626016";"";"";"";"/contenido/entidadesYorganismos/CentrosEspaciosDeporte/InstalacionesDeportivasBasicas"
4548779;"Instalación Deportiva Municipal Básica Casino de la Reina";"";"";"Pista de baloncesto Campo de cricket Pista de patinaje Pista polideportiva cubierta  Acceso libre.";"Metro: Embajadores, Lavapiés (línea 3).  Renfe: Embajadores (línea C5).";"";"0";"http://www.madrid.es/sites/v/index.jsp?vgnextchannel=bfa48ab43d6bb410VgnVCM100000171f5a0aRCRD&vgnextoid=6739309c9bc91110VgnVCM2000000c205a0aRCRD";"EMBAJADORES";"CALLE";"V";"68";"";"";"";"";"MADRID";"MADRID";"28012";"2";"EMBAJADORES";"1";"CENTRO";"440311";"4473099";"40.40637302823684";"-3.7034397413317492";"";"";"";"/contenido/entidadesYorganismos/CentrosEspaciosDeporte/PistasPatinaje"
4579728;"Instalación Deportiva Municipal Básica Castroserna";"";"";"Campo de fútbol 11 césped artificial Tenis de mesa  Acceso controlado.";"Metro: Lucero (línea 6).";"";"0";"http://www.madrid.es/sites/v/index.jsp?vgnextchannel=bfa48ab43d6bb410VgnVCM100000171f5a0aRCRD&vgnextoid=4ab5ec5543ea2110VgnVCM2000000c205a0aRCRD";"CASTROSERNA";"CALLE";"V";"2";"";"";"";"";"MADRID";"MADRID";"28047";"3";"LUCERO";"10";"LATINA";"436407";"4472704";"40.40251081513204";"-3.7494274010896342";"";"";"";"/contenido/entidadesYorganismos/CentrosEspaciosDeporte/CamposEstadiosFutbol"
50255958;"Instalación Deportiva Municipal Básica Cazalegas";"";"";"Pista baloncesto 3x3   Acceso libre.";"Metro: Pan Bendito (línea 11).";"";"0";"http://www.madrid.es/sites/v/index.jsp?vgnextchannel=bfa48ab43d6bb410VgnVCM100000171f5a0aRCRD&vgnextoid=583fae81096ec910VgnVCM100000891ecb1aRCRD";"CAZALEGAS";"CALLE";"V";"9";"";"";"";"";"MADRID";"MADRID";"28025";"7";"ABRANTES";"11";"CARABANCHEL";"438133";"4469672";"40.375340232231";"-3.7287722220834487";"";"";"";"/contenido/entidadesYorganismos/CentrosEspaciosDeporte/InstalacionesDeportivasBasicas"
4584619;"Instalación Deportiva Municipal Básica Cazorla";"";"";"Pista de baloncesto  Acceso libre.";"Consulta los siguientes enlaces.";"";"2";"http://www.madrid.es/sites/v/index.jsp?vgnextchannel=bfa48ab43d6bb410VgnVCM100000171f5a0aRCRD&vgnextoid=6fad7348de2c2110VgnVCM1000000b205a0aRCRD";"IBROS";"CALLE";"V";"3";"";"";"";"";"MADRID";"MADRID";"28053";"1";"ENTREVIAS";"13";"PUENTE DE VALLECAS";"443468";"4469685";"40.3758356486892";"-3.6659340772744127";"";"";"";"/contenido/entidadesYorganismos/CentrosEspaciosDeporte/InstalacionesDeportivasBasicas"
50266170;"Instalación Deportiva Municipal Básica Cañaveral II";"";"";"Pista de baloncesto 2 pistas de mini baloncesto Pista de fútbol sala  Acceso libre.";"Consulta los siguientes enlaces.";"";"0";"http://www.madrid.es/sites/v/index.jsp?vgnextchannel=bfa48ab43d6bb410VgnVCM100000171f5a0aRCRD&vgnextoid=b16e1c9ea892d910VgnVCM100000891ecb1aRCRD";"DIALOGO";"CALLE";"V";"11";"";"";"";"";"MADRID";"MADRID";"28052";"4";"EL CAÑAVERAL";"19";"VICALVARO";"452644";"4472884";"40.405226337352154";"-3.55808195863788";"";"";"";"/contenido/entidadesYorganismos/CentrosEspaciosDeporte/PistaFutbolSala"
4548963;"Instalación Deportiva Municipal Básica Cementerio Civil";"";"";"Pista de fútbol sala  Acceso libre.";"Metro: García Noblejas (línea 7).";"";"0";"http://www.madrid.es/sites/v/index.jsp?vgnextchannel=bfa48ab43d6bb410VgnVCM100000171f5a0aRCRD&vgnextoid=fc00dedbe1d91110VgnVCM1000000b205a0aRCRD";"DAROCA";"AVENIDA";"V";"101";"";"";"";"";"MADRID";"MADRID";"28032";"2";"PUEBLO NUEVO";"15";"CIUDAD LINEAL";"446279";"4474613";"40.42041280188907";"-3.6332470504462986";"";"";"";"/contenido/entidadesYorganismos/CentrosEspaciosDeporte/PistaFutbolSala"
7107982;"Instalación Deportiva Municipal Básica Centro de Remo Puente de la Princesa";"Instalación ubicada en el parque Madrid Río, cuenta con una pista acuática de unos 1.200 metros entre las presas 8 y 9 del río Manzanares, a la altura de la Plaza de Legazpi y del kilómetro 6,8 del carril bici.";"";"Canal de remo  Acceso controlado.";"Metro: Legazpi (líneas 3 y 6).";"Para más información: escuelamanzanares@remomadrid.org   Teléfono: 673329231. Federación Madrileña de Pirag&amp;uuml;ismo.";"0";"http://www.madrid.es/sites/v/index.jsp?vgnextchannel=bfa48ab43d6bb410VgnVCM100000171f5a0aRCRD&vgnextoid=18d51afbd1031410VgnVCM2000000c205a0aRCRD";"EMBARCADERO MADRID RÍO. PARQUE RÍO. CALLE DEL VADO DE SANTA CATALINA, KM 6,8";"";"T";"";"";"";"";"";"MADRID";"MADRID";"";"";"";"";"DISTRITO";"440928";"4470856";"40.38884002323513";"-3.697255209204325";"";"";"";"/contenido/entidadesYorganismos/CentrosEspaciosDeporte/Embarcaderos"
4556053;"Instalación Deportiva Municipal Básica Cerro Blanco";"";"";"Pista de baloncesto Pista de balonmano 2 pistas de bolos y petanca  Acceso controlado.";"Consulta los siguientes enlaces.";"";"2";"http://www.madrid.es/sites/v/index.jsp?vgnextchannel=bfa48ab43d6bb410VgnVCM100000171f5a0aRCRD&vgnextoid=1cb10d17980e1110VgnVCM1000000b205a0aRCRD";"ALBARDIN";"CALLE";"V";"7";"";"";"";"C/V CALLE CERRO BLANCO";"MADRID";"MADRID";"28026";"6";"ZOFIO";"12";"USERA";"439199";"4470155";"40.37976723848226";"-3.7162665062702196";"";"";"";"/contenido/entidadesYorganismos/CentrosEspaciosDeporte/PistaBolosPetancaCalvaChito"
4581453;"Instalación Deportiva Municipal Básica Cerro Cabezuelos";"";"";"Campo de fútbol 11 de tierra  Acceso controlado.";"Consulta los siguientes enlaces.";"";"2";"http://www.madrid.es/sites/v/index.jsp?vgnextchannel=bfa48ab43d6bb410VgnVCM100000171f5a0aRCRD&vgnextoid=a2690aec7b7b2110VgnVCM1000000b205a0aRCRD";"VILLALOBOS";"CALLE";"V";"46";"";"";"";"";"MADRID";"MADRID";"28018";"4";"PALOMERAS SURESTE";"13";"PUENTE DE VALLECAS";"444644";"4470106";"40.379694900594856";"-3.6521267878318002";"";"";"";"/contenido/entidadesYorganismos/CentrosEspaciosDeporte/CamposEstadiosFutbol"
5800623;"Instalación Deportiva Municipal Básica Cerro Negro";"";"";"Pista de fútbol sala Tenis de mesa  Acceso libre.";"Metro: Puente de Vallecas (línea 1).";"";"0";"http://www.madrid.es/sites/v/index.jsp?vgnextchannel=bfa48ab43d6bb410VgnVCM100000171f5a0aRCRD&vgnextoid=965a3906b2f0b210VgnVCM2000000c205a0aRCRD";"CERRO NEGRO";"CALLE";"V";"5";"";"";"";"c/v ARREGUI Y ARUEJ, 3";"MADRID";"MADRID";"28007";"2";"ADELFAS";"3";"RETIRO";"443006";"4471999";"40.396646655094365";"-3.671603413540554";"";"";"";"/contenido/entidadesYorganismos/CentrosEspaciosDeporte/PistaFutbolSala"
4528555;"Instalación Deportiva Municipal Básica Circuito Natural de Footing Retiro";"";"";"Circuito de footing   Acceso libre.";"Metro: Retiro (línea 2), Atocha (línea 1).  Renfe: Atocha (todas las líneas de Cercanías).";"";"0";"http://www.madrid.es/sites/v/index.jsp?vgnextchannel=bfa48ab43d6bb410VgnVCM100000171f5a0aRCRD&vgnextoid=a2fb7dff2c201110VgnVCM1000000b205a0aRCRD";"EL RETIRO";"PARQUE";"V";"";"";"";"";"";"MADRID";"MADRID";"28014";"5";"LOS JERONIMOS";"3";"RETIRO";"441575";"4474078";"40.4152672609971";"-3.6886435123781274";"";"";"";"/contenido/entidadesYorganismos/CentrosEspaciosDeporte/CircuitosFooting"
50264347;"Instalación Deportiva Municipal Básica Circuito Skate";"";"";"Pista de skate  Acceso libre.";"Metro: Alsacia (línea 2).";"";"0";"http://www.madrid.es/sites/v/index.jsp?vgnextchannel=bfa48ab43d6bb410VgnVCM100000171f5a0aRCRD&vgnextoid=0ee4607858f1d910VgnVCM100000891ecb1aRCRD";"ARCOS DE JALON";"CALLE";"V";"15";"";"";"";"";"MADRID";"MADRID";"28032";"4";"ARCOS";"20";"SAN BLAS-CANILLEJAS";"447189";"4474396";"40.427223479986026";"-3.6066879690485423";"";"";"";"/contenido/entidadesYorganismos/CentrosEspaciosDeporte/InstalacionesDeportivasBasicas"
4540101;"Instalación Deportiva Municipal Básica Circuito de Automodelismo";"";"";"Circuito de automodelismo  Acceso controlado.";"Metro: Congosto (línea 1).";"";"0";"http://www.madrid.es/sites/v/index.jsp?vgnextchannel=bfa48ab43d6bb410VgnVCM100000171f5a0aRCRD&vgnextoid=cee0b2e617551110VgnVCM1000000b205a0aRCRD";"NAVAMURES";"CALLE";"V";"10";"";"";"";"";"MADRID";"MADRID";"28031";"3";"ENSANCHE DE VALLECAS";"18";"VILLA DE VALLECAS";"446900";"4469222";"40.37188629608668";"-3.6254707786668794";"";"";"";"/contenido/entidadesYorganismos/CentrosEspaciosDeporte/InstalacionesDeportivasBasicas"
4852;"Instalación Deportiva Municipal Básica Circuito de Bicicletas Enrique Otero";"";"";"Circuito de bicicletas con un recorrido de 11,5 Km, con tramos asfaltados y terrizos, disponiendo de dos rutas señalizadas en distintos colores a lo largo del trazado.   Ruta 1: Puerta de Dante - Puerta de Somosaguas - Pinar Chico.  Ruta 2: Puerta de Dante - Puerta de Somosaguas - Barranco de la Zorra.";"Metro: Lago (línea 10).";"";"0";"http://www.madrid.es/sites/v/index.jsp?vgnextchannel=bfa48ab43d6bb410VgnVCM100000171f5a0aRCRD&vgnextoid=949cae7cb2e4f010VgnVCM1000000b205a0aRCRD";"CASA DE CAMPO";"PARQUE";"V";"";"";"";"";"";"MADRID";"MADRID";"28011";"1";"CASA DE CAMPO";"9";"MONCLOA-ARAVACA";"436808";"4473425";"40.41780855897234";"-3.734821983620258";"";"";"";"/contenido/entidadesYorganismos/CentrosEspaciosDeporte/CircuitosCiclismo"
95298;"Instalación Deportiva Municipal Básica Circuito de Footing Casa de Campo";"";"";"Circuito de footing con un recorrido de 2,5 Km.  Arranca desde el aparcamiento del Lago hasta el Pinar de las Siete Hermanas y vuelta por la antigua acequia hasta el punto de partida. No cruza ninguna vía de automóviles. Contiene 14 estaciones distintas con aparatos para la realización de ejercicios.  Acceso libre.";"Metro: Lago (línea 10).";"";"0";"http://www.madrid.es/sites/v/index.jsp?vgnextchannel=bfa48ab43d6bb410VgnVCM100000171f5a0aRCRD&vgnextoid=5f584f36ff81c010VgnVCM1000000b205a0aRCRD";"CASA DE CAMPO";"PARQUE";"V";"";"";"";"";"";"MADRID";"MADRID";"28011";"1";"CASA DE CAMPO";"9";"MONCLOA-ARAVACA";"437813";"4474683";"40.41754737875504";"-3.7349076133669525";"";"";"";"/contenido/entidadesYorganismos/CentrosEspaciosDeporte/CircuitosFooting"
95263;"Instalación Deportiva Municipal Básica Circuito de Footing Dehesa de la Villa";"";"";"Circuito de footing  Acceso libre.";"Metro: Francos Rodríguez (línea 7).";"";"0";"http://www.madrid.es/sites/v/index.jsp?vgnextchannel=bfa48ab43d6bb410VgnVCM100000171f5a0aRCRD&vgnextoid=e1784f36ff81c010VgnVCM1000000b205a0aRCRD";"DEHESA DE LA VILLA";"PARQUE";"V";"";"";"";"";"";"MADRID";"MADRID";"28040";"3";"CIUDAD UNIVERSITARIA";"9";"MONCLOA-ARAVACA";"438892";"4478863";"40.45817981904011";"-3.7207253118064827";"";"";"";"/contenido/entidadesYorganismos/CentrosEspaciosDeporte/CircuitosFooting"
50262600;"Instalación Deportiva Municipal Básica Circuito de Vida Dehesa de la Villa";"";"";"Circuito de vida  Acceso libre.";"Metro: Francos Rodríguez (línea 7).";"";"0";"http://www.madrid.es/sites/v/index.jsp?vgnextchannel=bfa48ab43d6bb410VgnVCM100000171f5a0aRCRD&vgnextoid=03f3657d1d91d910VgnVCM200000f921e388RCRD";"DEHESA DE LA VILLA";"PARQUE";"V";"";"";"";"";"";"MADRID";"MADRID";"28040";"3";"CIUDAD UNIVERSITARIA";"9";"MONCLOA-ARAVACA";"438892";"4478863";"40.45817981904011";"-3.7207253118064827";"";"";"";"/contenido/entidadesYorganismos/CentrosEspaciosDeporte/CircuitoVida"
50320743;"Instalación Deportiva Municipal Básica Circuito de Vida Parque Forestal Camino de Perales";"";"";"Circuito de vida  Acceso libre.";"Metro: San Fermín - Orcasur y Hospital 12 de Octubre (línea 3).";"";"2";"http://www.madrid.es/sites/v/index.jsp?vgnextchannel=bfa48ab43d6bb410VgnVCM100000171f5a0aRCRD&vgnextoid=ad33be12d736e910VgnVCM200000f921e388RCRD";"PERALES";"CAMINO";"V";"";"";"";"";"";"MADRID";"MADRID";"28026";"4";"ALMENDRALES";"12";"USERA";"440997";"4470593";"40.372894714345065";"-3.687994185388967";"";"";"";"/contenido/entidadesYorganismos/CentrosEspaciosDeporte/CircuitoVida"
4556885;"Instalación Deportiva Municipal Básica Ciudad Pegaso I";"";"";"Pista de fútbol sala  Acceso libre.";"Consulta los siguientes enlaces.";"";"0";"http://www.madrid.es/sites/v/index.jsp?vgnextchannel=bfa48ab43d6bb410VgnVCM100000171f5a0aRCRD&vgnextoid=84865f45475e1110VgnVCM1000000b205a0aRCRD";"UNO";"CALLE";"V";"2";"";"";"";"";"MADRID";"MADRID";"28022";"6";"REJAS";"20";"SAN BLAS-CANILLEJAS";"449470";"4477830";"40.44959485431142";"-3.5958884090794725";"";"";"";"/contenido/entidadesYorganismos/CentrosEspaciosDeporte/PistaFutbolSala"
4556948;"Instalación Deportiva Municipal Básica Ciudad Pegaso II";"";"";"3 pistas de bolos y petanca  Acceso libre.";"Consulta los siguientes enlaces.";"";"0";"http://www.madrid.es/sites/v/index.jsp?vgnextchannel=bfa48ab43d6bb410VgnVCM100000171f5a0aRCRD&vgnextoid=9b161816485e1110VgnVCM1000000b205a0aRCRD";"SEXTA";"AVENIDA";"V";"4";"";"";"";"";"MADRID";"MADRID";"28022";"6";"REJAS";"20";"SAN BLAS-CANILLEJAS";"449379";"4477774";"40.44908753256217";"-3.5969581201817524";"";"";"";"/contenido/entidadesYorganismos/CentrosEspaciosDeporte/PistaBolosPetancaCalvaChito"
4557767;"Instalación Deportiva Municipal Básica Ciudad Pegaso III";"";"";"Pista de fútbol sala  Acceso libre.";"Consulta los siguientes enlaces.";"";"0";"http://www.madrid.es/sites/v/index.jsp?vgnextchannel=bfa48ab43d6bb410VgnVCM100000171f5a0aRCRD&vgnextoid=296b65815aae1110VgnVCM1000000b205a0aRCRD";"ONCE";"CALLE";"V";"7";"";"";"";"";"MADRID";"MADRID";"28022";"6";"REJAS";"20";"SAN BLAS-CANILLEJAS";"449624";"4477271";"40.44457251845289";"-3.5940297590544854";"";"";"";"/contenido/entidadesYorganismos/CentrosEspaciosDeporte/PistaFutbolSala"
50260239;"Instalación Deportiva Municipal Básica Ciudad de Méjico";"";"";"2 pistas de bolos y petanca  Acceso libre.";"Cercanías: Maestra Justa Freire - Polideportivo de Aluche (línea C5).";"";"0";"http://www.madrid.es/sites/v/index.jsp?vgnextchannel=bfa48ab43d6bb410VgnVCM100000171f5a0aRCRD&vgnextoid=fe0521b59150d910VgnVCM200000f921e388RCRD";"RAFAEL FINAT";"CALLE";"V";"47";"";"";"";"";"MADRID";"MADRID";"28044";"7";"LAS AGUILAS";"10";"LATINA";"434711";"4470191";"40.3797526501985";"-3.769134238811594";"";"";"";"/contenido/entidadesYorganismos/CentrosEspaciosDeporte/PistaBolosPetancaCalvaChito"
4546507;"Instalación Deportiva Municipal Básica Clara del Rey";"";"";"Pista polideportiva  Acceso libre.";"Metro: Alfonso XIII (línea 4).";"";"2";"http://www.madrid.es/sites/v/index.jsp?vgnextchannel=bfa48ab43d6bb410VgnVCM100000171f5a0aRCRD&vgnextoid=66bb7626aad81110VgnVCM1000000b205a0aRCRD";"CLARA DEL REY";"CALLE";"V";"61";"";"";"";"";"MADRID";"MADRID";"28002";"2";"PROSPERIDAD";"5";"CHAMARTIN";"443339";"4477539";"40.44656763308464";"-3.668173275110258";"";"";"";"/contenido/entidadesYorganismos/CentrosEspaciosDeporte/InstalacionesDeportivasBasicas"
6316901;"Instalación Deportiva Municipal Básica Club de Petanca Esperanza de Canilllas";"";"";"6 pistas de bolos y petanca  Acceso controlado.";"Metro: Esperanza (línea 4).";"";"1";"http://www.madrid.es/sites/v/index.jsp?vgnextchannel=bfa48ab43d6bb410VgnVCM100000171f5a0aRCRD&vgnextoid=50be891a12165310VgnVCM2000000c205a0aRCRD";"SILVANO";"CALLE";"V";"63";"";"";"";"";"MADRID";"MADRID";"28043";"3";"CANILLAS";"16";"HORTALEZA";"445503";"4478957";"40.45949540975727";"-3.6427781663423575";"";"";"";"/contenido/entidadesYorganismos/CentrosEspaciosDeporte/PistaBolosPetancaCalvaChito"
11080945;"Instalación Deportiva Municipal Básica Club de Petanca Peonias";"";"";"3 pistas de bolos y petanca  Acceso libre.";"Metro: Esperanza (línea 4).";"";"2";"http://www.madrid.es/sites/v/index.jsp?vgnextchannel=bfa48ab43d6bb410VgnVCM100000171f5a0aRCRD&vgnextoid=47cd4c43e20de610VgnVCM2000001f4a900aRCRD";"PEONIAS";"CALLE";"V";"2";"";"";"";"";"MADRID";"MADRID";"28042";"1";"PALOMAS";"16";"HORTALEZA";"447603";"4477959";"40.45064086472342";"-3.6179092385151757";"";"";"";"/contenido/entidadesYorganismos/CentrosEspaciosDeporte/PistaBolosPetancaCalvaChito"
4528738;"Instalación Deportiva Municipal Básica Cocheras (Retiro)";"";"";"2 pistas de baloncesto Pista de parkour Rocódromo  Bajo el puente de la calle Pedro Bosch:  Pista de baloncesto cubierta Pista de futbol sala cubierta Pista de patinaje cubierta Parque de calistenia  Acceso libre.";"Metro: Pacífico (línea 1 y 6).  Bicicletas:   Servicio Bicimad, para consultar la estación más cercana, acceda al mapa de geolocalización de las estaciones";"";"0";"http://www.madrid.es/sites/v/index.jsp?vgnextchannel=bfa48ab43d6bb410VgnVCM100000171f5a0aRCRD&vgnextoid=4405ad5b81301110VgnVCM1000000b205a0aRCRD";"COCHERAS";"CALLE";"V";"1";"";"";"";"";"MADRID";"MADRID";"28007";"1";"PACIFICO";"3";"RETIRO";"442610";"4472449";"40.400673376887404";"-3.676298173141196";"";"";"";"/contenido/entidadesYorganismos/CentrosEspaciosDeporte/PistasPatinaje"
4560062;"Instalación Deportiva Municipal Básica Colombia";"";"";"Pista de patinaje  Acceso libre.";"Metro: Colombia (líneas 8 y 9).";"";"0";"http://www.madrid.es/sites/v/index.jsp?vgnextchannel=bfa48ab43d6bb410VgnVCM100000171f5a0aRCRD&vgnextoid=af26de1d88402110VgnVCM1000000b205a0aRCRD";"COLOMBIA";"CALLE";"V";"59";"";"";"";"";"MADRID";"MADRID";"28016";"4";"HISPANOAMERICA";"5";"CHAMARTIN";"443260";"4478782";"40.457759787152014";"-3.669215880508611";"";"";"";"/contenido/entidadesYorganismos/CentrosEspaciosDeporte/PistasPatinaje"
4543102;"Instalación Deportiva Municipal Básica Colonia Euskalduna";"";"";"Pista de balonmano Pista de fútbol sala  Acceso libre.";"Metro: Villaverde bajo Cruce (línea 3).  Renfe: Puente Alcocer (línea C5).";"";"0";"http://www.madrid.es/sites/v/index.jsp?vgnextchannel=bfa48ab43d6bb410VgnVCM100000171f5a0aRCRD&vgnextoid=4c137874b8f61110VgnVCM1000000b205a0aRCRD";"HERMANDAD DE DONANTES DE SANGRE";"CALLE";"V";"7";"";"";"";"";"MADRID";"MADRID";"28041";"5";"LOS ANGELES";"17";"VILLAVERDE";"440580";"4467348";"40.35456935043359";"-3.699754645665144";"";"";"";"/contenido/entidadesYorganismos/CentrosEspaciosDeporte/PistaFutbolSala"
4543975;"Instalación Deportiva Municipal Básica Colonia Marconi";"";"";"2 mini frontones Pista de fútbol sala césped artificial Pista de patinaje Pista polideportiva Pista de tenis 2 tenis mesa  Acceso libre.";"Consulta los siguientes enlaces.";"";"0";"http://www.madrid.es/sites/v/index.jsp?vgnextchannel=bfa48ab43d6bb410VgnVCM100000171f5a0aRCRD&vgnextoid=2b538004f7471110VgnVCM1000000b205a0aRCRD";"PRINCIPAL";"CALLE";"V";"1";"";"";"";"";"MADRID";"MADRID";"28021";"";"SAN ANDRES";"17";"VILLAVERDE";"440707";"4465039";"40.33378974534553";"-3.698026716448742";"";"";"";"/contenido/entidadesYorganismos/CentrosEspaciosDeporte/PistasTenisBadminton"
4542504;"Instalación Deportiva Municipal Básica Colonia San Cristóbal de Los Ángeles";"";"";"2 pistas polideportivas  Acceso libre.";"Metro: San Cristóbal (línea 3).";"";"0";"http://www.madrid.es/sites/v/index.jsp?vgnextchannel=bfa48ab43d6bb410VgnVCM100000171f5a0aRCRD&vgnextoid=adab8e71e6e61110VgnVCM1000000b205a0aRCRD";"ROCAFORT";"CALLE";"V";"2";"";"";"";"";"MADRID";"MADRID";"28021";"2";"SAN CRISTOBAL";"17";"VILLAVERDE";"441360";"4465864";"40.341265820973355";"-3.690416646053115";"";"";"";"/contenido/entidadesYorganismos/CentrosEspaciosDeporte/InstalacionesDeportivasBasicas"
4581472;"Instalación Deportiva Municipal Básica Colonia Sierra del Valle";"";"";"Pista de baloncesto Pista de fútbol sala  Acceso libre.";"Metro: Portazgo (línea 1).";"";"0";"http://www.madrid.es/sites/v/index.jsp?vgnextchannel=bfa48ab43d6bb410VgnVCM100000171f5a0aRCRD&vgnextoid=d1370aec7b7b2110VgnVCM1000000b205a0aRCRD";"PAYASO FOFO";"CALLE";"V";"9";"";"";"";"";"MADRID";"MADRID";"28018";"3";"PALOMERAS BAJAS";"13";"PUENTE DE VALLECAS";"443972";"4471313";"40.39053322411197";"-3.6601468646208173";"";"";"";"/contenido/entidadesYorganismos/CentrosEspaciosDeporte/PistaFutbolSala"
4538536;"Instalación Deportiva Municipal Básica Colonia Vilda";"";"";"2 pistas polideportivas  Acceso libre.";"Renfe: Santa Eugenia (líneas C2, C7 y C8).";"";"2";"http://www.madrid.es/sites/v/index.jsp?vgnextchannel=bfa48ab43d6bb410VgnVCM100000171f5a0aRCRD&vgnextoid=617f55fdb3b41110VgnVCM1000000b205a0aRCRD";"VASARES";"CAMINO";"V";"13";"";"";"";"PARQUE VILDA";"MADRID";"MADRID";"28031";"2";"SANTA EUGENIA";"18";"VILLA DE VALLECAS";"447993";"4470348";"40.382106378925066";"-3.6126907212800874";"";"";"";"/contenido/entidadesYorganismos/CentrosEspaciosDeporte/InstalacionesDeportivasBasicas"
4583089;"Instalación Deportiva Municipal Básica Colonia los Taxistas";"";"";"2 pistas de baloncesto 2 pistas de fútbol sala Rocódromo Mesa de tenis de mesa  Acceso libre.";"Consulta los siguientes enlaces.";"";"2";"http://www.madrid.es/sites/v/index.jsp?vgnextchannel=bfa48ab43d6bb410VgnVCM100000171f5a0aRCRD&vgnextoid=21dbde6b48db2110VgnVCM1000000b205a0aRCRD";"SIERRA DE CUERDA LARGA";"CALLE";"V";"41";"";"";"";"";"MADRID";"MADRID";"28038";"6";"NUMANCIA";"13";"PUENTE DE VALLECAS";"444272";"4472321";"40.3996321152037";"-3.6567011261303493";"";"";"";"/contenido/entidadesYorganismos/CentrosEspaciosDeporte/PistaFutbolSala"
4579784;"Instalación Deportiva Municipal Básica Concejal Gabriel Fernández (Parque Cuña Verde)";"";"";"Campo de fútbol 11 césped artificial 2 campos de fútbol 7 césped artificial 2 pistas de baloncesto Tenis de mesa  Acceso controlado.";"Metro: Laguna (línea 6).  Renfe: Laguna (línea C5).";"";"0";"http://www.madrid.es/sites/v/index.jsp?vgnextchannel=bfa48ab43d6bb410VgnVCM100000171f5a0aRCRD&vgnextoid=df6fb1d084ea2110VgnVCM2000000c205a0aRCRD";"CUART DE POBLET";"CALLE";"V";"6";"";"";"";"";"MADRID";"MADRID";"28047";"3";"LUCERO";"10";"LATINA";"436196";"4472113";"40.39717971610274";"-3.7518546091873803";"";"";"";"/contenido/entidadesYorganismos/CentrosEspaciosDeporte/CamposEstadiosFutbol"
4548726;"Instalación Deportiva Municipal Básica Conde Duque";"";"";"Pista de bolos y petanca Pista de chito  Pista de fútbol sala  Acceso libre.";"Metro: San Bernardo, Noviciado, Ventura Rodríguez (líneas 2, 3 y 4).";"";"0";"http://www.madrid.es/sites/v/index.jsp?vgnextchannel=bfa48ab43d6bb410VgnVCM100000171f5a0aRCRD&vgnextoid=42fed03df9c91110VgnVCM2000000c205a0aRCRD";"SANTA CRUZ DE MARCENADO";"CALLE";"V";"21";"";"";"";"";"MADRID";"MADRID";"28015";"5";"UNIVERSIDAD";"1";"CENTRO";"439742";"4475605";"40.42890457185098";"-3.710390334447589";"";"";"";"/contenido/entidadesYorganismos/CentrosEspaciosDeporte/PistaBolosPetancaCalvaChito"
4548924;"Instalación Deportiva Municipal Básica Condesa de Venadito";"";"";"Pista de baloncesto 3x3  Pista BMX flatland Pista de fútbol sala Pista skate   Acceso libre.";"Consulta los siguientes enlaces.";"";"0";"http://www.madrid.es/sites/v/index.jsp?vgnextchannel=bfa48ab43d6bb410VgnVCM100000171f5a0aRCRD&vgnextoid=000ebea9e0d91110VgnVCM1000000b205a0aRCRD";"CONDESA DE VENADITO";"CALLE";"V";"5";"";"";"";"";"MADRID";"MADRID";"28027";"5";"SAN PASCUAL";"15";"CIUDAD LINEAL";"444597";"4477342";"40.44489012074591";"-3.6533037240521278";"";"";"";"/contenido/entidadesYorganismos/CentrosEspaciosDeporte/CircuitoBMX"
6345642;"Instalación Deportiva Municipal Básica Cordel de Pavones I";"";"";"4 pistas de pádel Pista de tenis 3 tenis de mesa  Acceso controlado.";"Metro: Vicálvaro (línea 9).";"";"0";"http://www.madrid.es/sites/v/index.jsp?vgnextchannel=bfa48ab43d6bb410VgnVCM100000171f5a0aRCRD&vgnextoid=b541c4c4222f5310VgnVCM2000000c205a0aRCRD";"CORDEL DE PAVONES";"CALLE";"V";"9";"";"";"";"";"MADRID";"MADRID";"28032";"";"AMBROZ";"";"VICALVARO";"448361";"4473366";"40.40930182229157";"-3.608605091516184";"";"";"";"/contenido/entidadesYorganismos/CentrosEspaciosDeporte/PistasTenisBadminton"
6345083;"Instalación Deportiva Municipal Básica Cordel de Pavones II";"";"";"2 pistas de baloncesto Frontón corto 3 mini frontones 2 pistas de fútbol sala Parque de calistenia  Acceso libre.";"Metro: Valdebernardo (línea 9).";"";"0";"http://www.madrid.es/sites/v/index.jsp?vgnextchannel=bfa48ab43d6bb410VgnVCM100000171f5a0aRCRD&vgnextoid=2eace1fffb1f5310VgnVCM2000000c205a0aRCRD";"CORDEL DE PAVONES";"CALLE";"V";"11";"";"";"";"";"MADRID";"MADRID";"28032";"2";"VALDEBERNARDO";"19";"VICALVARO";"447507";"4472329";"40.399914782005624";"-3.6185777736655647";"";"";"";"/contenido/entidadesYorganismos/CentrosEspaciosDeporte/Frontones"
50315352;"Instalación Deportiva Municipal Básica Cubo Gym Madrid Río";"";"";"Cubo Gym  Acceso libre.";"Metro: Príncipe Pío (líneas 6, 10 y R)  Renfe: Príncipe Pío (líneas C1, C7 y C10).";"";"0";"http://www.madrid.es/sites/v/index.jsp?vgnextchannel=bfa48ab43d6bb410VgnVCM100000171f5a0aRCRD&vgnextoid=b1c564b90354e910VgnVCM100000891ecb1aRCRD";"BAJO DE LA VIRGEN DEL PUERTO";"PASEO";"V";"";"";"";"";"";"MADRID";"MADRID";"28005";"";"";"2";"CENTRO";"438774";"4473873";"40.41702175445931";"-3.7218799616725278";"";"";"";"/contenido/entidadesYorganismos/CentrosEspaciosDeporte/CuboGym"
5785030;"Instalación Deportiva Municipal Básica Cuevas de Almanzora";"";"";"Pista de mini baloncesto Pista polideportiva  Acceso libre.";"Metro: Manoteras (línea 4).";"";"2";"http://www.madrid.es/sites/v/index.jsp?vgnextchannel=bfa48ab43d6bb410VgnVCM100000171f5a0aRCRD&vgnextoid=467ce76a0948a210VgnVCM2000000c205a0aRCRD";"MOJACAR";"CALLE";"V";"2";"";"";"";"CUBIERTA P.A.R.";"MADRID";"MADRID";"28033";"5";"APOSTOL SANTIAGO";"16";"HORTALEZA";"444216";"4481177";"40.47940888739177";"-3.658140197005035";"";"";"";"/contenido/entidadesYorganismos/CentrosEspaciosDeporte/InstalacionesDeportivasBasicas"
4629952;"Instalación Deportiva Municipal Básica Cuña Verde Villaamil";"";"";"2 pistas de baloncesto 2 pista polideportiva 3 tenis de mesa  Acceso libre.";"Metro: Valdezarza (línea 7).";"";"2";"http://www.madrid.es/sites/v/index.jsp?vgnextchannel=bfa48ab43d6bb410VgnVCM100000171f5a0aRCRD&vgnextoid=cbf0dfd39c794110VgnVCM1000000b205a0aRCRD";"VILLAAMIL";"CALLE";"V";"90";"";"";"";"";"MADRID";"MADRID";"28039";"5";"VALDEACEDERAS";"6";"TETUAN";"439758";"4479728";"40.466049841127315";"-3.710592353303046";"";"";"";"/contenido/entidadesYorganismos/CentrosEspaciosDeporte/InstalacionesDeportivasBasicas"
11080905;"Instalación Deportiva Municipal Básica Cárcavas";"";"";"Pista polideportiva Pista de skate  Acceso libre.";"Consulta los siguientes enlaces.";"";"2";"http://www.madrid.es/sites/v/index.jsp?vgnextchannel=bfa48ab43d6bb410VgnVCM100000171f5a0aRCRD&vgnextoid=6254d952c30de610VgnVCM1000001d4a900aRCRD";"VALDEHIGUERA";"CAMINO";"V";"46";"";"";"";"";"MADRID";"MADRID";"28055";"6";"VALDEFUENTES";"16";"HORTALEZA";"446616";"4481186";"40.47988097818359";"-3.629913721103231";"";"";"";"/contenido/entidadesYorganismos/CentrosEspaciosDeporte/InstalacionesDeportivasBasicas"
4669898;"Instalación Deportiva Municipal Básica Cárcavas Oeste I";"";"";"Pista de baloncesto.  Acceso libre.";"Consulta los siguientes enlaces.";"";"2";"http://www.madrid.es/sites/v/index.jsp?vgnextchannel=bfa48ab43d6bb410VgnVCM100000171f5a0aRCRD&vgnextoid=88018a43c67c5110VgnVCM1000000b205a0aRCRD";"CARMEN RICO GODOY";"CALLE";"V";"48";"";"";"";"";"MADRID";"MADRID";"28055";"6";"VALDEFUENTES";"16";"HORTALEZA";"446120";"4481261";"40.48029487523087";"-3.635681993987135";"";"";"";"/contenido/entidadesYorganismos/CentrosEspaciosDeporte/InstalacionesDeportivasBasicas"
6335547;"Instalación Deportiva Municipal Básica Cárcavas Oeste II";"";"";"Pista polideportiva  Acceso libre.";"Consulta los siguientes enlaces.";"";"2";"http://www.madrid.es/sites/v/index.jsp?vgnextchannel=bfa48ab43d6bb410VgnVCM100000171f5a0aRCRD&vgnextoid=c65b0f74158c5310VgnVCM1000000b205a0aRCRD";"SAN ANDRES DE RABANEDO";"CALLE";"V";"1";"";"";"";"";"MADRID";"MADRID";"28055";"6";"VALDEFUENTES";"16";"HORTALEZA";"446216";"4481325";"40.48087402947953";"-3.6345699273053054";"";"";"";"/contenido/entidadesYorganismos/CentrosEspaciosDeporte/InstalacionesDeportivasBasicas"
6309993;"Instalación Deportiva Municipal Básica Daniel Casero Gómez";"";"";"Pista de baloncesto  Acceso libre.";"Metro: Herrera Oria (línea 9).";"";"0";"http://www.madrid.es/sites/v/index.jsp?vgnextchannel=bfa48ab43d6bb410VgnVCM100000171f5a0aRCRD&vgnextoid=76e6e08340d35310VgnVCM2000000c205a0aRCRD";"SANGENJO";"CALLE";"V";"40";"";"";"";"";"MADRID";"MADRID";"28034";"5";"LA PAZ";"8";"FUENCARRAL-EL PARDO";"440794";"4482201";"40.48840130012324";"-3.698595054857286";"";"";"";"/contenido/entidadesYorganismos/CentrosEspaciosDeporte/InstalacionesDeportivasBasicas"
50267539;"Instalación Deportiva Municipal Básica David Díez de la Cruz";"";"";"Campo de fútbol 11 césped artificial  Acceso controlado.";"Renfe: Villaverde Bajo (línea C3 y C4).";"";"0";"http://www.madrid.es/sites/v/index.jsp?vgnextchannel=bfa48ab43d6bb410VgnVCM100000171f5a0aRCRD&vgnextoid=5ebbe883f8e2d910VgnVCM200000f921e388RCRD";"LOS ROSALES";"AVENIDA";"V";"135";"";"";"";"";"MADRID";"MADRID";"28021";"3";"BUTARQUE";"17";"VILLAVERDE";"442553";"4466829";"40.350048071316806";"-3.6764603344457387";"";"";"";"/contenido/entidadesYorganismos/CentrosEspaciosDeporte/CamposEstadiosFutbol"
4555783;"Instalación Deportiva Municipal Básica David González Rubio - Pradolongo";"";"";"2 campos fútbol 11 césped artificial 2 pistas polideportivas Parque de calistenia  Acceso controlado.";"Consulta los siguientes enlaces.";"";"2";"http://www.madrid.es/sites/v/index.jsp?vgnextchannel=bfa48ab43d6bb410VgnVCM100000171f5a0aRCRD&vgnextoid=948631437ffd1110VgnVCM1000000b205a0aRCRD";"DOCTOR TOLOSA LATOUR";"CALLE";"V";"14";"";"";"";"PARQUE PRADOLONGO";"MADRID";"MADRID";"28026";"7";"PRADOLONGO";"12";"USERA";"440417";"4469816";"40.376803396829956";"-3.7018869744559444";"";"";"";"/contenido/entidadesYorganismos/CentrosEspaciosDeporte/CamposEstadiosFutbol"
4547622;"Instalación Deportiva Municipal Básica Dehesa de Moratalaz (Antiguo Urbis)";"";"";"Campo de fútbol 11 césped artificial  Acceso controlado.";"Metro: Artilleros (línea 9).";"";"0";"http://www.madrid.es/sites/v/index.jsp?vgnextchannel=bfa48ab43d6bb410VgnVCM100000171f5a0aRCRD&vgnextoid=201778c178391110VgnVCM2000000c205a0aRCRD";"DOCTOR GARCIA TAPIA";"AVENIDA";"V";"117";"";"";"";"";"MADRID";"MADRID";"28030";"3";"MARROQUINA";"14";"MORATALAZ";"445523";"4473592";"40.41116588362631";"-3.6420705862194347";"";"";"";"/contenido/entidadesYorganismos/CentrosEspaciosDeporte/CamposEstadiosFutbol"
4554593;"Instalación Deportiva Municipal Básica Diana";"";"";"Pista polideportiva  Acceso libre.";"Metro:  Alameda de Osuna (línea 5).";"";"1";"http://www.madrid.es/sites/v/index.jsp?vgnextchannel=bfa48ab43d6bb410VgnVCM100000171f5a0aRCRD&vgnextoid=c232ee4851bd1110VgnVCM1000000b205a0aRCRD";"GALEON";"CALLE";"V";"25";"";"";"";"";"MADRID";"MADRID";"28042";"1";"ALAMEDA DE OSUNA";"21";"BARAJAS";"450434";"4478671";"40.45809551746535";"-3.582926317075547";"";"";"";"/contenido/entidadesYorganismos/CentrosEspaciosDeporte/InstalacionesDeportivasBasicas"
5935266;"Instalación Deportiva Municipal Básica Diego de Valderrábano";"";"";"Pista polideportiva Pista de bolos y petanca  Acceso libre.";"Metro: Estrella (línea 9).";"";"0";"http://www.madrid.es/sites/v/index.jsp?vgnextchannel=bfa48ab43d6bb410VgnVCM100000171f5a0aRCRD&vgnextoid=4f796e6292bdd210VgnVCM1000000b205a0aRCRD";"CORREGIDOR DIEGO DE VALDERRABANO";"CALLE";"V";"26";"";"";"";"";"MADRID";"MADRID";"28030";"4";"MEDIA LEGUA";"14";"MORATALAZ";"444075";"4473438";"40.409690049949795";"-3.6591194955518316";"";"";"";"/contenido/entidadesYorganismos/CentrosEspaciosDeporte/PistaBolosPetancaCalvaChito"
4549195;"Instalación Deportiva Municipal Básica Doctor Cirajas";"";"";"2 pistas de baloncesto  Acceso libre.";"Metro: Ciudad Lineal (línea 5), Pueblo Nuevo (líneas 5 y 7).";"";"0";"http://www.madrid.es/sites/v/index.jsp?vgnextchannel=bfa48ab43d6bb410VgnVCM100000171f5a0aRCRD&vgnextoid=7eb59c02f6d91110VgnVCM1000000b205a0aRCRD";"DOCTOR CIRAJAS";"CALLE";"V";"3";"";"";"";"CUBIERTA P.A.R.";"MADRID";"MADRID";"28017";"2";"PUEBLO NUEVO";"15";"CIUDAD LINEAL";"445934";"4476293";"40.435515856536526";"-3.6374563613179753";"";"";"";"/contenido/entidadesYorganismos/CentrosEspaciosDeporte/InstalacionesDeportivasBasicas"
6349357;"Instalación Deportiva Municipal Básica Doctor García Tapia - Carmen Amaya";"";"";"Pista de baloncesto Pista de fúbol sala 2 pistas de chito  Acceso libre.";"Metro: Pavones (líneas 9).";"";"0";"http://www.madrid.es/sites/v/index.jsp?vgnextchannel=bfa48ab43d6bb410VgnVCM100000171f5a0aRCRD&vgnextoid=50a72f68db606310VgnVCM1000000b205a0aRCRD";"DOCTOR GARCIA TAPIA";"AVENIDA";"V";"28";"";"";"";"";"MADRID";"MADRID";"28030";"3";"MARROQUINA";"14";"MORATALAZ";"444743";"4473697";"40.41206030334087";"-3.6512840783264453";"";"";"";"/contenido/entidadesYorganismos/CentrosEspaciosDeporte/PistaBolosPetancaCalvaChito"
4543938;"Instalación Deportiva Municipal Básica Doctor Vallejo - Nájera";"";"";"Pista de baloncesto  Acceso libre.";"Metro: Acacias , Pirámides (línea 5).  Renfe: Embajadores (línea C5).";"";"0";"http://www.madrid.es/sites/v/index.jsp?vgnextchannel=bfa48ab43d6bb410VgnVCM100000171f5a0aRCRD&vgnextoid=c9f1e55ea6471110VgnVCM1000000b205a0aRCRD";"GASOMETRO";"CALLE";"V";"32";"";"";"";"C/V VALLEJO NÁJERA";"MADRID";"MADRID";"28005";"2";"ACACIAS";"2";"ARGANZUELA";"439917";"4472655";"40.40233909331515";"-3.7080621422210975";"";"";"";"/contenido/entidadesYorganismos/CentrosEspaciosDeporte/InstalacionesDeportivasBasicas"
4546560;"Instalación Deportiva Municipal Básica Drácena";"";"";"Pista de hockey patines  Acceso libre.";"Consulta los siguientes enlaces.";"";"2";"http://www.madrid.es/sites/v/index.jsp?vgnextchannel=bfa48ab43d6bb410VgnVCM100000171f5a0aRCRD&vgnextoid=65c95f362cd81110VgnVCM1000000b205a0aRCRD";"PRIETO URE&amp;Ntilde;A";"CALLE";"V";"22";"";"";"";"";"MADRID";"MADRID";"28016";"5";"NUEVA ESPAÑA";"5";"CHAMARTIN";"443353";"4479511";"40.46434344279355";"-3.66816373772026";"";"";"";"/contenido/entidadesYorganismos/CentrosEspaciosDeporte/CamposHockey"
5716963;"Instalación Deportiva Municipal Básica Duque de Sevilla";"";"";"Pista de patinaje  Acceso libre.";"Metro: Cruz del Rayo (línea 9).";"";"0";"http://www.madrid.es/sites/v/index.jsp?vgnextchannel=bfa48ab43d6bb410VgnVCM100000171f5a0aRCRD&vgnextoid=bfd8516239129210VgnVCM1000000b205a0aRCRD";"DUQUE DE SEVILLA";"CALLE";"V";"1";"";"";"";"";"MADRID";"MADRID";"28002";"1";"EL VISO";"5";"CHAMARTIN";"442407";"4477001";"40.44166603700321";"-3.6791142497783973";"";"";"";"/contenido/entidadesYorganismos/CentrosEspaciosDeporte/PistasPatinaje"
50267567;"Instalación Deportiva Municipal Básica Eduardo Barreiros";"";"";"Pista de baloncesto  Acceso libre.";"Metro: Ciudad de los Ángeles (línea 3).";"";"0";"http://www.madrid.es/sites/v/index.jsp?vgnextchannel=bfa48ab43d6bb410VgnVCM100000171f5a0aRCRD&vgnextoid=ec82e883f8e2d910VgnVCM200000f921e388RCRD";"EDUARDO BARREIROS";"CALLE";"V";"63";"";"";"";"";"MADRID";"MADRID";"28041";"5";"ANGELES";"17";"VILLAVERDE";"440529";"4468150";"40.36180108054931";"-3.7004118140524356";"";"";"";"/contenido/entidadesYorganismos/CentrosEspaciosDeporte/InstalacionesDeportivasBasicas"
11352297;"Instalación Deportiva Municipal Básica Eduardo Chillida";"";"";"Pista de minibaloncesto  Pista de minipitch  Acceso libre.";"Renfe: Santa Eugenia (líneas C2, C7 y C8).";"";"0";"http://www.madrid.es/sites/v/index.jsp?vgnextchannel=bfa48ab43d6bb410VgnVCM100000171f5a0aRCRD&vgnextoid=c981763979368710VgnVCM1000001d4a900aRCRD";"EDUARDO CHILLIDA";"CALLE";"V";"2";"";"";"";"";"MADRID";"MADRID";"28051";"3";"ENSANCHE DE VALLECAS";"18";"VILLA DE VALLECAS";"450323";"4468214";"40.36302244550467";"-3.585074019427532";"";"";"";"/contenido/entidadesYorganismos/CentrosEspaciosDeporte/CamposEstadiosFutbol"
4584543;"Instalación Deportiva Municipal Básica El Bosco";"";"";"Pista polideportiva  Acceso libre.";"Consulta los siguientes enlaces.";"";"2";"http://www.madrid.es/sites/v/index.jsp?vgnextchannel=bfa48ab43d6bb410VgnVCM100000171f5a0aRCRD&vgnextoid=39a4ed32dd2c2110VgnVCM1000000b205a0aRCRD";"EL BOSCO";"CALLE";"V";"14";"";"";"";"";"MADRID";"MADRID";"28038";"6";"NUMANCIA";"13";"PUENTE DE VALLECAS";"444724";"4472523";"40.40148296368549";"-3.651406031292048";"";"";"";"/contenido/entidadesYorganismos/CentrosEspaciosDeporte/InstalacionesDeportivasBasicas"
4540585;"Instalación Deportiva Municipal Básica El Bosque";"";"";"Pista de fútbol sala  Acceso libre.";"Consulta los siguientes enlaces.";"";"2";"http://www.madrid.es/sites/v/index.jsp?vgnextchannel=bfa48ab43d6bb410VgnVCM100000171f5a0aRCRD&vgnextoid=fe125696ed551110VgnVCM1000000b205a0aRCRD";"GOLMAYO";"PLAZA";"V";"17";"";"";"";"";"MADRID";"MADRID";"28033";"4";"PINAR DEL REY";"16";"HORTALEZA";"443890";"4479818";"40.46714774021119";"-3.6618563692082393";"";"";"";"/contenido/entidadesYorganismos/CentrosEspaciosDeporte/PistaFutbolSala"
5785236;"Instalación Deportiva Municipal Básica El Capricho";"";"";"Campo de futbol 11 césped artificial Campo de fútbol 7 de tierra  Acceso controlado.";"Metro: El Capricho (línea 5).";"";"2";"http://www.madrid.es/sites/v/index.jsp?vgnextchannel=bfa48ab43d6bb410VgnVCM100000171f5a0aRCRD&vgnextoid=57308be7ed48a210VgnVCM2000000c205a0aRCRD";"ALAMEDA DE OSUNA";"PASEO";"V";"48";"";"";"";"";"MADRID";"MADRID";"28042";"1";"ALAMEDA DE OSUNA";"21";"BARAJAS";"449179";"4478356";"40.45430519267116";"-3.599375619694702";"";"";"";"/contenido/entidadesYorganismos/CentrosEspaciosDeporte/CamposEstadiosFutbol"
50266458;"Instalación Deportiva Municipal Básica El Cañaveral";"";"";"2 pistas de baloncesto Pista de fútbol sala  Acceso libre.";"Consulta los siguientes enlaces.";"";"0";"http://www.madrid.es/sites/v/index.jsp?vgnextchannel=bfa48ab43d6bb410VgnVCM100000171f5a0aRCRD&vgnextoid=9c6b7ec22b92d910VgnVCM100000891ecb1aRCRD";"MARIO MORENO CANTINFLAS";"CALLE";"V";"22";"";"";"";"";"MADRID";"MADRID";"28052";"4";"EL CAÑAVERAL";"19";"VICALVARO";"452644";"4472884";"40.40085012437906";"-3.5636530400694264";"";"";"";"/contenido/entidadesYorganismos/CentrosEspaciosDeporte/PistaFutbolSala"
50266473;"Instalación Deportiva Municipal Básica El Cañaveral C.F.";"";"";"Campo de fútbol 11 de césped artifcial  Acceso controlado.";"Consulta los siguientes enlaces.";"";"0";"http://www.madrid.es/sites/v/index.jsp?vgnextchannel=bfa48ab43d6bb410VgnVCM100000171f5a0aRCRD&vgnextoid=f0cd7ec22b92d910VgnVCM100000891ecb1aRCRD";"IGUALDAD";"CALLE";"V";"21";"";"";"";"";"MADRID";"MADRID";"28052";"4";"EL CAÑAVERAL";"19";"VICALVARO";"452355";"4473093";"40.40708885441662";"-3.5615108433570484";"";"";"";"/contenido/entidadesYorganismos/CentrosEspaciosDeporte/CamposEstadiosFutbol"
50327858;"Instalación Deportiva Municipal Básica El Cañaveral II";"";"";"Pista de baloncesto 2 pistas de mini baloncesto Pista de patinaje Pista polideportiva  Acceso libre.";"Consulta los siguientes enlaces.";"";"0";"http://www.madrid.es/sites/v/index.jsp?vgnextchannel=bfa48ab43d6bb410VgnVCM100000171f5a0aRCRD&vgnextoid=3e2df24f9288e910VgnVCM100000891ecb1aRCRD";"DIALOGO";"CALLE";"V";"";"";"";"";"C/V CALLE TOLERANCIA";"MADRID";"MADRID";"";"";"";"";"DISTRITO";"452659";"4472854";"40.40539495274808";"-3.5574506843489075";"";"";"";"/contenido/entidadesYorganismos/CentrosEspaciosDeporte/PistasPatinaje"
4541995;"Instalación Deportiva Municipal Básica El Cruce";"";"";"2 pistas polideportivas  Acceso libre.";"Metro: Villaverde Bajo Cruce (línea 3).";"";"0";"http://www.madrid.es/sites/v/index.jsp?vgnextchannel=bfa48ab43d6bb410VgnVCM100000171f5a0aRCRD&vgnextoid=6d84cf0980a61110VgnVCM1000000b205a0aRCRD";"SANTIAGO AMON";"CALLE";"V";"6";"";"";"";"";"MADRID";"MADRID";"28021";"5";"ANGELES";"17";"VILLAVERDE";"441089";"4466773";"40.3494383600748";"-3.6936884772026106";"";"";"";"/contenido/entidadesYorganismos/CentrosEspaciosDeporte/InstalacionesDeportivasBasicas"
4544044;"Instalación Deportiva Municipal Básica El Espinillo I Auditorio";"";"";"Pista de patinaje 2 pistas polideportivas  Acceso libre.";"Metro: Ciudad de los Ángeles (línea 3).";"";"0";"http://www.madrid.es/sites/v/index.jsp?vgnextchannel=bfa48ab43d6bb410VgnVCM100000171f5a0aRCRD&vgnextoid=4b0169ef89471110VgnVCM1000000b205a0aRCRD";"TERTULIA";"CALLE";"V";"5";"";"";"";"";"MADRID";"MADRID";"28041";"4";"LOS ROSALES";"17";"VILLAVERDE";"441178";"4468146";"40.36181729756871";"-3.692768459170905";"";"";"";"/contenido/entidadesYorganismos/CentrosEspaciosDeporte/PistasPatinaje"
5695077;"Instalación Deportiva Municipal Básica El Espinillo III";"";"";"Pista polideportiva  Acceso libre.";"Metro: Ciudad de los Ángeles (línea 3).";"";"0";"http://www.madrid.es/sites/v/index.jsp?vgnextchannel=bfa48ab43d6bb410VgnVCM100000171f5a0aRCRD&vgnextoid=c81844c95c9b8210VgnVCM2000000c205a0aRCRD";"UNANIMIDAD";"CALLE";"V";"39";"";"";"";"";"MADRID";"MADRID";"28041";"4";"LOS ROSALES";"17";"VILLAVERDE";"441873";"4467880";"40.359461719956535";"-3.684561349168597";"";"";"";"/contenido/entidadesYorganismos/CentrosEspaciosDeporte/InstalacionesDeportivasBasicas"
4527600;"Instalación Deportiva Municipal Básica El Parque";"";"";"Pista polideportiva  Acceso libre.";"Metro: Príncipe Pío (líneas 6, 10 y R).  Renfe: Príncipe Pío (líneas C1, C7 y C10).";"";"0";"http://www.madrid.es/sites/v/index.jsp?vgnextchannel=bfa48ab43d6bb410VgnVCM100000171f5a0aRCRD&vgnextoid=6de7849491df0110VgnVCM1000000b205a0aRCRD";"COMANDANTE FORTEA";"PASEO";"V";"25";"";"";"";"";"MADRID";"MADRID";"28008";"1";"CASA DE CAMPO";"9";"MONCLOA-ARAVACA";"437933";"4475287";"40.42589471749026";"-3.7316975783571404";"";"";"";"/contenido/entidadesYorganismos/CentrosEspaciosDeporte/InstalacionesDeportivasBasicas"
4541768;"Instalación Deportiva Municipal Básica El Pedernoso - Parque de Villa Rosa - Paco Caño";"";"";"Pista polideportiva 2 tenis de mesa  Acceso libre.";"Metro: Canillas (línea 4).";"";"0";"http://www.madrid.es/sites/v/index.jsp?vgnextchannel=bfa48ab43d6bb410VgnVCM100000171f5a0aRCRD&vgnextoid=5ce8dec5c4961110VgnVCM1000000b205a0aRCRD";"LAS PEDRO&amp;Ntilde;ERAS";"CALLE";"V";"42";"";"";"";"CUBIERTA P.A.R.";"MADRID";"MADRID";"28043";"3";"CANILLAS";"16";"HORTALEZA";"446546";"4479816";"40.467306798706005";"-3.6305372141187644";"";"";"";"/contenido/entidadesYorganismos/CentrosEspaciosDeporte/InstalacionesDeportivasBasicas"
4555915;"Instalación Deportiva Municipal Básica El Torero";"";"";"Pista de baloncesto Pista de patinaje Parque de calistenia Frontón corto  Acceso libre.";"Metro: Usera (línea 6).";"";"2";"http://www.madrid.es/sites/v/index.jsp?vgnextchannel=bfa48ab43d6bb410VgnVCM100000171f5a0aRCRD&vgnextoid=13562784040e1110VgnVCM1000000b205a0aRCRD";"TORERO";"CALLE";"V";"10";"";"";"";"C/V CALLE ANTONIO LÓPEZ";"MADRID";"MADRID";"28026";"5";"MOSCARDO";"12";"USERA";"440056";"4471538";"40.392288550720345";"-3.7063017510914533";"";"";"";"/contenido/entidadesYorganismos/CentrosEspaciosDeporte/PistasPatinaje"
4548146;"Instalación Deportiva Municipal Básica El Vandel";"";"";"Parque de calistenia Pista de baloncesto Pista de fútbol sala Pista de running (acondicionamiento físico)  Acceso libre.";"Consulta los siguientes enlaces.";"";"0";"http://www.madrid.es/sites/v/index.jsp?vgnextchannel=bfa48ab43d6bb410VgnVCM100000171f5a0aRCRD&vgnextoid=18feabc170891110VgnVCM2000000c205a0aRCRD";"FLORENCIO CANO CRISTOBAL";"CALLE";"V";"8";"";"";"";"";"MADRID";"MADRID";"28030";"3";"MARROQUINA";"14";"MORATALAZ";"446353";"4473456";"40.4099962233355";"-3.632267475563551";"";"";"";"/contenido/entidadesYorganismos/CentrosEspaciosDeporte/CircuitosFooting"
4557740;"Instalación Deportiva Municipal Básica Electra";"";"";"Pista de baloncesto 2 pistas de chito Pista polideportiva Tenis de mesa  Acceso libre.";"Metro: Torre Arias (línea 5).";"";"0";"http://www.madrid.es/sites/v/index.jsp?vgnextchannel=bfa48ab43d6bb410VgnVCM100000171f5a0aRCRD&vgnextoid=200b97fcc9ae1110VgnVCM1000000b205a0aRCRD";"CRONOS";"CALLE";"V";"30";"";"";"";"";"MADRID";"MADRID";"28037";"1";"SIMANCAS";"20";"SAN BLAS-CANILLEJAS";"447530";"4476940";"40.44145923467107";"-3.6186830946943935";"";"";"";"/contenido/entidadesYorganismos/CentrosEspaciosDeporte/PistaBolosPetancaCalvaChito"
4527223;"Instalación Deportiva Municipal Básica Embajadores M-30";"";"";"Pista de fútbol sala  Acceso libre.";"Consulta los siguientes enlaces.";"";"0";"http://www.madrid.es/sites/v/index.jsp?vgnextchannel=bfa48ab43d6bb410VgnVCM100000171f5a0aRCRD&vgnextoid=aefe124827ee0110VgnVCM1000000b205a0aRCRD";"PUERTO DE LA CRUZ VERDE";"CALLE";"V";"31";"";"";"";"";"MADRID";"MADRID";"28045";"4";"LEGAZPI";"2";"ARGANZUELA";"441761";"4470603";"40.38398561543995";"-3.686127759353534";"";"";"";"/contenido/entidadesYorganismos/CentrosEspaciosDeporte/PistaFutbolSala"
11353987;"Instalación Deportiva Municipal Básica Embalse de San Juan";"";"";"Pista de baloncesto Pista de fútbol sala  Acceso libre.";"Renfe: Santa Eugenia (líneas C2, C7 y C8).";"";"2";"http://www.madrid.es/sites/v/index.jsp?vgnextchannel=bfa48ab43d6bb410VgnVCM100000171f5a0aRCRD&vgnextoid=fa29f533a3468710VgnVCM1000001d4a900aRCRD";"CA&amp;Ntilde;ADA DEL SANTISIMO";"CALLE";"V";"47";"";"";"";"";"MADRID";"MADRID";"28051";"3";"ENSANCHE DE VALLECAS";"18";"VILLA DE VALLECAS";"449010";"4468144";"40.362315118210404";"-3.6005273001903397";"";"";"";"/contenido/entidadesYorganismos/CentrosEspaciosDeporte/PistaFutbolSala"
12032809;"Instalación Deportiva Municipal Básica Embarcadero Estanque Pradolongo";"";"";"Pirag&amp;uuml;ismo  Acceso controlado.";"Consulta los siguientes enlaces.";"";"0";"http://www.madrid.es/sites/v/index.jsp?vgnextchannel=bfa48ab43d6bb410VgnVCM100000171f5a0aRCRD&vgnextoid=6c640e08d6a98810VgnVCM2000001f4a900aRCRD";"PRADOLONGO";"PARQUE";"T";"";"";"";"";"";"MADRID";"MADRID";"";"";"";"";"DISTRITO";"440504";"4470179";"40.380083489626344";"-3.700896930915206";"";"";"";"/contenido/entidadesYorganismos/CentrosEspaciosDeporte/Embarcaderos"
4547580;"Instalación Deportiva Municipal Básica Encomienda de Palacios (Colegio Echegaray)";"";"";"Pista polideportiva  Acceso libre.";"Metro: Pavones (línea 9).";"";"0";"http://www.madrid.es/sites/v/index.jsp?vgnextchannel=bfa48ab43d6bb410VgnVCM100000171f5a0aRCRD&vgnextoid=1986f30a37391110VgnVCM2000000c205a0aRCRD";"ENCOMIENDA DE PALACIOS";"CALLE";"V";"334";"";"";"";"";"MADRID";"MADRID";"28030";"1";"PAVONES";"14";"MORATALAZ";"446115";"4471953";"40.396441400543296";"-3.6349518376090617";"";"";"";"/contenido/entidadesYorganismos/CentrosEspaciosDeporte/InstalacionesDeportivasBasicas"
11350948;"Instalación Deportiva Municipal Básica Ensanche de Vallecas";"";"";"Pista de minibaloncesto Pista de minipitch Pista de skate  Acceso libre.";"Metro: Las Suertes (línea 1).";"";"2";"http://www.madrid.es/sites/v/index.jsp?vgnextchannel=bfa48ab43d6bb410VgnVCM100000171f5a0aRCRD&vgnextoid=867fd112cde58710VgnVCM1000001d4a900aRCRD";"CA&amp;Ntilde;ADA DEL SANTISIMO";"CALLE";"V";"39";"";"";"";"";"MADRID";"MADRID";"28051";"3";"ENSANCHE DE VALLECAS";"18";"VILLA DE VALLECAS";"449177";"4468384";"40.364484780717504";"-3.59858329881689";"";"";"";"/contenido/entidadesYorganismos/CentrosEspaciosDeporte/CamposEstadiosFutbol"
50264376;"Instalación Deportiva Municipal Básica Ensidesa";"";"";"2 pistas de bolos y petanca Pista de patinaje  Acceso libre.";"Metro: Suanzes, Torre Arias (línea 5).";"";"0";"http://www.madrid.es/sites/v/index.jsp?vgnextchannel=bfa48ab43d6bb410VgnVCM100000171f5a0aRCRD&vgnextoid=19c2758449f1d910VgnVCM100000891ecb1aRCRD";"ENSIDESA";"PLAZA";"V";"7";"";"";"";"";"MADRID";"MADRID";"28027";"8";"EL SALVADOR";"20";"SAN BLAS-CANILLEJAS";"447132";"4477228";"40.44403170570658";"-3.6234058118320864";"";"";"";"/contenido/entidadesYorganismos/CentrosEspaciosDeporte/PistaBolosPetancaCalvaChito"
4629031;"Instalación Deportiva Municipal Básica Eros";"";"";"Pista de mini baloncesto  Acceso libre.";"Metro: Méndez Álvaro (línea 6).  Renfe: Méndez Álvaro (líneas C1, C5, C7 y C10).";"";"0";"http://www.madrid.es/sites/v/index.jsp?vgnextchannel=bfa48ab43d6bb410VgnVCM100000171f5a0aRCRD&vgnextoid=bcceaba3b9194110VgnVCM1000000b205a0aRCRD";"EROS";"CALLE";"V";"6";"";"";"";"";"MADRID";"MADRID";"28045";"4";"LEGAZPI";"2";"ARGANZUELA";"442278";"4471658";"40.39352590492843";"-3.6801309337036407";"";"";"";"/contenido/entidadesYorganismos/CentrosEspaciosDeporte/InstalacionesDeportivasBasicas"
50262630;"Instalación Deportiva Municipal Básica Escultor Peresejo";"";"";"Campo de fútbol 11 de tierra  Acceso libre.";"Renfe: Aravaca (líneas C7 y C10).";"";"0";"http://www.madrid.es/sites/v/index.jsp?vgnextchannel=bfa48ab43d6bb410VgnVCM100000171f5a0aRCRD&vgnextoid=7870f7d22e91d910VgnVCM200000f921e388RCRD";"ESCULTOR PERESEJO";"CALLE";"V";"11";"";"";"";"";"MADRID";"MADRID";"28023";"7";"ARAVACA";"9";"MONCLOA-ARAVACA";"432826";"4478333";"40.452952334901596";"-3.7922066590569097";"";"";"";"/contenido/entidadesYorganismos/CentrosEspaciosDeporte/CamposEstadiosFutbol"
4557463;"Instalación Deportiva Municipal Básica Esfinge";"";"";"Pista de baloncesto 14 pistas de bolos y petanca 8 pistas de calva Pista de fútbol sala  Acceso libre.";"Metro: Torre Arias (línea 5).";"";"0";"http://www.madrid.es/sites/v/index.jsp?vgnextchannel=bfa48ab43d6bb410VgnVCM100000171f5a0aRCRD&vgnextoid=0e23950eb4ae1110VgnVCM1000000b205a0aRCRD";"ESFINGE";"CALLE";"V";"58";"";"";"";"CUBIERTA P.A.R.";"MADRID";"MADRID";"28022";"7";"CANILLEJAS";"20";"SAN BLAS-CANILLEJAS";"448328";"4477110";"40.44304433513549";"-3.6092932505262074";"";"";"";"/contenido/entidadesYorganismos/CentrosEspaciosDeporte/PistaBolosPetancaCalvaChito"
10915700;"Instalación Deportiva Municipal Básica Espacio Polivalente Embajadores 18";"";"";"Pista de bolos y petanca Campo de minipitch de césped artificial  Acceso libre.";"Metro: La Latina (línea 5).";"";"0";"http://www.madrid.es/sites/v/index.jsp?vgnextchannel=bfa48ab43d6bb410VgnVCM100000171f5a0aRCRD&vgnextoid=a0103e641a099610VgnVCM1000001d4a900aRCRD";"EMBAJADORES";"CALLE";"V";"18";"";"";"";"";"MADRID";"MADRID";"28012";"2";"EMBAJADORES";"1";"CENTRO";"440080";"4473475";"40.40974351501623";"-3.7062002853639266";"";"";"";"/contenido/entidadesYorganismos/CentrosEspaciosDeporte/CamposEstadiosFutbol"
4540393;"Instalación Deportiva Municipal Básica Esperanza I - Agrupación Deportiva Esperanza";"";"";"Campo de fútbol 11 césped artificial Pista de fútbol sala césped artificial  Acceso controlado.";"Metro: Esperanza (línea 4).";"";"2";"http://www.madrid.es/sites/v/index.jsp?vgnextchannel=bfa48ab43d6bb410VgnVCM100000171f5a0aRCRD&vgnextoid=414fdc7deb551110VgnVCM1000000b205a0aRCRD";"SILVANO";"CALLE";"V";"67";"";"";"";"";"MADRID";"MADRID";"28043";"3";"CANILLAS";"16";"HORTALEZA";"445572";"4479047";"40.46031727213041";"-3.6419596756905563";"";"";"";"/contenido/entidadesYorganismos/CentrosEspaciosDeporte/CamposEstadiosFutbol"
5718683;"Instalación Deportiva Municipal Básica Esperanza II";"";"";"Pista polideportiva  Acceso libre.";"Metro: Esperanza (línea 4).";"";"1";"http://www.madrid.es/sites/v/index.jsp?vgnextchannel=bfa48ab43d6bb410VgnVCM100000171f5a0aRCRD&vgnextoid=b665f7513a629210VgnVCM1000000b205a0aRCRD";"SILVANO";"CALLE";"V";"61";"";"";"";"";"MADRID";"MADRID";"28043";"3";"CANILLAS";"16";"HORTALEZA";"445474";"4478911";"40.459082202600115";"-3.643098932325283";"";"";"";"/contenido/entidadesYorganismos/CentrosEspaciosDeporte/InstalacionesDeportivasBasicas"
4528794;"Instalación Deportiva Municipal Básica Estanque de las Tormentas";"";"";"Pista de baloncesto Pista de mini baloncesto 3 pistas de fútbol sala Pista de patinaje Pista de voleibol 2 tenis de mesa   Acceso libre.";"Consulta los siguientes enlaces.";"";"0";"http://www.madrid.es/sites/v/index.jsp?vgnextchannel=bfa48ab43d6bb410VgnVCM100000171f5a0aRCRD&vgnextoid=e33d50aa44301110VgnVCM1000000b205a0aRCRD";"ARROYO DE POZUELO";"CALLE";"V";"6";"";"";"";"";"MADRID";"MADRID";"28023";"7";"ARAVACA";"9";"MONCLOA-ARAVACA";"434779";"4478162";"40.45156253178623";"-3.7691550610977034";"";"";"";"/contenido/entidadesYorganismos/CentrosEspaciosDeporte/PistasPatinaje"
5695803;"Instalación Deportiva Municipal Básica Estefanita";"";"";"Pista de baloncesto  Acceso libre.";"Consulta los siguientes enlaces.";"";"0";"http://www.madrid.es/sites/v/index.jsp?vgnextchannel=bfa48ab43d6bb410VgnVCM100000171f5a0aRCRD&vgnextoid=cc6a9ca899ab8210VgnVCM2000000c205a0aRCRD";"ESTEFANITA";"CALLE";"V";"7";"";"";"";"DETRÁS";"MADRID";"MADRID";"28021";"3";"BUTARQUE";"17";"VILLAVERDE";"442655";"4466342";"40.345660999492566";"-3.6752185536053323";"";"";"";"/contenido/entidadesYorganismos/CentrosEspaciosDeporte/InstalacionesDeportivasBasicas"
4542884;"Instalación Deportiva Municipal Básica Estíbaliz";"";"";"Frontón corto  Acceso libre.";"Metro: Pinar del Rey (línea 8).";"";"2";"http://www.madrid.es/sites/v/index.jsp?vgnextchannel=bfa48ab43d6bb410VgnVCM100000171f5a0aRCRD&vgnextoid=7faee49123f61110VgnVCM1000000b205a0aRCRD";"ESTIBALIZ";"CALLE";"V";"30";"";"";"";"";"MADRID";"MADRID";"28043";"4";"PINAR DEL REY";"16";"HORTALEZA";"445046";"4480126";"40.46991381462224";"-3.6482119189374766";"";"";"";"/contenido/entidadesYorganismos/CentrosEspaciosDeporte/Frontones"
4557842;"Instalación Deportiva Municipal Básica Euterpe";"";"";"Campo de fútbol 11 césped artificial  Acceso controlado.";"Consulta los siguientes enlaces.";"";"0";"http://www.madrid.es/sites/v/index.jsp?vgnextchannel=bfa48ab43d6bb410VgnVCM100000171f5a0aRCRD&vgnextoid=b5e475944bae1110VgnVCM1000000b205a0aRCRD";"EUTERPE";"CALLE";"V";"1";"";"";"";"";"MADRID";"MADRID";"28022";"6";"REJAS";"20";"SAN BLAS-CANILLEJAS";"449840";"4477595";"40.44749880003797";"-3.5915203945028886";"";"";"";"/contenido/entidadesYorganismos/CentrosEspaciosDeporte/CamposEstadiosFutbol"
50264410;"Instalación Deportiva Municipal Básica Euterpe Circuito";"";"";"Pista de BMX tierra  Acceso libre.";"Consulta los siguientes enlaces.";"";"0";"http://www.madrid.es/sites/v/index.jsp?vgnextchannel=bfa48ab43d6bb410VgnVCM100000171f5a0aRCRD&vgnextoid=1d290f3c2af1d910VgnVCM100000891ecb1aRCRD";"EUTERPE";"CALLE";"V";"1";"";"";"";"";"MADRID";"MADRID";"28022";"6";"REJAS";"20";"SAN BLAS-CANILLEJAS";"449840";"4477595";"40.44749880003797";"-3.5915203945028886";"";"";"";"/contenido/entidadesYorganismos/CentrosEspaciosDeporte/CircuitoBMX"
36401;"Instalación Deportiva Municipal Básica Eva Duarte";"";"";"2 pistas de pádel 3 pistas de polideportivas Rocódromo 2 tenis de mesa  Acceso libre.";"Metro: Manuel Becerra (líneas 2 y 6), Ventas (líneas 2 y 5).";"";"1";"http://www.madrid.es/sites/v/index.jsp?vgnextchannel=bfa48ab43d6bb410VgnVCM100000171f5a0aRCRD&vgnextoid=015e0a47f441f010VgnVCM2000000c205a0aRCRD";"DOCTOR GOMEZ ULLA";"CALLE";"V";"13";"";"";"";"";"MADRID";"MADRID";"28028";"4";"GUINDALERA";"4";"SALAMANCA";"443387";"4475807";"40.43097657471495";"-3.667436541336576";"917 266 381";"";"";"/contenido/entidadesYorganismos/CentrosEspaciosDeporte/PistasPadel"
4556684;"Instalación Deportiva Municipal Básica Evangelios - Almendrales";"";"";"Pista polideportiva  Acceso libre.";"Metro: Almendrales (línea 3).";"";"0";"http://www.madrid.es/sites/v/index.jsp?vgnextchannel=bfa48ab43d6bb410VgnVCM100000171f5a0aRCRD&vgnextoid=362bfcab645e1110VgnVCM1000000b205a0aRCRD";"EVANGELIOS";"CALLE";"V";"4";"";"";"";"";"MADRID";"MADRID";"28026";"4";"ALMENDRALES";"12";"USERA";"440535";"4470532";"40.383258382877266";"-3.7005815819050203";"";"";"";"/contenido/entidadesYorganismos/CentrosEspaciosDeporte/InstalacionesDeportivasBasicas"
50266483;"Instalación Deportiva Municipal Básica Ezcaray";"";"";"Pista de baloncesto  Acceso libre.";"Consulta los siguientes enlaces.";"";"0";"http://www.madrid.es/sites/v/index.jsp?vgnextchannel=bfa48ab43d6bb410VgnVCM100000171f5a0aRCRD&vgnextoid=2cce7ec22b92d910VgnVCM100000891ecb1aRCRD";"EZCARAY";"CALLE";"V";"13";"";"";"";"";"MADRID";"MADRID";"28032";"1";"CASCO H.VICALVARO";"19";"VICALVARO";"448051";"4473579";"40.41121744174593";"-3.6122735467207288";"";"";"";"/contenido/entidadesYorganismos/CentrosEspaciosDeporte/InstalacionesDeportivasBasicas"
6310191;"Instalación Deportiva Municipal Básica Fermín Caballero";"";"";"6 pistas de bolos y petanca 2 pistas de chito Pista de patinaje  Acceso libre.";"Metro: Avenida de la Ilustración (línea 7).";"";"0";"http://www.madrid.es/sites/v/index.jsp?vgnextchannel=bfa48ab43d6bb410VgnVCM100000171f5a0aRCRD&vgnextoid=d7fc3b3737d35310VgnVCM2000000c205a0aRCRD";"FERMIN CABALLERO";"CALLE";"V";"88";"";"";"";"";"MADRID";"MADRID";"28035";"3";"PEÑA GRANDE";"8";"FUENCARRAL-EL PARDO";"439045";"4481211";"40.47935162025493";"-3.719158405265364";"";"";"";"/contenido/entidadesYorganismos/CentrosEspaciosDeporte/PistaBolosPetancaCalvaChito"
4582808;"Instalación Deportiva Municipal Básica Francisco Laguna";"";"";"Pista de baloncesto 2 pista de fútbol sala Tenis de mesa  Acceso libre.";"Consulta los siguientes enlaces.";"";"0";"http://www.madrid.es/sites/v/index.jsp?vgnextchannel=bfa48ab43d6bb410VgnVCM100000171f5a0aRCRD&vgnextoid=8a5ec69590db2110VgnVCM1000000b205a0aRCRD";"FRANCISCO LAGUNA";"CALLE";"V";"26";"";"";"";"";"MADRID";"MADRID";"28053";"2";"SAN DIEGO";"13";"PUENTE DE VALLECAS";"443139";"4471317";"40.39051190105737";"-3.669975407440883";"";"";"";"/contenido/entidadesYorganismos/CentrosEspaciosDeporte/InstalacionesDeportivasBasicas"
5870223;"Instalación Deportiva Municipal Básica Francisco de Goya";"";"";"Pista de baloncesto Pista de patinaje Pista de voleibol Parque de calistenia   Acceso libre.";"Metro: Príncipe Pío (lineas 6, 10 y R).  Renfe: Príncipe Pío (líneas C1, C7 y C10).";"";"0";"http://www.madrid.es/sites/v/index.jsp?vgnextchannel=bfa48ab43d6bb410VgnVCM100000171f5a0aRCRD&vgnextoid=3416f80f8de5c210VgnVCM1000000b205a0aRCRD";"MOZART";"CALLE";"V";"48";"";"";"";"";"MADRID";"MADRID";"28008";"";"";"9";"MONCLOA-ARAVACA";"438571";"4475217";"40.42532154610939";"-3.7241491272892544";"";"";"";"/contenido/entidadesYorganismos/CentrosEspaciosDeporte/PistasPatinaje"
4555896;"Instalación Deportiva Municipal Básica Frontón Orcasitas";"";"";"Frontón corto 2 tenis mesa  Acceso libre.";"Renfe: Orcasitas (línea C5).";"";"2";"http://www.madrid.es/sites/v/index.jsp?vgnextchannel=bfa48ab43d6bb410VgnVCM100000171f5a0aRCRD&vgnextoid=e4e92784040e1110VgnVCM1000000b205a0aRCRD";"CAMINO VIEJO DE VILLAVERDE";"CALLE";"V";"26";"";"";"";"";"MADRID";"MADRID";"28041";"1";"ORCASITAS";"12";"USERA";"439644";"4469084";"40.370156708128164";"-3.7109195161638535";"";"";"";"/contenido/entidadesYorganismos/CentrosEspaciosDeporte/Frontones"
5922619;"Instalación Deportiva Municipal Básica Frontón Polideportivo San Fermín";"";"";"Frontón corto  Acceso libre.";"Metro: Hospital Doce de Octubre (línea 3).";"";"2";"http://www.madrid.es/sites/v/index.jsp?vgnextchannel=bfa48ab43d6bb410VgnVCM100000171f5a0aRCRD&vgnextoid=bf3908570f39d210VgnVCM2000000c205a0aRCRD";"SAN MAXIMO";"CALLE";"V";"10";"";"";"";"";"MADRID";"MADRID";"28041";"3";"SAN FERMIN";"12";"USERA";"441177";"4469731";"40.376095950252086";"-3.6929323503920717";"";"";"";"/contenido/entidadesYorganismos/CentrosEspaciosDeporte/Frontones"
4557031;"Instalación Deportiva Municipal Básica Frontón San Fermín";"";"";"Frontón corto  Acceso libre.";"Consulta los siguientes enlaces.";"";"0";"http://www.madrid.es/sites/v/index.jsp?vgnextchannel=bfa48ab43d6bb410VgnVCM100000171f5a0aRCRD&vgnextoid=bd6a8d498a5e1110VgnVCM1000000b205a0aRCRD";"DE PERALES";"CAMINO";"V";"136";"";"";"";"";"MADRID";"MADRID";"28041";"3";"SAN FERMIN";"12";"USERA";"441656";"4469042";"40.36990586456809";"-3.6872392651660495";"";"";"";"/contenido/entidadesYorganismos/CentrosEspaciosDeporte/Frontones"
4548581;"Instalación Deportiva Municipal Básica Frontón Tudelillas";"";"";"Frontón corto  Acceso libre.";"Consulta los siguientes enlaces.";"";"2";"http://www.madrid.es/sites/v/index.jsp?vgnextchannel=bfa48ab43d6bb410VgnVCM100000171f5a0aRCRD&vgnextoid=86121b40e9891110VgnVCM2000000c205a0aRCRD";"PABLO IGLESIAS";"AVENIDA";"V";"62";"";"";"";"CALLE TUDELILLA";"MADRID";"MADRID";"28039";"1";"BELLAS VISTAS";"6";"TETUAN";"439709";"4478135";"40.451690390542296";"-3.7110210478690155";"";"";"";"/contenido/entidadesYorganismos/CentrosEspaciosDeporte/Frontones"
4556422;"Instalación Deportiva Municipal Básica Frontón Zofio";"";"";"Frontón corto  Acceso libre.";"Metro: Plaza Elíptica (líneas 6 y 11).";"";"2";"http://www.madrid.es/sites/v/index.jsp?vgnextchannel=bfa48ab43d6bb410VgnVCM100000171f5a0aRCRD&vgnextoid=f4744bb2984e1110VgnVCM1000000b205a0aRCRD";"RICARDO BELTRAN Y ROZPIDE";"CALLE";"V";"16";"";"";"";"";"MADRID";"MADRID";"28026";"6";"ZOFIO";"12";"USERA";"439051";"4470174";"40.37992590963709";"-3.7180064038885896";"";"";"";"/contenido/entidadesYorganismos/CentrosEspaciosDeporte/Frontones"
11353992;"Instalación Deportiva Municipal Básica Fuente Espina";"";"";"Pista de patinaje  Acceso libre.";"Renfe: Santa Eugenia (líneas C2, C7 y C8).";"";"2";"http://www.madrid.es/sites/v/index.jsp?vgnextchannel=bfa48ab43d6bb410VgnVCM100000171f5a0aRCRD&vgnextoid=1cf9f533a3468710VgnVCM1000001d4a900aRCRD";"FUENTESPINA";"CALLE";"V";"31";"";"";"";"";"MADRID";"MADRID";"28031";"2";"SANTA EUGENIA";"18";"VILLA DE VALLECAS";"448524";"4470030";"40.379273217545474";"-3.6064126945492285";"";"";"";"/contenido/entidadesYorganismos/CentrosEspaciosDeporte/PistasPatinaje"
4580220;"Instalación Deportiva Municipal Básica Fuente de Lima";"";"";"Pista de baloncesto  Acceso libre.";"Metro: Aviación Española (línea 10).  Renfe: Las Águilas (línea C5).";"";"0";"http://www.madrid.es/sites/v/index.jsp?vgnextchannel=bfa48ab43d6bb410VgnVCM100000171f5a0aRCRD&vgnextoid=4756f9a1382b2110VgnVCM1000000b205a0aRCRD";"FUENTE DE LIMA";"CALLE";"V";"24";"";"";"";"";"MADRID";"MADRID";"28024";"7";"LAS AGUILAS";"10";"LATINA";"433634";"4470513";"40.3825571125298";"-3.7818748425273556";"";"";"";"/contenido/entidadesYorganismos/CentrosEspaciosDeporte/InstalacionesDeportivasBasicas"
4564155;"Instalación Deportiva Municipal Básica Fuerte de Navidad";"";"";"Pista de baloncesto  Acceso libre.";"Cercanías: Maestra Justa Freire-Polideportivo Aluche (línea C5).";"";"0";"http://www.madrid.es/sites/v/index.jsp?vgnextchannel=bfa48ab43d6bb410VgnVCM100000171f5a0aRCRD&vgnextoid=70935ad152322110VgnVCM1000000b205a0aRCRD";"FUERTE DE NAVIDAD";"CALLE";"V";"11";"";"";"";"";"MADRID";"MADRID";"28044";"7";"LAS AGUILAS";"10";"LATINA";"435046";"4470307";"40.38082264416181";"-3.7651982360697307";"";"";"";"/contenido/entidadesYorganismos/CentrosEspaciosDeporte/InstalacionesDeportivasBasicas"
6289003;"Instalación Deportiva Municipal Básica Gabriela Mistral";"";"";"Pista de baloncesto  Acceso libre.";"Metro: Lacoma (línea 7).";"";"0";"http://www.madrid.es/sites/v/index.jsp?vgnextchannel=bfa48ab43d6bb410VgnVCM100000171f5a0aRCRD&vgnextoid=989d6ddd521d4310VgnVCM2000000c205a0aRCRD";"ARROYO DEL MONTE";"CALLE";"V";"5";"";"";"";"";"MADRID";"MADRID";"28049";"2";"FUENTELARREINA";"8";"FUENCARRAL-EL PARDO";"437683";"4481905";"40.4855081729451";"-3.735278975476509";"";"";"";"/contenido/entidadesYorganismos/CentrosEspaciosDeporte/InstalacionesDeportivasBasicas"
50135984;"Instalación Deportiva Municipal Básica Gainza";"";"";"Pista de baloncesto 2 pistas de pickleball Pista polideportiva Parque de calistenia 2 tenis mesa Pista de voleibol  Acceso controlado.";"Consulta los siguientes enlaces.";"";"2";"http://www.madrid.es/sites/v/index.jsp?vgnextchannel=bfa48ab43d6bb410VgnVCM100000171f5a0aRCRD&vgnextoid=d0beca5e1b09a910VgnVCM100000891ecb1aRCRD";"GAINZA";"CALLE";"V";"14";"";"";"";"";"MADRID";"MADRID";"28041";"1";"ORCASITAS";"12";"USERA";"438958";"4469227";"40.37139145339887";"-3.7190140936563703";"";"";"";"/contenido/entidadesYorganismos/CentrosEspaciosDeporte/PistaVoleibol"
4556047;"Instalación Deportiva Municipal Básica Galeón";"";"";"2 pistas de baloncesto  Acceso libre.";"Metro: Alameda de Osuna (línea 5).";"";"1";"http://www.madrid.es/sites/v/index.jsp?vgnextchannel=bfa48ab43d6bb410VgnVCM100000171f5a0aRCRD&vgnextoid=7aea0d17980e1110VgnVCM1000000b205a0aRCRD";"GALEON";"CALLE";"V";"6";"";"";"";"";"MADRID";"MADRID";"28042";"1";"ALAMEDA DE OSUNA";"21";"BARAJAS";"450323";"4478527";"40.45591483433643";"-3.585897770294804";"";"";"";"/contenido/entidadesYorganismos/CentrosEspaciosDeporte/InstalacionesDeportivasBasicas"
4664929;"Instalación Deportiva Municipal Básica García Tapia";"";"";"Campo de fútbol 11 tierra  Acceso libre.";"Metro: Artilleros (línea 9).";"";"0";"http://www.madrid.es/sites/v/index.jsp?vgnextchannel=bfa48ab43d6bb410VgnVCM100000171f5a0aRCRD&vgnextoid=a4ba3fa5ace85110VgnVCM1000000b205a0aRCRD";"DOCTOR GARCIA TAPIA";"AVENIDA";"V";"113";"";"";"";"";"MADRID";"MADRID";"28030";"3";"MARROQUINA";"14";"MORATALAZ";"445459";"4473634";"40.41154005341027";"-3.6428284510152453";"";"";"";"/contenido/entidadesYorganismos/CentrosEspaciosDeporte/CamposEstadiosFutbol"
4579734;"Instalación Deportiva Municipal Básica Garrovillas";"";"";"Pista de patinaje 3 pistas de bolos y petanca Pista de chito  Acceso libre.";"Renfe: Las Águilas (línea C5).";"";"0";"http://www.madrid.es/sites/v/index.jsp?vgnextchannel=bfa48ab43d6bb410VgnVCM100000171f5a0aRCRD&vgnextoid=74cc19b4c3ea2110VgnVCM2000000c205a0aRCRD";"GARROVILLAS";"CALLE";"V";"13";"";"";"";"CUBIERTA P.A.R.";"MADRID";"MADRID";"28044";"7";"LAS AGUILAS";"10";"LATINA";"433935";"4470234";"40.38008442042399";"-3.7782820613549046";"";"";"";"/contenido/entidadesYorganismos/CentrosEspaciosDeporte/PistaBolosPetancaCalvaChito"
4580463;"Instalación Deportiva Municipal Básica General Millán Astray";"";"";"Pista polideportiva  Acceso libre.";"Renfe: Maestra Justa Freire - Polideportivo Aluche (línea C5).";"";"0";"http://www.madrid.es/sites/v/index.jsp?vgnextchannel=bfa48ab43d6bb410VgnVCM100000171f5a0aRCRD&vgnextoid=0ea55ca87e2b2110VgnVCM1000000b205a0aRCRD";"GENERAL MILLAN ASTRAY";"CALLE";"V";"2";"";"";"";"";"MADRID";"MADRID";"28044";"7";"LAS AGUILAS";"10";"LATINA";"434819";"4470223";"40.38005428359361";"-3.767872086917761";"";"";"";"/contenido/entidadesYorganismos/CentrosEspaciosDeporte/InstalacionesDeportivasBasicas"
4542915;"Instalación Deportiva Municipal Básica Glorieta Avenida San Luis";"";"";"Pista polideportiva  Acceso libre.";"Metro: Hortaleza (línea 4).";"";"0";"http://www.madrid.es/sites/v/index.jsp?vgnextchannel=bfa48ab43d6bb410VgnVCM100000171f5a0aRCRD&vgnextoid=a8bef12fa4f61110VgnVCM1000000b205a0aRCRD";"AÑASTRO";"CALLE";"V";"78";"";"";"";"";"MADRID";"MADRID";"28033";"4";"PINAR DEL REY";"16";"HORTALEZA";"444104";"4480127";"40.46994575096491";"-3.6593653346261847";"";"";"";"/contenido/entidadesYorganismos/CentrosEspaciosDeporte/InstalacionesDeportivasBasicas"
6331073;"Instalación Deportiva Municipal Básica Gran Vía de Hortaleza";"";"";"Pista de calva Pista de patinaje  Acceso libre.";"Consulta los siguientes enlaces.";"";"1";"http://www.madrid.es/sites/v/index.jsp?vgnextchannel=bfa48ab43d6bb410VgnVCM100000171f5a0aRCRD&vgnextoid=4888d5397f9a5310VgnVCM2000000c205a0aRCRD";"GRAN VIA DE HORTALEZA";"AVENIDA";"V";"1";"";"";"";"";"MADRID";"MADRID";"28033";"4";"PINAR DEL REY";"16";"HORTALEZA";"444075";"4479556";"40.4647876018932";"-3.6596724032712897";"";"";"";"/contenido/entidadesYorganismos/CentrosEspaciosDeporte/PistaBolosPetancaCalvaChito"
4556640;"Instalación Deportiva Municipal Básica Guadalajara";"";"";"Campo de fútbol 11 césped artificial 2 campos de fútbol 7 césped artificial Campo de minipitch  Acceso controlado.";"Metro: Alsacia (línea 2).";"";"0";"http://www.madrid.es/sites/v/index.jsp?vgnextchannel=bfa48ab43d6bb410VgnVCM100000171f5a0aRCRD&vgnextoid=8add2414d35e1110VgnVCM1000000b205a0aRCRD";"GUADALAJARA";"AVENIDA";"V";"18";"";"";"";"";"MADRID";"MADRID";"28032";"4";"ARCOS";"20";"SAN BLAS-CANILLEJAS";"447526";"4474544";"40.41987080528728";"-3.618541389765612";"";"";"";"/contenido/entidadesYorganismos/CentrosEspaciosDeporte/CamposEstadiosFutbol"
4582856;"Instalación Deportiva Municipal Básica Hermanos Trueba";"";"";"2 pistas de baloncesto Pista de fútbol sala Pista de voleibol  Acceso libre.";"Consulta los siguientes enlaces.";"";"0";"http://www.madrid.es/sites/v/index.jsp?vgnextchannel=bfa48ab43d6bb410VgnVCM100000171f5a0aRCRD&vgnextoid=eba13c5ea1db2110VgnVCM1000000b205a0aRCRD";"HERMANOS TRUEBA";"CALLE";"V";"30";"";"";"";"";"MADRID";"MADRID";"28018";"3";"PALOMERAS BAJAS";"13";"PUENTE DE VALLECAS";"443772";"4470777";"40.38569029812835";"-3.6624581249928854";"";"";"";"/contenido/entidadesYorganismos/CentrosEspaciosDeporte/PistaVoleibol"
50255967;"Instalación Deportiva Municipal Básica Hockey - Carlos del Coso";"";"";"Campo de hochey hierba césped artificial  Acceso controlado.";"Consulta los siguientes enlaces.";"";"0";"http://www.madrid.es/sites/v/index.jsp?vgnextchannel=bfa48ab43d6bb410VgnVCM100000171f5a0aRCRD&vgnextoid=1687ae81096ec910VgnVCM100000891ecb1aRCRD";"POBLADOS";"AVENIDA";"V";"74";"";"";"";"PARQUE LAS CRUCES";"MADRID";"MADRID";"28044";"6";"BUENAVISTA";"11";"CARABANCHEL";"435855";"4469959";"40.37775618398893";"-3.7556413071421293";"";"";"";"/contenido/entidadesYorganismos/CentrosEspaciosDeporte/CamposHockey"
4549105;"Instalación Deportiva Municipal Básica Hogar del Ferroviario";"";"";"Campo de fútbol 7 tierra  Acceso libre.";"Metro: Estrella (línea 9).";"";"0";"http://www.madrid.es/sites/v/index.jsp?vgnextchannel=bfa48ab43d6bb410VgnVCM100000171f5a0aRCRD&vgnextoid=4bed787f05d91110VgnVCM2000000c205a0aRCRD";"MANUEL MARIA ARRILLAGA";"CALLE";"V";"49";"";"";"";"COLONIA FERROVIARIOS";"MADRID";"MADRID";"28030";"5";"FONTARRON";"14";"MORATALAZ";"443880";"4473145";"40.40703010685965";"-3.6613940325856578";"";"";"";"/contenido/entidadesYorganismos/CentrosEspaciosDeporte/CamposEstadiosFutbol"
50243420;"Instalación Deportiva Municipal Básica Hontalbilla";"";"";"Pista polideportiva  Acceso libre.";"Metro: Fuencarral (línea 10).";"";"0";"http://www.madrid.es/sites/v/index.jsp?vgnextchannel=bfa48ab43d6bb410VgnVCM100000171f5a0aRCRD&vgnextoid=2decec1fc73bc910VgnVCM200000f921e388RCRD";"VILLACASTIN";"CALLE";"V";"12";"";"";"";"";"MADRID";"MADRID";"28034";"6";"VALVERDE";"8";"FUENCARRAL-EL PARDO";"441487";"4482662";"40.4926022734084";"-3.690466966012916";"";"";"";"/contenido/entidadesYorganismos/CentrosEspaciosDeporte/InstalacionesDeportivasBasicas"
4659422;"Instalación Deportiva Municipal Básica Hornero";"";"";"Pista polideportiva  Acceso libre.";"Metro: Plaza Elíptica (líneas 6 y 11), Opañel (línea 6).";"";"0";"http://www.madrid.es/sites/v/index.jsp?vgnextchannel=bfa48ab43d6bb410VgnVCM100000171f5a0aRCRD&vgnextoid=3000c904fba65110VgnVCM1000000b205a0aRCRD";"HORNERO";"CALLE";"V";"3";"";"";"";"";"MADRID";"MADRID";"28019";"2";"OPAÑEL";"11";"CARABANCHEL";"438816";"4471079";"40.388066854406944";"-3.720863494080698";"";"";"";"/contenido/entidadesYorganismos/CentrosEspaciosDeporte/InstalacionesDeportivasBasicas"
4541383;"Instalación Deportiva Municipal Básica Huerta de la Salud";"";"";"Pista de baloncesto  Acceso libre.";"Metro: San Lorenzo (línea 4), Parque de Santa María (línea 4).";"";"0";"http://www.madrid.es/sites/v/index.jsp?vgnextchannel=bfa48ab43d6bb410VgnVCM100000171f5a0aRCRD&vgnextoid=dcd3ced208a51110VgnVCM1000000b205a0aRCRD";"ALCOBENDAS";"CALLE";"V";"3";"";"";"";"";"MADRID";"MADRID";"28033";"4";"PINAR DEL REY";"16";"HORTALEZA";"445553";"4480683";"40.47505435038131";"-3.642315547728054";"";"";"";"/contenido/entidadesYorganismos/CentrosEspaciosDeporte/InstalacionesDeportivasBasicas"
4542218;"Instalación Deportiva Municipal Básica Huerta del Obispo";"";"";"2 pistas de baloncesto Pista de patinaje  Acceso libre.";"Renfe: Puente Alcocer (línea C5).";"";"0";"http://www.madrid.es/sites/v/index.jsp?vgnextchannel=bfa48ab43d6bb410VgnVCM100000171f5a0aRCRD&vgnextoid=7e1e00f058a61110VgnVCM1000000b205a0aRCRD";"PALOMARES";"CALLE";"V";"34";"";"";"";"";"MADRID";"MADRID";"28021";"1";"VILLAVERDE ALTO C.H.";"17";"VILLAVERDE";"439520";"4466514";"40.34699107075542";"-3.7121368916451236";"";"";"";"/contenido/entidadesYorganismos/CentrosEspaciosDeporte/PistasPatinaje"
4627943;"Instalación Deportiva Municipal Básica Illescas";"";"";"Pista fútbol sala 3 pistas de bolos y petanca  Acceso libre.";"Metro: Campamento (línea 5).";"";"0";"http://www.madrid.es/sites/v/index.jsp?vgnextchannel=bfa48ab43d6bb410VgnVCM100000171f5a0aRCRD&vgnextoid=bcd8f1723a784110VgnVCM1000000b205a0aRCRD";"EXTREMADURA";"PASEO";"V";"363";"";"";"";"CUBIERTA P.A.R.";"MADRID";"MADRID";"28024";"4";"ALUCHE";"10";"LATINA";"435002";"4473948";"40.39727663517988";"-3.7659134453115457";"";"";"";"/contenido/entidadesYorganismos/CentrosEspaciosDeporte/PistaBolosPetancaCalvaChito"
4584299;"Instalación Deportiva Municipal Básica Imagen";"";"";"2 pistas de baloncesto  Acceso libre.";"Renfe: Entrevías (líneas C2, C7 y C8).";"";"0";"http://www.madrid.es/sites/v/index.jsp?vgnextchannel=bfa48ab43d6bb410VgnVCM100000171f5a0aRCRD&vgnextoid=ea338ad3672c2110VgnVCM1000000b205a0aRCRD";"IMAGEN";"CALLE";"V";"23";"";"";"";"";"MADRID";"MADRID";"28018";"2";"SAN DIEGO";"13";"PUENTE DE VALLECAS";"443324";"4470523";"40.38336275152153";"-3.667713277656222";"";"";"";"/contenido/entidadesYorganismos/CentrosEspaciosDeporte/InstalacionesDeportivasBasicas"
4538608;"Instalación Deportiva Municipal Básica Isabel Patacón";"";"";"Pista de baloncesto Pista polideportiva  Acceso libre.";"Metro: Carabanchel Alto (línea 11).";"";"0";"http://www.madrid.es/sites/v/index.jsp?vgnextchannel=bfa48ab43d6bb410VgnVCM100000171f5a0aRCRD&vgnextoid=3541ddee16b41110VgnVCM1000000b205a0aRCRD";"ISABEL PATACON";"CALLE";"V";"9";"";"";"";"";"MADRID";"MADRID";"28044";"6";"BUENAVISTA";"11";"CARABANCHEL";"436522";"4469131";"40.370342494449915";"-3.74770200409789";"";"";"";"/contenido/entidadesYorganismos/CentrosEspaciosDeporte/InstalacionesDeportivasBasicas"
6297357;"Instalación Deportiva Municipal Básica Islas Jarvi";"";"";"Parque de calistenia  Acceso libre.";"Metro: Fuencarral (línea 10).";"";"0";"http://www.madrid.es/sites/v/index.jsp?vgnextchannel=bfa48ab43d6bb410VgnVCM100000171f5a0aRCRD&vgnextoid=10880f3daaa05310VgnVCM1000000b205a0aRCRD";"ISLAS JARVI";"CALLE";"V";"5";"";"";"";"";"MADRID";"MADRID";"28034";"6";"VALVERDE";"8";"FUENCARRAL-EL PARDO";"441723";"4482618";"40.49222585667789";"-3.687675673773908";"";"";"";"/contenido/entidadesYorganismos/CentrosEspaciosDeporte/Calistenia"
4538129;"Instalación Deportiva Municipal Básica Iván de Vargas";"";"";"Superficie: 800 m2   Equipamientos: pista polideportiva  Acceso libre.";"Consulta los siguientes enlaces.";"";"0";"http://www.madrid.es/sites/v/index.jsp?vgnextchannel=bfa48ab43d6bb410VgnVCM100000171f5a0aRCRD&vgnextoid=1a188ff806a41110VgnVCM1000000b205a0aRCRD";"IVAN DE VARGAS";"TRAVESIA";"V";"4";"";"";"";"CUBIERTA DEL P.A.R.";"MADRID";"MADRID";"28019";"3";"SAN ISIDRO";"11";"CARABANCHEL";"438545";"4472717";"40.40279748246847";"-3.724235302224272";"";"";"";"/contenido/entidadesYorganismos/CentrosEspaciosDeporte/InstalacionesDeportivasBasicas"
4538476;"Instalación Deportiva Municipal Básica Jacinto Verdaguer";"";"";"Superficie: 1.200 m2   Equipamientos:    Pista de baloncesto Pista de fútbol sala Pista de patinaje 2 tenis de mesa  Acceso libre.";"Metro: Marqués de Vadillo (línea 5).";"";"0";"http://www.madrid.es/sites/v/index.jsp?vgnextchannel=bfa48ab43d6bb410VgnVCM100000171f5a0aRCRD&vgnextoid=09f5db6d12b41110VgnVCM1000000b205a0aRCRD";"VERDAD";"CALLE";"V";"2";"";"";"";"";"MADRID";"MADRID";"28019";"2";"OPAÑEL";"11";"CARABANCHEL";"439213";"4471863";"40.39515386518453";"-3.71626444499237";"";"";"";"/contenido/entidadesYorganismos/CentrosEspaciosDeporte/PistasPatinaje"
4563440;"Instalación Deportiva Municipal Básica Jardines Alhambra";"";"";"Pista de baloncesto Pista de bolos y petanca Pista de chito Pista de minipitch Pista de patinaje  Acceso libre.";"Metro: Lucero (línea 6), Laguna (línea 6).  Renfe: Laguna (línea C5).";"";"0";"http://www.madrid.es/sites/v/index.jsp?vgnextchannel=bfa48ab43d6bb410VgnVCM100000171f5a0aRCRD&vgnextoid=6cee8fa983e12110VgnVCM1000000b205a0aRCRD";"ALHAMBRA";"CALLE";"V";"23";"";"";"";"";"MADRID";"MADRID";"28047";"1";"LOS CARMENES";"10";"LATINA";"436803";"4472710";"40.402609950505315";"-3.7447406439125555";"";"";"";"/contenido/entidadesYorganismos/CentrosEspaciosDeporte/CamposEstadiosFutbol"
10923929;"Instalación Deportiva Municipal Básica Jardines Enrique Herreros";"";"";"Mini baloncesto  Acceso libre.";"Metro: Islas Filipinas (línea 7), Canal (líneas 2 y 7).";"";"3";"http://www.madrid.es/sites/v/index.jsp?vgnextchannel=bfa48ab43d6bb410VgnVCM100000171f5a0aRCRD&vgnextoid=1aa8cde26f7d9610VgnVCM1000001d4a900aRCRD";"BRAVO MURILLO";"CALLE";"V";"49";"";"";"";"";"MADRID";"MADRID";"28003";"6";"VALLEHERMOSO";"7";"CHAMBERI";"440261";"4476761";"40.43935627177327";"-3.704371546221416";"";"";"";"/contenido/entidadesYorganismos/CentrosEspaciosDeporte/InstalacionesDeportivasBasicas"
4563407;"Instalación Deportiva Municipal Básica Jardines Las Águilas";"";"De septiembre a mayo, de 9 a 22 horas De junio a agosto, de 9 a 23 horas";"Pista de fútbol sala Pista de baloncesto 3x3  Campo de minipitch Tenis de mesa  Acceso libre.";"Renfe: Las Águilas (línea C5).";"";"0";"http://www.madrid.es/sites/v/index.jsp?vgnextchannel=bfa48ab43d6bb410VgnVCM100000171f5a0aRCRD&vgnextoid=d6c2ad4612e12110VgnVCM1000000b205a0aRCRD";"LAS AGUILAS";"AVENIDA";"V";"110";"";"";"";"CUBIERTA DE P.A.R.";"MADRID";"MADRID";"28044";"7";"LAS AGUILAS";"10";"LATINA";"435330";"4470790";"40.385197861740814";"-3.7619024102187755";"";"";"";"/contenido/entidadesYorganismos/CentrosEspaciosDeporte/CamposEstadiosFutbol"
4561139;"Instalación Deportiva Municipal Básica Jardines Vía Carpetana";"";"";"Pista de patinaje  Acceso libre.";"Metro: Carpetana (línea 6).";"";"0";"http://www.madrid.es/sites/v/index.jsp?vgnextchannel=bfa48ab43d6bb410VgnVCM100000171f5a0aRCRD&vgnextoid=c89910d87c902110VgnVCM1000000b205a0aRCRD";"VIA CARPETANA";"CALLE";"V";"312";"";"";"";"";"MADRID";"MADRID";"28047";"4";"ALUCHE";"10";"LATINA";"437024";"4471555";"40.392219847179696";"-3.7420291493259543";"";"";"";"/contenido/entidadesYorganismos/CentrosEspaciosDeporte/PistasPatinaje"
4542557;"Instalación Deportiva Municipal Básica Jardines de Bucaramanga";"";"";"2 pistas de baloncesto 3x3 2 pistas de bolos y petanca Pista de chito Tenis de mesa  Acceso libre.";"Metro: Mar de Cristal (líneas 4 y 8), San Lorenzo (línea 4).";"";"2";"http://www.madrid.es/sites/v/index.jsp?vgnextchannel=bfa48ab43d6bb410VgnVCM100000171f5a0aRCRD&vgnextoid=6b769fbdc8e61110VgnVCM1000000b205a0aRCRD";"BUCARAMANGA";"AVENIDA";"V";"2";"";"";"";"";"MADRID";"MADRID";"28033";"4";"PINAR DEL REY";"16";"HORTALEZA";"445851";"4480361";"40.47216617986823";"-3.6387819347036476";"";"";"";"/contenido/entidadesYorganismos/CentrosEspaciosDeporte/PistaBolosPetancaCalvaChito"
12038117;"Instalación Deportiva Municipal Básica Jardín Campo de la Paloma";"";"";"Pista de baloncesto Pista de bolos y petanca Rocódromo  Acceso libre.";"Metro: Miguel Hernández (línea 1).";"";"0";"http://www.madrid.es/sites/v/index.jsp?vgnextchannel=bfa48ab43d6bb410VgnVCM100000171f5a0aRCRD&vgnextoid=efde11cae53c8810VgnVCM1000001d4a900aRCRD";"CAMPO DE LA PALOMA";"JARDÍN";"T";"";"";"";"";"";"MADRID";"MADRID";"";"";"PALOMERAS SURESTE";"";"PUENTE DE VALLECAS";"445213";"4470681";"40.383948585048444";"-3.643869917365883";"";"";"";"/contenido/entidadesYorganismos/CentrosEspaciosDeporte/PistaBolosPetancaCalvaChito"
4527106;"Instalación Deportiva Municipal Básica Jardín Canarias";"";"";"Pista de bolos y petanca  Acceso libre.";"Metro: Palos de la Frontera (línea 3).  Renfe: Delicias (líneas C1 y C10).";"";"0";"http://www.madrid.es/sites/v/index.jsp?vgnextchannel=bfa48ab43d6bb410VgnVCM100000171f5a0aRCRD&vgnextoid=5b06e4148dde0110VgnVCM1000000b205a0aRCRD";"CANARIAS";"CALLE";"V";"19";"";"";"";"";"MADRID";"MADRID";"28045";"6";"PALOS DE MOGUER";"2";"ARGANZUELA";"441052";"4472636";"40.40224012314781";"-3.694673997707994";"";"";"";"/contenido/entidadesYorganismos/CentrosEspaciosDeporte/PistaBolosPetancaCalvaChito"
50260373;"Instalación Deportiva Municipal Básica Jardín Carlos Matallanas";"";"";"Circuito de BMX pump track Pista de patinaje 2 pistas polideportivas Parque de calistenia  Acceso libre.";"Consulta los siguientes enlaces.";"";"0";"http://www.madrid.es/sites/v/index.jsp?vgnextchannel=bfa48ab43d6bb410VgnVCM100000171f5a0aRCRD&vgnextoid=636a08c0e550d910VgnVCM200000f921e388RCRD";"MUNTADAS";"CALLE";"V";"5";"";"";"";"";"MADRID";"MADRID";"28044";"7";"LAS AGUILAS";"10";"LATINA";"435298";"4469601";"40.37448283279439";"-3.7621605373217397";"";"";"";"/contenido/entidadesYorganismos/CentrosEspaciosDeporte/PistasPatinaje"
12017741;"Instalación Deportiva Municipal Básica Jardín Chico de la Eterna Sonrisa";"";"";"Parque de calistenia  Acceso libre.";"Metro: Alameda de Osuna (línea 5).";"";"3";"http://www.madrid.es/sites/v/index.jsp?vgnextchannel=bfa48ab43d6bb410VgnVCM100000171f5a0aRCRD&vgnextoid=fab123eab8248810VgnVCM1000001d4a900aRCRD";"FUENTE DEL PAVO";"CALLE";"V";"3";"";"";"";"";"MADRID";"MADRID";"28042";"1";"ALAMEDA DE OSUNA";"21";"BARAJAS";"450338";"4478932";"40.45957494865393";"-3.5837443225037093";"";"";"";"/contenido/entidadesYorganismos/CentrosEspaciosDeporte/Calistenia"
5701075;"Instalación Deportiva Municipal Básica Jardín Papelera Peninsular";"";"";"2 pistas de tenis 2 pistas de patinaje   Acceso libre.";"Metro: Pirámides (línea 5).  Renfe: Pirámides (línea C1 y C10).";"";"0";"http://www.madrid.es/sites/v/index.jsp?vgnextchannel=bfa48ab43d6bb410VgnVCM100000171f5a0aRCRD&vgnextoid=46864e10924d8210VgnVCM2000000c205a0aRCRD";"ARGANDA";"CALLE";"V";"3";"";"";"";"";"MADRID";"MADRID";"28005";"2";"ACACIAS";"2";"ARGANZUELA";"439886";"4472420";"40.40021085294591";"-3.7084051499449053";"";"";"";"/contenido/entidadesYorganismos/CentrosEspaciosDeporte/PistasTenisBadminton"
4541324;"Instalación Deportiva Municipal Básica Jardín de Portugalete";"";"";"Pista de baloncesto  Acceso libre.";"Metro: Arturo Soria (línea 4).";"";"1";"http://www.madrid.es/sites/v/index.jsp?vgnextchannel=bfa48ab43d6bb410VgnVCM100000171f5a0aRCRD&vgnextoid=1e463c00a6a51110VgnVCM1000000b205a0aRCRD";"ULISES";"CALLE";"V";"23";"";"";"";"";"MADRID";"MADRID";"28043";"3";"CANILLAS";"16";"HORTALEZA";"444596";"4478732";"40.45739950911607";"-3.6534554216138133";"";"";"";"/contenido/entidadesYorganismos/CentrosEspaciosDeporte/InstalacionesDeportivasBasicas"
50258519;"Instalación Deportiva Municipal Básica Jardín del Olmo Viejo";"";"";"Pista polideportiva cubierta  Acceso libre.";"Consulta los siguientes enlaces.";"";"1";"http://www.madrid.es/sites/v/index.jsp?vgnextchannel=bfa48ab43d6bb410VgnVCM100000171f5a0aRCRD&vgnextoid=bc730297e1bfc910VgnVCM100000891ecb1aRCRD";"TOMAS REDONDO";"CALLE";"V";"6";"";"";"";"";"MADRID";"MADRID";"28033";"6";"VALDEFUENTES";"16";"HORTALEZA";"446739";"4480189";"40.47067970044653";"-3.6282820266140705";"";"";"";"/contenido/entidadesYorganismos/CentrosEspaciosDeporte/InstalacionesDeportivasBasicas"
5941245;"Instalación Deportiva Municipal Básica Jazmín";"";"";"Pista polideportiva  Acceso libre.";"Metro: Pinar de Chamartín (líneas 1 y 4).";"";"0";"http://www.madrid.es/sites/v/index.jsp?vgnextchannel=bfa48ab43d6bb410VgnVCM100000171f5a0aRCRD&vgnextoid=054de22597bed210VgnVCM1000000b205a0aRCRD";"JAZMIN";"CALLE";"V";"26";"";"";"";"";"MADRID";"MADRID";"28033";"9";"COSTILLARES";"15";"CIUDAD LINEAL";"443455";"4481010";"40.477857576853";"-3.66709469156149";"";"";"";"/contenido/entidadesYorganismos/CentrosEspaciosDeporte/InstalacionesDeportivasBasicas"
4531170;"Instalación Deportiva Municipal Básica Jesús Aprendiz";"";"";"Pista de baloncesto Pista de fútbol sala  Acceso libre.";"Metro: Conde Casal (línea 6).";"";"0";"http://www.madrid.es/sites/v/index.jsp?vgnextchannel=bfa48ab43d6bb410VgnVCM100000171f5a0aRCRD&vgnextoid=bcf31cb097c01110VgnVCM1000000b205a0aRCRD";"ANTONIO DIAZ-CAÑABATE";"CALLE";"V";"9";"";"";"";"C/V ARIAS MONTANO";"MADRID";"MADRID";"28007";"6";"NIÑO JESUS";"3";"RETIRO";"442990";"4473396";"40.40922156877915";"-3.671905186964673";"";"";"";"/contenido/entidadesYorganismos/CentrosEspaciosDeporte/PistaFutbolSala"
4582793;"Instalación Deportiva Municipal Básica Jesús Divino Obrero";"";"";"2 pistas de baloncesto Pista de fútbol sala cubierta  Acceso libre.";"Metro: Buenos Aires (línea 1).";"";"0";"http://www.madrid.es/sites/v/index.jsp?vgnextchannel=bfa48ab43d6bb410VgnVCM100000171f5a0aRCRD&vgnextoid=40a294617fcb2110VgnVCM1000000b205a0aRCRD";"TOSSA";"CALLE";"V";"3";"";"";"";"";"MADRID";"MADRID";"28038";"5";"PORTAZGO";"13";"PUENTE DE VALLECAS";"445057";"4471818";"40.39515494314144";"-3.647405921849066";"";"";"";"/contenido/entidadesYorganismos/CentrosEspaciosDeporte/PistaFutbolSala"
4554621;"Instalación Deportiva Municipal Básica Joaquín Ibarra";"";"";"Pista polideportiva  Acceso libre.";"Metro: Alameda de Osuna (línea 5).";"";"1";"http://www.madrid.es/sites/v/index.jsp?vgnextchannel=bfa48ab43d6bb410VgnVCM100000171f5a0aRCRD&vgnextoid=1f15c4dfc1bd1110VgnVCM1000000b205a0aRCRD";"JOAQUIN IBARRA";"CALLE";"V";"8";"";"";"";"FRENTE AL NÚMERO 24";"MADRID";"MADRID";"28042";"1";"ALAMEDA DE OSUNA";"21";"BARAJAS";"449683";"4478978";"40.459939211411836";"-3.5934812403258682";"";"";"";"/contenido/entidadesYorganismos/CentrosEspaciosDeporte/InstalacionesDeportivasBasicas"
5566865;"Instalación Deportiva Municipal Básica José Durán";"";"";"Pista de atletismo Campo de fútbol 11 césped artificial 3 pistas polideportiva  Acceso controlado.";"Renfe: El Pozo (líneas C2, C7 y C8).";"";"0";"http://www.madrid.es/sites/v/index.jsp?vgnextchannel=bfa48ab43d6bb410VgnVCM100000171f5a0aRCRD&vgnextoid=07c43faf12d96210VgnVCM2000000c205a0aRCRD";"PARQUE DE PALOMERAS BAJAS";"AVENIDA";"V";"10";"";"";"";"";"MADRID";"MADRID";"28018";"3";"PALOMERAS BAJAS";"13";"PUENTE DE VALLECAS";"443611";"4470208";"40.3805444480093";"-3.6643161830740074";"";"";"";"/contenido/entidadesYorganismos/CentrosEspaciosDeporte/CamposEstadiosFutbol"
10927053;"Instalación Deportiva Municipal Básica José Luis Sampedro";"";"";"Circuito deportivo infantil pump track   Acceso libre.";"Metro: Quevedo (línea 2), Moncloa (líneas 3 y 6).";"";"3";"http://www.madrid.es/sites/v/index.jsp?vgnextchannel=bfa48ab43d6bb410VgnVCM100000171f5a0aRCRD&vgnextoid=b6de45fd3c7e9610VgnVCM1000001d4a900aRCRD";"GALILEO";"CALLE";"V";"33";"";"";"";"";"MADRID";"MADRID";"28015";"2";"ARAPILES";"7";"CHAMBERI";"439738";"4476077";"40.43315960705142";"-3.7104806207899608";"";"";"";"/contenido/entidadesYorganismos/CentrosEspaciosDeporte/CircuitoBMX"
4555797;"Instalación Deportiva Municipal Básica José Luis Sánchez Juez";"";"";"Campo de futbol 11 césped artificial  Acceso controlado.";"Consulta los siguientes enlaces.";"";"3";"http://www.madrid.es/sites/v/index.jsp?vgnextchannel=bfa48ab43d6bb410VgnVCM100000171f5a0aRCRD&vgnextoid=c46e6210e00e1110VgnVCM1000000b205a0aRCRD";"BAHIA DE MALAGA";"CALLE";"V";"1";"";"";"";"";"MADRID";"MADRID";"28042";"5";"CORRALEJOS";"21";"BARAJAS";"449474";"4479760";"40.46697124729341";"-3.5960084512507975";"";"";"";"/contenido/entidadesYorganismos/CentrosEspaciosDeporte/CamposEstadiosFutbol"
4564116;"Instalación Deportiva Municipal Básica José de Cadalso";"";"";"Pista de patinaje  Acceso libre.";"Consulta los siguientes enlaces.";"";"0";"http://www.madrid.es/sites/v/index.jsp?vgnextchannel=bfa48ab43d6bb410VgnVCM100000171f5a0aRCRD&vgnextoid=fe5ee4c9d1322110VgnVCM1000000b205a0aRCRD";"JOSE DE CADALSO";"CALLE";"V";"88";"";"";"";"";"MADRID";"MADRID";"28044";"7";"LAS AGUILAS";"10";"LATINA";"434776";"4469815";"40.37637208717545";"-3.768333990611272";"";"";"";"/contenido/entidadesYorganismos/CentrosEspaciosDeporte/PistasPatinaje"
4547661;"Instalación Deportiva Municipal Básica José de Pasamonte";"";"";"Pista de baloncesto  Acceso libre.";"Metro: Vinateros (línea 9).";"";"0";"http://www.madrid.es/sites/v/index.jsp?vgnextchannel=bfa48ab43d6bb410VgnVCM100000171f5a0aRCRD&vgnextoid=0bdbc9ba6f391110VgnVCM2000000c205a0aRCRD";"DOCTOR GARCIA TAPIA";"AVENIDA";"V";"53";"";"";"";"";"MADRID";"MADRID";"28030";"3";"MARROQUINA";"14";"MORATALAZ";"445210";"4473677";"40.41191880823885";"-3.6457556113726204";"";"";"";"/contenido/entidadesYorganismos/CentrosEspaciosDeporte/InstalacionesDeportivasBasicas"
4541775;"Instalación Deportiva Municipal Básica Juan Clemente Núñez";"";"";"Pista de fútbol sala  Acceso libre.";"Metro: Canillas (línea 4).";"";"2";"http://www.madrid.es/sites/v/index.jsp?vgnextchannel=bfa48ab43d6bb410VgnVCM100000171f5a0aRCRD&vgnextoid=6655dec5c4961110VgnVCM1000000b205a0aRCRD";"JUAN CLEMENTE";"CALLE";"V";"1";"";"";"";"";"MADRID";"MADRID";"28043";"2";"PIOVERA";"16";"HORTALEZA";"446845";"4479221";"40.46196292860933";"-3.6269611631430987";"";"";"";"/contenido/entidadesYorganismos/CentrosEspaciosDeporte/PistaFutbolSala"
4527396;"Instalación Deportiva Municipal Básica Juan de Mariana";"";"";"Pista de fútbol sala 2 tenis mesa  Acceso libre.";"Metro: Méndez Álvaro (línea 6).";"";"0";"http://www.madrid.es/sites/v/index.jsp?vgnextchannel=bfa48ab43d6bb410VgnVCM100000171f5a0aRCRD&vgnextoid=b0c99b364bee0110VgnVCM1000000b205a0aRCRD";"RAMIREZ DE PRADO";"CALLE";"V";"8";"";"";"";"";"MADRID";"MADRID";"28045";"5";"DELICIAS";"2";"ARGANZUELA";"441747";"4472287";"40.39915510678779";"-3.686448009486556";"";"";"";"/contenido/entidadesYorganismos/CentrosEspaciosDeporte/PistaFutbolSala"
4628872;"Instalación Deportiva Municipal Básica Juan de Vera";"";"";"Pista de baloncesto  Acceso libre.";"Metro: Delicias (línea 3 y 6).  Renfe: Delicias (línea C1 y C10).";"";"0";"http://www.madrid.es/sites/v/index.jsp?vgnextchannel=bfa48ab43d6bb410VgnVCM100000171f5a0aRCRD&vgnextoid=13ff1263d5d84110VgnVCM1000000b205a0aRCRD";"JUAN DE VERA";"CALLE";"V";"17";"";"";"";"";"MADRID";"MADRID";"28045";"5";"DELICIAS";"2";"ARGANZUELA";"441225";"4472010";"40.39662773873168";"-3.6925754236948687";"";"";"";"/contenido/entidadesYorganismos/CentrosEspaciosDeporte/InstalacionesDeportivasBasicas"
4659364;"Instalación Deportiva Municipal Básica Julián González";"";"";"Pista de baloncesto Pista de tenis mini  Acceso libre.";"Metro: Marqués de Vadillo (línea 5).";"";"0";"http://www.madrid.es/sites/v/index.jsp?vgnextchannel=bfa48ab43d6bb410VgnVCM100000171f5a0aRCRD&vgnextoid=a39181f05ba65110VgnVCM1000000b205a0aRCRD";"JULIAN GONZALEZ";"CALLE";"V";"4";"";"";"";"";"MADRID";"MADRID";"28019";"3";"SAN ISIDRO";"11";"CARABANCHEL";"438951";"4472255";"40.39866543915771";"-3.7194068014375965";"";"";"";"/contenido/entidadesYorganismos/CentrosEspaciosDeporte/PistasTenisBadminton"
12038265;"Instalación Deportiva Municipal Básica La Albufera";"";"";"Pista de patinaje 4 tenis de mesa  Acceso libre.";"Metro: Miguel Hernández (línea 1).";"";"1";"http://www.madrid.es/sites/v/index.jsp?vgnextchannel=bfa48ab43d6bb410VgnVCM100000171f5a0aRCRD&vgnextoid=b0a1bfb2993c8810VgnVCM1000001d4a900aRCRD";"ALBUFERA";"AVENIDA";"V";"287";"";"";"";"";"MADRID";"MADRID";"28038";"4";"PALOMERAS SURESTE";"13";"PUENTE DE VALLECAS";"445689";"4470953";"40.387403912516874";"-3.639889096104746";"";"";"";"/contenido/entidadesYorganismos/CentrosEspaciosDeporte/PistasPatinaje"
4547304;"Instalación Deportiva Municipal Básica La Cabrera";"";"";"Campo de fútbol 11 de césped artificial Campo de minipitch de césped artificial 2 pistas de fútbol sala de césped artificial 2 tenis de mesa  Acceso controlado.";"Metro: Antonio Machado (línea 7).";"";"0";"http://www.madrid.es/sites/v/index.jsp?vgnextchannel=bfa48ab43d6bb410VgnVCM100000171f5a0aRCRD&vgnextoid=fafb36f24b291110VgnVCM2000000c205a0aRCRD";"LA CABRERA";"CALLE";"V";"33";"";"";"";"";"MADRID";"MADRID";"28035";"3";"PEÑA GRANDE";"8";"FUENCARRAL-EL PARDO";"439046";"4480416";"40.4721901295831";"-3.7190584034452194";"";"";"";"/contenido/entidadesYorganismos/CentrosEspaciosDeporte/CamposEstadiosFutbol"
4555274;"Instalación Deportiva Municipal Básica La Chimenea";"";"";"Campo fútbol 11 césped artificial  Acceso controlado.";"Metro: Usera (línea 6).";"";"2";"http://www.madrid.es/sites/v/index.jsp?vgnextchannel=bfa48ab43d6bb410VgnVCM100000171f5a0aRCRD&vgnextoid=c7c1baac93dd1110VgnVCM1000000b205a0aRCRD";"VALLANDES";"CALLE";"V";"5";"";"";"";"";"MADRID";"MADRID";"28026";"5";"MOSCARDO";"12";"USERA";"440248";"4471389";"40.390958149227075";"-3.70404293417357";"653939519 ? 667716289";"";"informacionavlachimenea@gmail.com; uniondeportivausera@gmail.com";"/contenido/entidadesYorganismos/CentrosEspaciosDeporte/CamposEstadiosFutbol"
4555851;"Instalación Deportiva Municipal Básica La Mancha";"";"";"2 tenis mesa  Acceso libre.";"Metro: Almendrales (línea 3).";"";"2";"http://www.madrid.es/sites/v/index.jsp?vgnextchannel=bfa48ab43d6bb410VgnVCM100000171f5a0aRCRD&vgnextoid=e3ada2c4720e1110VgnVCM1000000b205a0aRCRD";"TOMELLOSO";"CALLE";"V";"21";"";"";"";"";"MADRID";"MADRID";"28026";"4";"ALMENDRALES";"12";"USERA";"440700";"4470243";"40.3806576674271";"-3.6986108300552756";"";"";"";"/contenido/entidadesYorganismos/CentrosEspaciosDeporte/InstalacionesDeportivasBasicas"
50256021;"Instalación Deportiva Municipal Básica La Mina";"";"";"Campo de fútbol 11 césped artificial  Acceso controlado.";"Metro: Eugenia de Montijo (línea 5).";"";"0";"http://www.madrid.es/sites/v/index.jsp?vgnextchannel=bfa48ab43d6bb410VgnVCM100000171f5a0aRCRD&vgnextoid=755138d1ba6ec910VgnVCM100000891ecb1aRCRD";"MONSEÑOR OSCAR ROMERO";"CALLE";"V";"41";"";"";"";"";"MADRID";"MADRID";"28025";"4";"VISTA ALEGRE";"11";"CARABANCHEL";"436639";"4470466";"40.38238220944523";"-3.746452142917399";"";"";"";"/contenido/entidadesYorganismos/CentrosEspaciosDeporte/CamposEstadiosFutbol"
6342001;"Instalación Deportiva Municipal Básica La Perla";"";"";"Campo fútbol 11 césped artificial Pista de fútbol sala 4 pistas de pádel  Acceso controlado.";"Metro: San Fermín - Orcasur (línea 3).";"";"2";"http://www.madrid.es/sites/v/index.jsp?vgnextchannel=bfa48ab43d6bb410VgnVCM100000171f5a0aRCRD&vgnextoid=93832246ce7e5310VgnVCM2000000c205a0aRCRD";"CORINDON";"CALLE";"V";"3";"";"";"";"";"MADRID";"MADRID";"28041";"3";"SAN FERMIN";"12";"USERA";"441425";"4468752";"40.36727724832333";"-3.6899215830414183";"";"";"";"/contenido/entidadesYorganismos/CentrosEspaciosDeporte/CamposEstadiosFutbol"
4538305;"Instalación Deportiva Municipal Básica La Unión";"";"";"Campo de fútbol 11 de césped artificial 4 pistas de pádel cubiertas  Acceso controlado.";"Consulta los siguientes enlaces.";"";"0";"http://www.madrid.es/sites/v/index.jsp?vgnextchannel=bfa48ab43d6bb410VgnVCM100000171f5a0aRCRD&vgnextoid=773aaae91fa41110VgnVCM1000000b205a0aRCRD";"ENRIQUE GARCIA ALVAREZ";"CALLE";"V";"18";"";"";"";"";"MADRID";"MADRID";"28031";"2";"SANTA EUGENIA";"18";"VILLA DE VALLECAS";"447783";"4470514";"40.38358652980721";"-3.615177243048245";"";"";"";"/contenido/entidadesYorganismos/CentrosEspaciosDeporte/CamposEstadiosFutbol"
11081401;"Instalación Deportiva Municipal Básica Laminador de Tormentas - Valdebebas";"";"";"2 pistas de baloncesto Pista polideportiva  Acceso libre.";"Consulta los siguientes enlaces.";"";"0";"http://www.madrid.es/sites/v/index.jsp?vgnextchannel=bfa48ab43d6bb410VgnVCM100000171f5a0aRCRD&vgnextoid=57c9d0a0401de610VgnVCM2000001f4a900aRCRD";"FRANCISCO JAVIER SAENZ DE OIZA";"AVENIDA";"V";"13";"";"";"";"";"MADRID";"MADRID";"28055";"6";"VALDEFUENTES";"16";"HORTALEZA";"448500";"4483500";"40.50061746167369";"-3.6077805393058155";"";"";"";"/contenido/entidadesYorganismos/CentrosEspaciosDeporte/InstalacionesDeportivasBasicas"
6297321;"Instalación Deportiva Municipal Básica Las Tablas";"";"";"Cubo Gym Pista de baloncesto cubierta Campo de fútbol 7 de césped artificial Pista de hockey patines cubierta  Acceso controlado.";"Metro: Las Tablas (líneas 10 y ML1).";"";"0";"http://www.madrid.es/sites/v/index.jsp?vgnextchannel=bfa48ab43d6bb410VgnVCM100000171f5a0aRCRD&vgnextoid=0551a2d399a05310VgnVCM1000000b205a0aRCRD";"FROMISTA";"CALLE";"V";"4";"";"";"";"";"MADRID";"MADRID";"28050";"6";"VALVERDE";"8";"FUENCARRAL-EL PARDO";"442431";"4484431";"40.509014480693054";"-3.6770972758501075";"";"";"";"/contenido/entidadesYorganismos/CentrosEspaciosDeporte/CamposEstadiosFutbol"
10915688;"Instalación Deportiva Municipal Básica Las Vistillas";"";"";"Pista de fútbol sala  Acceso libre.";"Consulta los siguientes enlaces.";"";"0";"http://www.madrid.es/sites/v/index.jsp?vgnextchannel=bfa48ab43d6bb410VgnVCM100000171f5a0aRCRD&vgnextoid=80725ad0e8099610VgnVCM1000001d4a900aRCRD";"GABRIEL MIRO";"PLAZA";"V";"9";"";"";"";"";"MADRID";"MADRID";"28005";"1";"PALACIO";"1";"CENTRO";"439328";"4473738";"40.41205656990189";"-3.715085752759714";"";"";"";"/contenido/entidadesYorganismos/CentrosEspaciosDeporte/PistaFutbolSala"
5705898;"Instalación Deportiva Municipal Básica Lonja de la Seda";"";"";"Pista de baloncesto Pista de bolos y petanca Pista de patinaje Pista polideportiva  Acceso libre.";"Metro: La Peseta (línea 11).";"";"0";"http://www.madrid.es/sites/v/index.jsp?vgnextchannel=bfa48ab43d6bb410VgnVCM100000171f5a0aRCRD&vgnextoid=18bad4e69dde8210VgnVCM2000000c205a0aRCRD";"LONJA DE LA SEDA";"CALLE";"V";"32";"";"";"";"";"MADRID";"MADRID";"28054";"6";"BUENAVISTA";"11";"CARABANCHEL";"435265";"4468657";"40.36596587926967";"-3.7624612731090243";"";"";"";"/contenido/entidadesYorganismos/CentrosEspaciosDeporte/PistaBolosPetancaCalvaChito"
4580902;"Instalación Deportiva Municipal Básica Los Arbolitos";"";"";"Campo de rugby césped artificial  Acceso controlado.";"Consulta los siguientes enlaces.";"";"0";"http://www.madrid.es/sites/v/index.jsp?vgnextchannel=bfa48ab43d6bb410VgnVCM100000171f5a0aRCRD&vgnextoid=569c1939773b2110VgnVCM1000000b205a0aRCRD";"SUR";"RONDA";"V";"149";"";"";"";"";"MADRID";"MADRID";"28053";"1";"ENTREVIAS";"13";"PUENTE DE VALLECAS";"442304";"4470116";"40.3754772767722";"-3.67146998429788";"";"";"";"/contenido/entidadesYorganismos/CentrosEspaciosDeporte/InstalacionesDeportivasBasicas"
4580413;"Instalación Deportiva Municipal Básica Los Caprichos";"";"Taquilla  Todo se realiza desde la taquilla del Centro Deportivo Municipal Gallur, teléfono 915 251 059. De lunes a viernes y festivos de 8:30 a 21 horas.(Por organización del servicio, se cierra los sábados, domingos y festivos de 9:45 a 10:15 horas) Cierre completo del Centro Deportivo Municipal durante los días 24, 25 y 31 de diciembre, 1 de enero y 1 de mayo y durante todo el mes de agosto.";"Equipamientos    Unidades deportivas cubiertas: sala multiusos.  Unidades deportivas al aire libre: pista polideportiva, 2 pistas de tenis y 4 pistas de pádel.  Acceso controlado.";"Consulta los siguientes enlaces.";"";"0";"http://www.madrid.es/sites/v/index.jsp?vgnextchannel=bfa48ab43d6bb410VgnVCM100000171f5a0aRCRD&vgnextoid=d2370e840d2b2110VgnVCM1000000b205a0aRCRD";"CAPRICHOS";"AVENIDA";"V";"1";"";"";"";"";"MADRID";"MADRID";"28011";"1";"LOS CARMENES";"10";"LATINA";"438181";"4473053";"40.40579744690797";"-3.7285454246920935";"";"";"";"/contenido/entidadesYorganismos/CentrosEspaciosDeporte/PistasTenisBadminton"
4560927;"Instalación Deportiva Municipal Básica Los Cármenes";"";"";"2 campos de fútbol 11 césped artificial 2 pistas de baloncesto Pista de voleibol  Acceso controlado.";"Metro: Laguna (línea 6).  Renfe: Laguna (línea C5).";"";"0";"http://www.madrid.es/sites/v/index.jsp?vgnextchannel=bfa48ab43d6bb410VgnVCM100000171f5a0aRCRD&vgnextoid=bc2abbcdb9902110VgnVCM1000000b205a0aRCRD";"ALHAMBRA";"CALLE";"V";"35";"";"";"";"";"MADRID";"MADRID";"28047";"1";"LOS CARMENES";"10";"LATINA";"436875";"4472140";"40.39746568039038";"-3.743856743935349";"";"";"";"/contenido/entidadesYorganismos/CentrosEspaciosDeporte/CamposEstadiosFutbol"
4542517;"Instalación Deportiva Municipal Básica Los Llanos";"";"";"2 pistas de tenis   Acceso libre.";"Consulta los siguientes enlaces.";"";"2";"http://www.madrid.es/sites/v/index.jsp?vgnextchannel=bfa48ab43d6bb410VgnVCM100000171f5a0aRCRD&vgnextoid=86b38e71e6e61110VgnVCM1000000b205a0aRCRD";"FLORENCIO CASTILLO";"CALLE";"V";"4";"";"";"";"";"MADRID";"MADRID";"28043";"2";"PIOVERA";"16";"HORTALEZA";"446795";"4479087";"40.46075387974077";"-3.627533287118622";"";"";"";"/contenido/entidadesYorganismos/CentrosEspaciosDeporte/PistasTenisBadminton"
5706154;"Instalación Deportiva Municipal Básica Los Morales";"";"";"Pista de bolos y petanca Pista de patinaje  Acceso libre.";"Metro: La Peseta (línea 11).";"";"0";"http://www.madrid.es/sites/v/index.jsp?vgnextchannel=bfa48ab43d6bb410VgnVCM100000171f5a0aRCRD&vgnextoid=12af8ea1ffde8210VgnVCM2000000c205a0aRCRD";"MORALES";"CALLE";"V";"37";"";"";"";"";"MADRID";"MADRID";"28054";"6";"BUENAVISTA";"11";"CARABANCHEL";"435051";"4468121";"40.36113339393729";"-3.764921035479598";"";"";"";"/contenido/entidadesYorganismos/CentrosEspaciosDeporte/PistaBolosPetancaCalvaChito"
5706141;"Instalación Deportiva Municipal Básica Los Morales - Patrimonio Humanidad I";"";"";"Pista de patinaje  Acceso libre.";"Metro: La Peseta (línea 11).";"";"0";"http://www.madrid.es/sites/v/index.jsp?vgnextchannel=bfa48ab43d6bb410VgnVCM100000171f5a0aRCRD&vgnextoid=05088ea1ffde8210VgnVCM2000000c205a0aRCRD";"PATRIMONIO DE LA HUMANIDAD";"CALLE";"V";"37";"";"";"";"";"MADRID";"MADRID";"28054";"6";"BUENAVISTA";"11";"CARABANCHEL";"435170";"4468229";"40.36210281029443";"-3.7635483773274845";"";"";"";"/contenido/entidadesYorganismos/CentrosEspaciosDeporte/PistasPatinaje"
5706226;"Instalación Deportiva Municipal Básica Los Morales - Patrimonio Humanidad II";"";"";"2 pistas de bolos y petanca 2 pistas de chito  Acceso libre.";"Metro: La Peseta (línea 11).";"";"0";"http://www.madrid.es/sites/v/index.jsp?vgnextchannel=bfa48ab43d6bb410VgnVCM100000171f5a0aRCRD&vgnextoid=20a06c64a0ee8210VgnVCM2000000c205a0aRCRD";"PATRIMONIO DE LA HUMANIDAD";"CALLE";"V";"27";"";"";"";"";"MADRID";"MADRID";"28054";"6";"BUENAVISTA";"11";"CARABANCHEL";"435308";"4468130";"40.36123786255321";"-3.7618967571591013";"";"";"";"/contenido/entidadesYorganismos/CentrosEspaciosDeporte/PistaBolosPetancaCalvaChito"
4660152;"Instalación Deportiva Municipal Básica Los Poblados";"";"";"Pista de baloncesto Campo de fútbol 11 de césped artificial Pista de patinaje 3 tenis mesa  Acceso controlado.";"Metro: San Francisco (línea 11).";"";"0";"http://www.madrid.es/sites/v/index.jsp?vgnextchannel=bfa48ab43d6bb410VgnVCM100000171f5a0aRCRD&vgnextoid=5456d915a1f65110VgnVCM1000000b205a0aRCRD";"POBLADOS";"AVENIDA";"V";"106";"";"";"";"";"MADRID";"MADRID";"28044";"6";"BUENAVISTA";"11";"CARABANCHEL";"437371";"4469475";"40.37350468781611";"-3.7377388304920633";"";"";"";"/contenido/entidadesYorganismos/CentrosEspaciosDeporte/TenisMesa"
4542914;"Instalación Deportiva Municipal Básica Los Rosales I";"";"";"Pista hockey patines cubierta Pista polideportiva cubierta Parque de calistenia  Acceso controlado.";"Renfe: Villaverde Bajo (línea C3 y C4).";"";"0";"http://www.madrid.es/sites/v/index.jsp?vgnextchannel=bfa48ab43d6bb410VgnVCM100000171f5a0aRCRD&vgnextoid=6912f12fa4f61110VgnVCM1000000b205a0aRCRD";"LOS ROSALES";"AVENIDA";"V";"133";"";"";"";"";"MADRID";"MADRID";"28021";"3";"BUTARQUE";"17";"VILLAVERDE";"442482";"4466908";"40.3507522003116";"-3.677296127414198";"";"";"";"/contenido/entidadesYorganismos/CentrosEspaciosDeporte/CamposHockey"
50267612;"Instalación Deportiva Municipal Básica Los Rosales III";"";"";"Pista de fútbol sala  Acceso libre.";"Renfe: Villaverde Bajo (línea C3 y C4).";"";"0";"http://www.madrid.es/sites/v/index.jsp?vgnextchannel=bfa48ab43d6bb410VgnVCM100000171f5a0aRCRD&vgnextoid=6c73ad4d2ae2d910VgnVCM200000f921e388RCRD";"LOS ROSALES";"AVENIDA";"V";"123";"";"";"";"";"MADRID";"MADRID";"28021";"3";"BUTARQUE";"17";"VILLAVERDE";"442482";"4466908";"40.3507522003116";"-3.677296127414198";"";"";"";"/contenido/entidadesYorganismos/CentrosEspaciosDeporte/PistaFutbolSala"
4556968;"Instalación Deportiva Municipal Básica Lucano - Arquitecto Antonio Palacios";"";"";"Campo de fútbol 11 césped artificial Pista de bolos y petanca Pista de fútbol sala  Acceso controlado.";"Consulta los siguientes enlaces.";"";"0";"http://www.madrid.es/sites/v/index.jsp?vgnextchannel=bfa48ab43d6bb410VgnVCM100000171f5a0aRCRD&vgnextoid=2675edf4b85e1110VgnVCM1000000b205a0aRCRD";"ESFINGE";"CALLE";"V";"76";"";"";"";"";"MADRID";"MADRID";"28022";"7";"CANILLEJAS";"20";"SAN BLAS-CANILLEJAS";"448443";"4476700";"40.439035523688";"-3.6095923854429737";"";"";"";"/contenido/entidadesYorganismos/CentrosEspaciosDeporte/CamposEstadiosFutbol"
4542969;"Instalación Deportiva Municipal Básica Luis Buitrago";"";"";"Pista de baloncesto Pista de fútbol sala Pista de patinaje Rocódromo  Acceso libre.";"Metro: Hortaleza (línea 4).";"";"2";"http://www.madrid.es/sites/v/index.jsp?vgnextchannel=bfa48ab43d6bb410VgnVCM100000171f5a0aRCRD&vgnextoid=a11d575cf5f61110VgnVCM1000000b205a0aRCRD";"LUIS BUITRAGO";"CALLE";"V";"7";"";"";"";"";"MADRID";"MADRID";"28033";"4";"PINAR DEL REY";"16";"HORTALEZA";"444805";"4480504";"40.473376533827995";"-3.6511329371430823";"";"";"";"/contenido/entidadesYorganismos/CentrosEspaciosDeporte/PistasPatinaje"
4528647;"Instalación Deportiva Municipal Básica Luis Mitjans";"";"";"Pista de baloncesto  Acceso libre.";"Metro: Pacífico (línea 1 y 6), Conde de Casal (línea 6).";"";"0";"http://www.madrid.es/sites/v/index.jsp?vgnextchannel=bfa48ab43d6bb410VgnVCM100000171f5a0aRCRD&vgnextoid=eb98ef23df201110VgnVCM1000000b205a0aRCRD";"LUIS MITJANS";"CALLE";"V";"15";"";"";"";"";"MADRID";"MADRID";"28007";"2";"ADELFAS";"3";"RETIRO";"443112";"4472520";"40.4013474319257";"-3.6703892095738806";"";"";"";"/contenido/entidadesYorganismos/CentrosEspaciosDeporte/InstalacionesDeportivasBasicas"
4548105;"Instalación Deportiva Municipal Básica Lyon - Flandes";"";"";"Pista de fútbol sala  Acceso libre.";"Consulta los siguientes enlaces.";"";"0";"http://www.madrid.es/sites/v/index.jsp?vgnextchannel=bfa48ab43d6bb410VgnVCM100000171f5a0aRCRD&vgnextoid=8c07867f7e791110VgnVCM2000000c205a0aRCRD";"LYON";"CALLE";"V";"9";"";"";"";"";"MADRID";"MADRID";"28030";"2";"HORCAJO";"14";"MORATALAZ";"446674";"4473244";"40.40811005900662";"-3.628471282380988";"";"";"";"/contenido/entidadesYorganismos/CentrosEspaciosDeporte/PistaFutbolSala"
4542907;"Instalación Deportiva Municipal Básica Machupichu";"";"";"Pista de fútbol sala cubierta Pista polideportiva  Acceso libre.";"Metro: Canillas (línea 4).";"";"2";"http://www.madrid.es/sites/v/index.jsp?vgnextchannel=bfa48ab43d6bb410VgnVCM100000171f5a0aRCRD&vgnextoid=0245e57e04f61110VgnVCM1000000b205a0aRCRD";"MACHUPICHU";"AVENIDA";"V";"50";"";"";"";"";"MADRID";"MADRID";"28043";"2";"PIOVERA";"16";"HORTALEZA";"446469";"4479107";"40.46090954739925";"-3.6313861722687983";"";"";"";"/contenido/entidadesYorganismos/CentrosEspaciosDeporte/PistaFutbolSala"
50316458;"Instalación Deportiva Municipal Básica Madrid Río Puente San Isidro Calistenia";"";"";"Parque de calistenia  Acceso libre.";"Metro: Marqués de Vadillo (línea 5).";"";"0";"http://www.madrid.es/sites/v/index.jsp?vgnextchannel=bfa48ab43d6bb410VgnVCM100000171f5a0aRCRD&vgnextoid=a1295f27f2a4e910VgnVCM200000f921e388RCRD";"SAN ISIDRO";"PUENTE";"V";"";"";"";"";"";"MADRID";"MADRID";"28019";"3";"SAN ISIDRO";"11";"CARABANCHEL";"438573";"4472639";"40.40358805148662";"-3.7230670798528993";"915 273 801";"";"";"/contenido/entidadesYorganismos/CentrosEspaciosDeporte/Calistenia"
4548184;"Instalación Deportiva Municipal Básica Mallorca - Agastia";"";"";"2 pistas de baloncesto  Acceso libre.";"Metro: Barrio de la Concepción (línea 7).";"";"0";"http://www.madrid.es/sites/v/index.jsp?vgnextchannel=bfa48ab43d6bb410VgnVCM100000171f5a0aRCRD&vgnextoid=7e958d66a1891110VgnVCM1000000b205a0aRCRD";"AGASTIA";"CALLE";"V";"9";"";"";"";"";"MADRID";"MADRID";"28027";"5";"SAN PASCUAL";"15";"CIUDAD LINEAL";"445037";"4477178";"40.44344226753934";"-3.648104686749398";"";"";"";"/contenido/entidadesYorganismos/CentrosEspaciosDeporte/InstalacionesDeportivasBasicas"
4541991;"Instalación Deportiva Municipal Básica Manizales";"";"";"Pista de fútbol sala  Acceso libre.";"Metro: San Lorenzo (línea 4).";"";"2";"http://www.madrid.es/sites/v/index.jsp?vgnextchannel=bfa48ab43d6bb410VgnVCM100000171f5a0aRCRD&vgnextoid=f7bdcf0980a61110VgnVCM1000000b205a0aRCRD";"GALAPA";"CALLE";"V";"10";"";"";"";"CUBIERTA DEL P.A.R.";"MADRID";"MADRID";"28033";"4";"PINAR DEL REY";"16";"HORTALEZA";"445836";"4480574";"40.47408401293854";"-3.6389770641784493";"";"";"";"/contenido/entidadesYorganismos/CentrosEspaciosDeporte/PistaFutbolSala"
50320906;"Instalación Deportiva Municipal Básica Manuel Noya con Marcelo Usera";"";"";"Tenis de mesa  Acceso libre.";"Metro: Plaza Elíptica (línea 6 y 11).";"";"2";"http://www.madrid.es/sites/v/index.jsp?vgnextchannel=bfa48ab43d6bb410VgnVCM100000171f5a0aRCRD&vgnextoid=d87d4bfa0b36e910VgnVCM200000f921e388RCRD";"MANUEL NOYA";"CALLE";"V";"";"";"";"";"C/V MARCELO USERA";"MADRID";"MADRID";"28026";"4";"MOSCARDÓ";"12";"USERA";"440579";"4470254";"40.385415627075915";"-3.712362687156419";"";"";"";"/contenido/entidadesYorganismos/CentrosEspaciosDeporte/InstalacionesDeportivasBasicas"
4542050;"Instalación Deportiva Municipal Básica Mar de Japón";"";"";"Pista de patinaje  Acceso libre.";"Metro: San Lorenzo (línea 4).";"";"2";"http://www.madrid.es/sites/v/index.jsp?vgnextchannel=bfa48ab43d6bb410VgnVCM100000171f5a0aRCRD&vgnextoid=7edd9bddb2a61110VgnVCM1000000b205a0aRCRD";"MAR DEL JAPON";"CALLE";"V";"7";"";"";"";"";"MADRID";"MADRID";"28033";"4";"PINAR DEL REY";"16";"HORTALEZA";"445621";"4480478";"40.47319613951648";"-3.641504969656448";"";"";"";"/contenido/entidadesYorganismos/CentrosEspaciosDeporte/PistasPatinaje"
4557260;"Instalación Deportiva Municipal Básica Maracena";"";"";"Pista de baloncesto  Acceso libre.";"Metro: Hospital Doce de Octubre (línea 3).  Renfe: Orcasitas (línea C5).";"";"2";"http://www.madrid.es/sites/v/index.jsp?vgnextchannel=bfa48ab43d6bb410VgnVCM100000171f5a0aRCRD&vgnextoid=ddbf9695ed9e1110VgnVCM1000000b205a0aRCRD";"MARACENA";"CALLE";"V";"1";"";"";"";"";"MADRID";"MADRID";"28041";"2";"ORCASUR";"12";"USERA";"440779";"4468978";"40.36926754309533";"-3.6975509077822384";"";"";"";"/contenido/entidadesYorganismos/CentrosEspaciosDeporte/InstalacionesDeportivasBasicas"
50320735;"Instalación Deportiva Municipal Básica Maracena Calistenia";"";"";"Parque de calistenia  Acceso libre.";"Metro: San Fermín - Orcasur (línea 3).";"";"2";"http://www.madrid.es/sites/v/index.jsp?vgnextchannel=bfa48ab43d6bb410VgnVCM100000171f5a0aRCRD&vgnextoid=27e0be12d736e910VgnVCM200000f921e388RCRD";"MARACENA";"CALLE";"V";"2";"";"";"";"";"MADRID";"MADRID";"28041";"2";"ORCASUR";"12";"USERA";"440764";"4468962";"40.36913593626138";"-3.6977161066281004";"";"";"";"/contenido/entidadesYorganismos/CentrosEspaciosDeporte/Calistenia"
4555804;"Instalación Deportiva Municipal Básica Maris Stella";"";"";"Campo fútbol 11 césped artificial  Acceso controlado.";"Consulta los siguientes enlaces.";"";"2";"http://www.madrid.es/sites/v/index.jsp?vgnextchannel=bfa48ab43d6bb410VgnVCM100000171f5a0aRCRD&vgnextoid=a7216210e00e1110VgnVCM1000000b205a0aRCRD";"DOCTOR TOLOSA LATOUR";"CALLE";"V";"18";"";"";"";"FRENTE C. INFORMAT. S.S.";"MADRID";"MADRID";"28026";"7";"PRADOLONGO";"12";"USERA";"440291";"4469687";"40.37561971602255";"-3.703376726464257";"";"";"";"/contenido/entidadesYorganismos/CentrosEspaciosDeporte/CamposEstadiosFutbol"
50257853;"Instalación Deportiva Municipal Básica Marquesa de Amboage";"";"";"Pista polideportiva  Acceso libre.";"Metro: Avenida de la Paz (línea 4).";"";"0";"http://www.madrid.es/sites/v/index.jsp?vgnextchannel=bfa48ab43d6bb410VgnVCM100000171f5a0aRCRD&vgnextoid=cacbdf5a0c6fc910VgnVCM200000f921e388RCRD";"BUESO PINEDA";"CALLE";"V";"4";"";"";"";"";"MADRID";"MADRID";"28043";"6";"SAN JUAN BAUTISTA";"15";"CIUDAD LINEAL";"444105";"4478135";"40.45200524274382";"-3.6591775603358005";"";"";"";"/contenido/entidadesYorganismos/CentrosEspaciosDeporte/InstalacionesDeportivasBasicas"
7106793;"Instalación Deportiva Municipal Básica Marqués de Monistrol";"Gestiona el CDM José M&amp;ordf; Cagigal en los teléfonos 915 413 716 - 608 268 794";"Horarios   De lunes a viernes de 8:30 a 21:30 horas. Sábados y domingos de 8:30 a 14:30 horas.";"6 pistas de pádel  Acceso controlado.";"Metro: Principe Pío (líneas 6, 10 y R).";"";"0";"http://www.madrid.es/sites/v/index.jsp?vgnextchannel=bfa48ab43d6bb410VgnVCM100000171f5a0aRCRD&vgnextoid=a507007ddcb21410VgnVCM1000000b205a0aRCRD";"RIBERA DEL MANZANARES";"CALLE";"V";"1";"";"";"";"";"MADRID";"MADRID";"28008";"1";"CASA DE CAMPO";"9";"MONCLOA-ARAVACA";"438547";"4474867";"40.42217047822115";"-3.7244049640242287";"";"";"";"/contenido/entidadesYorganismos/CentrosEspaciosDeporte/PistasPadel"
4547652;"Instalación Deportiva Municipal Básica Martala I";"";"";"Pista polideportiva  3 pistas de chito 3 tenis de mesa  Acceso libre.";"Metro: Artilleros (línea 9).";"";"0";"http://www.madrid.es/sites/v/index.jsp?vgnextchannel=bfa48ab43d6bb410VgnVCM100000171f5a0aRCRD&vgnextoid=ebc063952e391110VgnVCM2000000c205a0aRCRD";"DOCTOR GARCIA TAPIA";"AVENIDA";"V";"192";"";"";"";"";"MADRID";"MADRID";"28030";"3";"MARROQUINA";"14";"MORATALAZ";"445882";"4473264";"40.40823894441476";"-3.637806006862969";"";"";"";"/contenido/entidadesYorganismos/CentrosEspaciosDeporte/PistaBolosPetancaCalvaChito"
4547356;"Instalación Deportiva Municipal Básica Martín Temiño";"";"";"Unidades deportivas al aire libre:   Pista atletismo Zona de lanzamientos Campo de fútbol 11 de césped natural   Unidades deportivas cubiertas:   Calles de calentamiento de atletismo.  Acceso controlado.";"Metro: Fuencarral (línea 10).";"";"0";"http://www.madrid.es/sites/v/index.jsp?vgnextchannel=bfa48ab43d6bb410VgnVCM100000171f5a0aRCRD&vgnextoid=109d0e45fe291110VgnVCM2000000c205a0aRCRD";"ALAMEDILLAS";"PASEO";"V";"1";"";"";"";"";"MADRID";"MADRID";"28034";"6";"VALVERDE";"8";"FUENCARRAL-EL PARDO";"441215";"4483230";"40.497703131408464";"-3.6937305786136436";"";"";"";"/contenido/entidadesYorganismos/CentrosEspaciosDeporte/CamposEstadiosFutbol"
4542813;"Instalación Deportiva Municipal Básica Maruja Mallo";"";"";"Pista polideportiva   Acceso libre.";"Consulta los siguientes enlaces.";"";"1";"http://www.madrid.es/sites/v/index.jsp?vgnextchannel=bfa48ab43d6bb410VgnVCM100000171f5a0aRCRD&vgnextoid=ac493da191f61110VgnVCM1000000b205a0aRCRD";"MARUJA MALLO";"AVENIDA";"V";"7";"";"";"";"";"MADRID";"MADRID";"28050";"6";"VALDEFUENTES";"16";"HORTALEZA";"446513";"4481025";"40.4781907268689";"-3.6310289400506117";"";"";"";"/contenido/entidadesYorganismos/CentrosEspaciosDeporte/InstalacionesDeportivasBasicas"
4541944;"Instalación Deportiva Municipal Básica María Inmaculada";"";"";"Pista polideportiva  Acceso libre.";"Metro: Carabanchel Alto (línea 11).";"";"0";"http://www.madrid.es/sites/v/index.jsp?vgnextchannel=bfa48ab43d6bb410VgnVCM100000171f5a0aRCRD&vgnextoid=e15c12386f961110VgnVCM1000000b205a0aRCRD";"CRUCES";"CAMINO";"V";"1";"";"";"";"";"MADRID";"MADRID";"28044";"6";"BUENAVISTA";"11";"CARABANCHEL";"435960";"4469671";"40.37517030110398";"-3.754372488956483";"";"";"";"/contenido/entidadesYorganismos/CentrosEspaciosDeporte/InstalacionesDeportivasBasicas"
4660445;"Instalación Deportiva Municipal Básica María de Austria";"";"";"3 pistas de calva Pista de chito  Acceso libre.";"Metro: Abrantes (línea 11).";"";"0";"http://www.madrid.es/sites/v/index.jsp?vgnextchannel=bfa48ab43d6bb410VgnVCM100000171f5a0aRCRD&vgnextoid=1115bed1e3f65110VgnVCM1000000b205a0aRCRD";"VIA LUSITANA";"CALLE";"V";"5";"";"";"";"";"MADRID";"MADRID";"28025";"7";"ABRANTES";"11";"CARABANCHEL";"438542";"4470303";"40.38105267273051";"-3.7240179361618884";"";"";"";"/contenido/entidadesYorganismos/CentrosEspaciosDeporte/PistaBolosPetancaCalvaChito"
7891965;"Instalación Deportiva Municipal Básica María de Villota";"";"";"2 pistas de baloncesto 3x3  Bloque escalada Campo de fútbol 7 césped artificial Campo de minipitch césped artificial 2 pistas de pana 1x1  Pista polideportiva  Acceso controlado.";"Renfe: Villaverde Bajo (línea C3 y C4).";"";"0";"http://www.madrid.es/sites/v/index.jsp?vgnextchannel=bfa48ab43d6bb410VgnVCM100000171f5a0aRCRD&vgnextoid=7869ce073379b410VgnVCM2000000c205a0aRCRD";"ESTEFANITA";"CALLE";"V";"3";"";"";"";"";"MADRID";"MADRID";"28021";"3";"BUTARQUE";"17";"VILLAVERDE";"442619";"4466547";"40.34750435286862";"-3.6756560101604467";"";"";"";"/contenido/entidadesYorganismos/CentrosEspaciosDeporte/CamposEstadiosFutbol"
4556437;"Instalación Deportiva Municipal Básica Matilde Gayo";"";"";"Pista de baloncesto Circuito de bici infantil 2 tenis mesa Pista de pump track   Acceso libre.";"Metro: Usera (línea 6).";"";"2";"http://www.madrid.es/sites/v/index.jsp?vgnextchannel=bfa48ab43d6bb410VgnVCM100000171f5a0aRCRD&vgnextoid=2ca8207c4a4e1110VgnVCM1000000b205a0aRCRD";"MATILDE GAYO";"CALLE";"V";"4";"";"";"";"CUBIERTA P.A.R.";"MADRID";"MADRID";"28026";"5";"MOSCARDO";"12";"USERA";"440347";"4471275";"40.38993834608832";"-3.702854085952854";"";"";"";"/contenido/entidadesYorganismos/CentrosEspaciosDeporte/CircuitoBMX"
4557011;"Instalación Deportiva Municipal Básica Maíz";"";"";"3 tenis de mesa  Acceso libre.";"Consulta los siguientes enlaces.";"";"2";"http://www.madrid.es/sites/v/index.jsp?vgnextchannel=bfa48ab43d6bb410VgnVCM100000171f5a0aRCRD&vgnextoid=71817ad2f95e1110VgnVCM1000000b205a0aRCRD";"RICARDO BELTRAN Y ROZPIDE";"CALLE";"V";"28";"";"";"";"FRENTE A CALLE MAÍZ";"MADRID";"MADRID";"28026";"6";"ZOFIO";"12";"USERA";"439287";"4469672";"40.37542254643913";"-3.7151835261162978";"";"";"";"/contenido/entidadesYorganismos/CentrosEspaciosDeporte/InstalacionesDeportivasBasicas"
4557257;"Instalación Deportiva Municipal Básica Medio Amposta";"";"";"Pista fútbol sala Pista polideportiva  Acceso libre.";"Metro: San Blas (línea 7).";"";"0";"http://www.madrid.es/sites/v/index.jsp?vgnextchannel=bfa48ab43d6bb410VgnVCM100000171f5a0aRCRD&vgnextoid=e5289695ed9e1110VgnVCM1000000b205a0aRCRD";"ALBERIQUE";"CALLE";"V";"12";"";"";"";"";"MADRID";"MADRID";"28037";"3";"AMPOSTA";"20";"SAN BLAS-CANILLEJAS";"447556";"4475578";"40.42918792587261";"-3.618263401506454";"";"";"";"/contenido/entidadesYorganismos/CentrosEspaciosDeporte/PistaFutbolSala"
4541764;"Instalación Deportiva Municipal Básica Mercedes Arteaga";"";"";"Pista polideportiva  Acceso libre.";"Metro: Urgel (línea 5).";"";"0";"http://www.madrid.es/sites/v/index.jsp?vgnextchannel=bfa48ab43d6bb410VgnVCM100000171f5a0aRCRD&vgnextoid=483d9d7a55961110VgnVCM1000000b205a0aRCRD";"MERCEDES ARTEAGA";"CALLE";"V";"22";"";"";"";"CUBIERTA P.A.R.";"MADRID";"MADRID";"28019";"2";"OPAÑEL";"11";"CARABANCHEL";"438699";"4471613";"40.392864143898";"-3.7222998329041546";"";"";"";"/contenido/entidadesYorganismos/CentrosEspaciosDeporte/InstalacionesDeportivasBasicas"
4633352;"Instalación Deportiva Municipal Básica Miguel Aracil";"";"";"Pista de fútbol sala de tierra  Acceso libre.";"Metro: Barrio del Pilar (línea 9).";"";"0";"http://www.madrid.es/sites/v/index.jsp?vgnextchannel=bfa48ab43d6bb410VgnVCM100000171f5a0aRCRD&vgnextoid=d75730fdedac4110VgnVCM1000000b205a0aRCRD";"JOAQUIN LORENZO";"CALLE";"V";"39";"";"";"";"PARQUE DE VALDECONEJOS";"MADRID";"MADRID";"28035";"3";"PEÑA GRANDE";"8";"FUENCARRAL-EL PARDO";"438346";"4480649";"40.474014020202056";"-3.72645279571436";"";"";"";"/contenido/entidadesYorganismos/CentrosEspaciosDeporte/PistaFutbolSala"
4583054;"Instalación Deportiva Municipal Básica Miguel Hernández - Patinaje";"";"";"Pista patinaje Pista de skate  Pista de skate bowl   Acceso libre.";"Metro: Miguel Hernández (línea 1).";"";"0";"http://www.madrid.es/sites/v/index.jsp?vgnextchannel=bfa48ab43d6bb410VgnVCM100000171f5a0aRCRD&vgnextoid=3118c53477db2110VgnVCM1000000b205a0aRCRD";"MIGUEL HERNANDEZ";"AVENIDA";"V";"11";"";"frente al 36-38";"";"";"MADRID";"MADRID";"28038";"4";"PALOMERAS SURESTE";"13";"PUENTE DE VALLECAS";"446149";"4471074";"40.388524660163895";"-3.634474653877766";"";"";"";"/contenido/entidadesYorganismos/CentrosEspaciosDeporte/PistasPatinaje"
50322247;"Instalación Deportiva Municipal Básica Miguel Hernández - Rocódromo";"";"";"Pista de baloncesto Pista de fútbol sala Rocodromo  Acceso libre.";"Metro: Miguel Hernández (línea 1).";"";"0";"http://www.madrid.es/sites/v/index.jsp?vgnextchannel=bfa48ab43d6bb410VgnVCM100000171f5a0aRCRD&vgnextoid=9d8aa98a9886e910VgnVCM100000891ecb1aRCRD";"MIGUEL HERNANDEZ";"AVENIDA";"V";"11";"";"frente al 36-38";"";"";"MADRID";"MADRID";"28038";"4";"PALOMERAS SURESTE";"13";"PUENTE DE VALLECAS";"446149";"4471074";"40.388524660163895";"-3.634474653877766";"";"";"";"/contenido/entidadesYorganismos/CentrosEspaciosDeporte/PistaFutbolSala"
4541784;"Instalación Deportiva Municipal Básica Miguel Riesco";"";"";"Pista de baloncesto  Acceso libre.";"Metro: Canillas (línea 4).";"";"1";"http://www.madrid.es/sites/v/index.jsp?vgnextchannel=bfa48ab43d6bb410VgnVCM100000171f5a0aRCRD&vgnextoid=b7559d7a55961110VgnVCM1000000b205a0aRCRD";"DIONISIO INCA YUPANQUI";"CALLE";"V";"21";"";"";"";"";"MADRID";"MADRID";"28043";"2";"PIOVERA";"16";"HORTALEZA";"446426";"4479206";"40.461806515582516";"-3.6318944414642624";"";"";"";"/contenido/entidadesYorganismos/CentrosEspaciosDeporte/InstalacionesDeportivasBasicas"
4670020;"Instalación Deportiva Municipal Básica Miguel Riesco - Ramón Power";"";"";"Pista de bolos y petanca 2 pistas de chito  Acceso libre.";"Metro: Canillas (línea 4).";"";"0";"http://www.madrid.es/sites/v/index.jsp?vgnextchannel=bfa48ab43d6bb410VgnVCM100000171f5a0aRCRD&vgnextoid=6b66d141f97c5110VgnVCM1000000b205a0aRCRD";"SILVANO";"CALLE";"V";"119";"";"";"";"";"MADRID";"MADRID";"28043";"2";"PIOVERA";"16";"HORTALEZA";"444888";"4478150";"40.462845985645174";"-3.6318517348555606";"";"";"";"/contenido/entidadesYorganismos/CentrosEspaciosDeporte/PistaBolosPetancaCalvaChito"
4557035;"Instalación Deportiva Municipal Básica Miguel Yuste";"";"";"Pista de baloncesto Pista de fútbol sala  Acceso libre.";"Metro: Suanzes (línea 5).";"";"0";"http://www.madrid.es/sites/v/index.jsp?vgnextchannel=bfa48ab43d6bb410VgnVCM100000171f5a0aRCRD&vgnextoid=264d8d498a5e1110VgnVCM1000000b205a0aRCRD";"MIGUEL YUSTE";"CALLE";"V";"64";"";"";"";"CUBIERTA P.A.R.";"MADRID";"MADRID";"28037";"1";"SIMANCAS";"20";"SAN BLAS-CANILLEJAS";"447207";"4476133";"40.43416949316058";"-3.622424101106479";"91 531 83 07 -    
609 98 08 54";"";"";"/contenido/entidadesYorganismos/CentrosEspaciosDeporte/PistaFutbolSala"
4541798;"Instalación Deportiva Municipal Básica Minaya";"";"";"Pista de baloncesto  Acceso libre.";"Metro: Mar de Cristal (línea 4 y 8).";"";"0";"http://www.madrid.es/sites/v/index.jsp?vgnextchannel=bfa48ab43d6bb410VgnVCM100000171f5a0aRCRD&vgnextoid=493e5a1006961110VgnVCM1000000b205a0aRCRD";"MINAYA";"CALLE";"V";"5";"";"";"";"";"MADRID";"MADRID";"28043";"3";"CANILLAS";"16";"HORTALEZA";"446072";"4479932";"40.46831590638329";"-3.6361385381321285";"";"";"";"/contenido/entidadesYorganismos/CentrosEspaciosDeporte/InstalacionesDeportivasBasicas"
50244518;"Instalación Deportiva Municipal Básica Mingorrubio";"";"";"Campo de fútbol 11 de césped artificial  Acceso controlado.";"Consulta los siguientes enlaces.";"";"0";"http://www.madrid.es/sites/v/index.jsp?vgnextchannel=bfa48ab43d6bb410VgnVCM100000171f5a0aRCRD&vgnextoid=2e644a99f38bc910VgnVCM100000891ecb1aRCRD";"MINGORRUBIO";"CARRETERA";"T";"";"";"";"";"";"MADRID";"MADRID";"";"";"";"";"DISTRITO";"433495";"4487462";"40.53524180809368";"-3.7852683329635273";"";"";"";"/contenido/entidadesYorganismos/CentrosEspaciosDeporte/CamposEstadiosFutbol"
50266998;"Instalación Deportiva Municipal Básica Minipista Atletismo";"";"";"Pista mini atletismo  Acceso libre.";"Metro: La Gavia (línea 1).";"";"0";"http://www.madrid.es/sites/v/index.jsp?vgnextchannel=bfa48ab43d6bb410VgnVCM100000171f5a0aRCRD&vgnextoid=6f0735fef0a2d910VgnVCM100000891ecb1aRCRD";"PEÑARANDA DE BRACAMONTE";"CALLE";"V";"3";"";"";"";"";"MADRID";"MADRID";"28051";"3";"ENSANCHE DE VALLECAS";"18";"VILLA DE VALLECAS";"448634";"4469426";"40.373832840867216";"-3.6050599293933807";"";"";"";"/contenido/entidadesYorganismos/CentrosEspaciosDeporte/PistasAtletismo"
4547376;"Instalación Deportiva Municipal Básica Mirador de la Reina (Cerro Minguete)";"";"";"Pista de bolos y petanca Campo de fútbol 7 de césped artificial 3 pistas de pádel Pista polideportiva 2 pistas de tenis 2 tenis de mesa  Acceso controlado.";"Metro: Arroyo del Fresno, Lacoma (línea 7).";"";"0";"http://www.madrid.es/sites/v/index.jsp?vgnextchannel=bfa48ab43d6bb410VgnVCM100000171f5a0aRCRD&vgnextoid=72360e45fe291110VgnVCM2000000c205a0aRCRD";"CERRO MINGUETE";"CALLE";"V";"156";"";"";"";"";"MADRID";"MADRID";"28035";"7";"MIRASIERRA";"8";"FUENCARRAL-EL PARDO";"438472";"4482062";"40.486979597630146";"-3.7259882772690633";"";"";"";"/contenido/entidadesYorganismos/CentrosEspaciosDeporte/CamposEstadiosFutbol"
6298067;"Instalación Deportiva Municipal Básica Mirasierra";"";"";"Pista de baloncesto Pista polideportiva  Acceso libre.";"Metro: Fuencarral (línea 10).";"";"0";"http://www.madrid.es/sites/v/index.jsp?vgnextchannel=bfa48ab43d6bb410VgnVCM100000171f5a0aRCRD&vgnextoid=beda96e321f05310VgnVCM1000000b205a0aRCRD";"NURIA";"CALLE";"V";"81";"";"";"";"";"MADRID";"MADRID";"28034";"7";"MIRASIERRA";"8";"FUENCARRAL-EL PARDO";"439734";"4482940";"40.49498070301625";"-3.7111789282628496";"";"";"";"/contenido/entidadesYorganismos/CentrosEspaciosDeporte/InstalacionesDeportivasBasicas"
5701215;"Instalación Deportiva Municipal Básica Molino";"";"";"Pista de bolos y petanca  Acceso libre.";"Metro: Legazpi (línea 3 y 6).";"";"0";"http://www.madrid.es/sites/v/index.jsp?vgnextchannel=bfa48ab43d6bb410VgnVCM100000171f5a0aRCRD&vgnextoid=43cd6650164d8210VgnVCM2000000c205a0aRCRD";"MOLINO";"PASEO";"V";"2";"";"";"";"";"MADRID";"MADRID";"28045";"4";"LEGAZPI";"2";"ARGANZUELA";"441083";"4471330";"40.390487119657564";"-3.6941878490165";"";"";"";"/contenido/entidadesYorganismos/CentrosEspaciosDeporte/PistaBolosPetancaCalvaChito"
6330956;"Instalación Deportiva Municipal Básica Monovar";"";"";"Pista de patinaje  Acceso libre.";"Metro: Manoteras (línea 4).";"";"0";"http://www.madrid.es/sites/v/index.jsp?vgnextchannel=bfa48ab43d6bb410VgnVCM100000171f5a0aRCRD&vgnextoid=823c018d9d9a5310VgnVCM2000000c205a0aRCRD";"MONOVAR";"CALLE";"V";"3";"";"";"";"";"MADRID";"MADRID";"28033";"5";"APOSTOL SANTIAGO";"16";"HORTALEZA";"444318";"4480735";"40.4754249166852";"-3.656909774001053";"";"";"";"/contenido/entidadesYorganismos/CentrosEspaciosDeporte/PistasPatinaje"
4670011;"Instalación Deportiva Municipal Básica Montalbos";"";"";"3 pistas de chito Pista de patinaje  Acceso libre.";"Metro: Canillas (línea 4).";"";"0";"http://www.madrid.es/sites/v/index.jsp?vgnextchannel=bfa48ab43d6bb410VgnVCM100000171f5a0aRCRD&vgnextoid=9b19d141f97c5110VgnVCM1000000b205a0aRCRD";"MONTALBOS";"CALLE";"V";"41";"";"";"";"";"MADRID";"MADRID";"28043";"3";"CANILLAS";"16";"HORTALEZA";"445972";"4479522";"40.464615089445225";"-3.637273017669726";"";"";"";"/contenido/entidadesYorganismos/CentrosEspaciosDeporte/PistaBolosPetancaCalvaChito"
178423;"Instalación Deportiva Municipal Básica Montecarmelo";"";"";"Pista de baloncesto Campo de fútbol 7 de césped artificial Pista de fútbol sala  Acceso controlado.";"Consulta los siguientes enlaces.";"";"0";"http://www.madrid.es/sites/v/index.jsp?vgnextchannel=bfa48ab43d6bb410VgnVCM100000171f5a0aRCRD&vgnextoid=dc56395961e4f010VgnVCM2000000c205a0aRCRD";"MONASTERIO DE EL PAULAR";"CALLE";"V";"138";"";"";"";"";"MADRID";"MADRID";"28049";"7";"MIRASIERRA";"8";"FUENCARRAL-EL PARDO";"440643";"4483540";"40.500438927851775";"-3.700512809058562";"S/T";"";"";"/contenido/entidadesYorganismos/CentrosEspaciosDeporte/CamposEstadiosFutbol"
10966950;"Instalación Deportiva Municipal Básica Montecarmelo McDonald´s";"";"";"Pista polideportiva  Acceso libre.";"Consulta los siguientes enlaces.";"";"0";"http://www.madrid.es/sites/v/index.jsp?vgnextchannel=bfa48ab43d6bb410VgnVCM100000171f5a0aRCRD&vgnextoid=4f9419106482b610VgnVCM2000001f4a900aRCRD";"MONTECARMELO";"AVENIDA";"V";"1";"";"";"";"";"MADRID";"MADRID";"28049";"7";"MIRASIERRA";"8";"FUENCARRAL-EL PARDO";"440948";"4483692";"40.50184008646731";"-3.6969247603864392";"S/T";"";"";"/contenido/entidadesYorganismos/CentrosEspaciosDeporte/InstalacionesDeportivasBasicas"
50263512;"Instalación Deportiva Municipal Básica Mérida";"";"";"Pista polideportiva Parque de calistenia  Acceso libre.";"Metro: Artilleros (línea 9).";"";"0";"http://www.madrid.es/sites/v/index.jsp?vgnextchannel=bfa48ab43d6bb410VgnVCM100000171f5a0aRCRD&vgnextoid=866eb2956da1d910VgnVCM200000f921e388RCRD";"MERIDA";"CALLE";"V";"21";"";"";"";"";"MADRID";"MADRID";"28030";"3";"MARROQUINA";"14";"MORATALAZ";"446221";"4473077";"40.406573342475816";"-3.633792741708444";"";"";"";"/contenido/entidadesYorganismos/CentrosEspaciosDeporte/Calistenia"
4541310;"Instalación Deportiva Municipal Básica Nevado de Cumbal";"";"";"Campo de fútbol 11 de césped artificial   Acceso controlado.";"Metro: Mar de Cristal (línea 4 y 8).";"";"2";"http://www.madrid.es/sites/v/index.jsp?vgnextchannel=bfa48ab43d6bb410VgnVCM100000171f5a0aRCRD&vgnextoid=c03a3c00a6a51110VgnVCM1000000b205a0aRCRD";"NEVADO DEL CUMBAL";"CALLE";"V";"4";"";"";"";"";"MADRID";"MADRID";"28033";"4";"PINAR DEL REY";"16";"HORTALEZA";"446493";"4480037";"40.469280016703586";"-3.63118145043629";"";"";"";"/contenido/entidadesYorganismos/CentrosEspaciosDeporte/CamposEstadiosFutbol"
4557490;"Instalación Deportiva Municipal Básica Nicolasa Gómez";"";"";"Pista polideportiva  Acceso libre.";"Metro: Torre Arias (línea 5).";"";"0";"http://www.madrid.es/sites/v/index.jsp?vgnextchannel=bfa48ab43d6bb410VgnVCM100000171f5a0aRCRD&vgnextoid=f0afcfc5e5ae1110VgnVCM1000000b205a0aRCRD";"NICOLASA GOMEZ";"CALLE";"V";"1";"";"";"";"";"MADRID";"MADRID";"28022";"7";"CANILLEJAS";"20";"SAN BLAS-CANILLEJAS";"447834";"4477275";"40.44448358264842";"-3.615148388183279";"";"";"";"/contenido/entidadesYorganismos/CentrosEspaciosDeporte/InstalacionesDeportivasBasicas"
4583223;"Instalación Deportiva Municipal Básica Novecento";"";"";"2 pistas de baloncesto Pista de voleibol 2 tenis de mesa  Acceso libre.";"Renfe: El Pozo (líneas C2, C7 y C8).";"";"0";"http://www.madrid.es/sites/v/index.jsp?vgnextchannel=bfa48ab43d6bb410VgnVCM100000171f5a0aRCRD&vgnextoid=2444df453adb2110VgnVCM1000000b205a0aRCRD";"NOVECENTO";"CALLE";"V";"6";"";"";"";"";"MADRID";"MADRID";"28018";"3";"PALOMERAS BAJAS";"13";"PUENTE DE VALLECAS";"444510";"4469859";"40.37746079137422";"-3.653695563861612";"";"";"";"/contenido/entidadesYorganismos/CentrosEspaciosDeporte/PistaVoleibol"
4555858;"Instalación Deportiva Municipal Básica Nuestra Señora de Loreto";"";"";"Pista de baloncesto Pista de bolos y petanca  Acceso libre.";"Metro: Barajas (línea 8).";"";"1";"http://www.madrid.es/sites/v/index.jsp?vgnextchannel=bfa48ab43d6bb410VgnVCM100000171f5a0aRCRD&vgnextoid=50e8afe6d20e1110VgnVCM1000000b205a0aRCRD";"TIMON";"CALLE";"V";"16";"";"";"";"";"MADRID";"MADRID";"28042";"4";"TIMON";"21";"BARAJAS";"450343";"4480383";"40.472636002948775";"-3.585807144623962";"";"";"";"/contenido/entidadesYorganismos/CentrosEspaciosDeporte/PistaBolosPetancaCalvaChito"
6206650;"Instalación Deportiva Municipal Básica Nuestra Señora de la Paloma";"";"";"Pista polideportiva  Acceso controlado.";"Metro: Delicias (línea 3).  Renfe: Delicias (líneas C1 y C10).";"";"0";"http://www.madrid.es/sites/v/index.jsp?vgnextchannel=bfa48ab43d6bb410VgnVCM100000171f5a0aRCRD&vgnextoid=8163d840e4623310VgnVCM2000000c205a0aRCRD";"SAN FRANCISCO";"CARRERA";"V";"4";"";"";"";"";"MADRID";"MADRID";"28005";"1";"PALACIO";"1";"CENTRO";"439570";"4473641";"40.411196405684876";"-3.712232920009733";"";"";"";"/contenido/entidadesYorganismos/CentrosEspaciosDeporte/InstalacionesDeportivasBasicas"
4538164;"Instalación Deportiva Municipal Básica Nuestra Señora de la Torre (Virgen de la Torre)";"";"";"2 campos de fútbol césped artificial Campo de fútbol 7 césped artificial Campo de fútbol 7 de tierra  Pista polideportiva  Acceso controlado.";"Metro: Villa de Vallecas (línea 1).";"";"0";"http://www.madrid.es/sites/v/index.jsp?vgnextchannel=bfa48ab43d6bb410VgnVCM100000171f5a0aRCRD&vgnextoid=de89a56418a41110VgnVCM1000000b205a0aRCRD";"PUERTO DE REINOSA";"CALLE";"V";"2";"";"";"";"";"MADRID";"MADRID";"28031";"1";"CASCO H.VALLECAS";"18";"VILLA DE VALLECAS";"447619";"4469936";"40.378368027295586";"-3.6170650424419493";"";"";"";"/contenido/entidadesYorganismos/CentrosEspaciosDeporte/CamposEstadiosFutbol"
4527131;"Instalación Deportiva Municipal Básica Nuestra Señora del Buen Camino - Parque de Tormentas";"";"";"Campo de fútbol 11 de césped artificial  Acceso controlado.";"Renfe: Aravaca (líneas C7 y C10).";"";"0";"http://www.madrid.es/sites/v/index.jsp?vgnextchannel=bfa48ab43d6bb410VgnVCM100000171f5a0aRCRD&vgnextoid=8789e08dc3ee0110VgnVCM1000000b205a0aRCRD";"RIO ZANCARA";"GLORIETA";"V";"1";"";"";"";"";"MADRID";"MADRID";"28023";"7";"ARAVACA";"9";"MONCLOA-ARAVACA";"433895";"4478299";"40.452725617488625";"-3.7796095540530086";"";"";"";"/contenido/entidadesYorganismos/CentrosEspaciosDeporte/CamposEstadiosFutbol"
4542521;"Instalación Deportiva Municipal Básica Nueva Esperanza";"";"";"Pista de mini baloncesto Pista polideportiva  Acceso libre.";"Metro: Villaverde Bajo Cruce (línea 3).  Renfe: Puente Alcocer (línea C5).";"";"0";"http://www.madrid.es/sites/v/index.jsp?vgnextchannel=bfa48ab43d6bb410VgnVCM100000171f5a0aRCRD&vgnextoid=e5fbfdaa18e61110VgnVCM1000000b205a0aRCRD";"VIRGEN DE LOS DESAMPARADOS";"CALLE";"V";"12";"";"";"";"";"MADRID";"MADRID";"28041";"5";"ANGELES";"17";"VILLAVERDE";"440570";"4466935";"40.350856589906996";"-3.699818367602336";"";"";"";"/contenido/entidadesYorganismos/CentrosEspaciosDeporte/InstalacionesDeportivasBasicas"
4660151;"Instalación Deportiva Municipal Básica Ontanilla";"";"";"Campo de fútbol 11 césped artificial  Acceso controlado.";"Metro: Pan Bendito (línea 11).";"";"0";"http://www.madrid.es/sites/v/index.jsp?vgnextchannel=bfa48ab43d6bb410VgnVCM100000171f5a0aRCRD&vgnextoid=7036d915a1f65110VgnVCM1000000b205a0aRCRD";"POBLADOS";"AVENIDA";"V";"115";"";"";"";"";"MADRID";"MADRID";"28025";"7";"ABRANTES";"11";"CARABANCHEL";"438026";"4469463";"40.37344732863353";"-3.730015168877691";"";"";"";"/contenido/entidadesYorganismos/CentrosEspaciosDeporte/CamposEstadiosFutbol"
6342577;"Instalación Deportiva Municipal Básica Orcasur II";"";"";"2 pistas de baloncesto 2 pistas polideportivas 3 tenis mesa  Acceso libre.";"Consulta los siguientes enlaces.";"";"2";"http://www.madrid.es/sites/v/index.jsp?vgnextchannel=bfa48ab43d6bb410VgnVCM100000171f5a0aRCRD&vgnextoid=2058da3da4ce5310VgnVCM1000000b205a0aRCRD";"ORCASUR";"AVENIDA";"V";"53";"";"";"";"";"MADRID";"MADRID";"28041";"2";"ORCASUR";"12";"USERA";"440413";"4468561";"40.36548482367132";"-3.7018344445764195";"";"";"";"/contenido/entidadesYorganismos/CentrosEspaciosDeporte/InstalacionesDeportivasBasicas"
4555889;"Instalación Deportiva Municipal Básica Orión - Júpiter";"";"";"Pista de baloncesto cubierta Pista polideportiva cubierta  Acceso controlado.";"Metro: Barajas (línea 8).";"";"1";"http://www.madrid.es/sites/v/index.jsp?vgnextchannel=bfa48ab43d6bb410VgnVCM100000171f5a0aRCRD&vgnextoid=52e3b49e430e1110VgnVCM1000000b205a0aRCRD";"ORION";"CALLE";"V";"52";"";"";"";"";"MADRID";"MADRID";"28042";"3";"CASCO H.BARAJAS";"21";"BARAJAS";"450837";"4480780";"40.47625087283375";"-3.579998848197848";"";"";"";"/contenido/entidadesYorganismos/CentrosEspaciosDeporte/InstalacionesDeportivasBasicas"
4549978;"Instalación Deportiva Municipal Básica P.A.R. Avenida Marqués de Corbera";"";"";"Pista de patinaje  Acceso libre.";"Metro: La Elipa (línea 2).";"";"0";"http://www.madrid.es/sites/v/index.jsp?vgnextchannel=bfa48ab43d6bb410VgnVCM100000171f5a0aRCRD&vgnextoid=120225f8c62a1110VgnVCM1000000b205a0aRCRD";"MARQUES DE CORBERA";"AVENIDA";"V";"62";"";"";"";"";"MADRID";"MADRID";"28017";"1";"VENTAS";"15";"CIUDAD LINEAL";"444905";"4475382";"40.42725047921714";"-3.6495207954387707";"";"";"";"/contenido/entidadesYorganismos/CentrosEspaciosDeporte/PistasPatinaje"
4556602;"Instalación Deportiva Municipal Básica P.A.R. Avenida Rafaela Ybarra";"";"";"Pista de baloncesto  Acceso libre.";"Metro: Plaza Elíptica (línea 6 y 11).";"";"2";"http://www.madrid.es/sites/v/index.jsp?vgnextchannel=bfa48ab43d6bb410VgnVCM100000171f5a0aRCRD&vgnextoid=b03e6ec3035e1110VgnVCM1000000b205a0aRCRD";"RAFAELA YBARRA";"AVENIDA";"V";"51";"";"";"";"";"MADRID";"MADRID";"28026";"7";"PRADOLONGO";"12";"USERA";"439633";"4470249";"40.38063517341089";"-3.7111687792815276";"";"";"";"/contenido/entidadesYorganismos/CentrosEspaciosDeporte/InstalacionesDeportivasBasicas"
4539403;"Instalación Deportiva Municipal Básica P.A.R. Castrillo de Aza";"";"";"Pista de baloncesto  Acceso libre.";"Renfe: Santa Eugenia (líneas C2, C7 y C8).";"";"0";"http://www.madrid.es/sites/v/index.jsp?vgnextchannel=bfa48ab43d6bb410VgnVCM100000171f5a0aRCRD&vgnextoid=a554a9b438051110VgnVCM1000000b205a0aRCRD";"SANTA EUGENIA";"AVENIDA";"V";"1";"";"";"";"";"MADRID";"MADRID";"28031";"2";"SANTA EUGENIA";"18";"VILLA DE VALLECAS";"448343";"4470808";"40.38626820789469";"-3.6086007213101885";"";"";"";"/contenido/entidadesYorganismos/CentrosEspaciosDeporte/InstalacionesDeportivasBasicas"
6308752;"Instalación Deportiva Municipal Básica P.A.R. La Alcazaba";"";"";"Pista polideportiva  Acceso libre.";"Metro: Peñagrande (línea 7).";"";"0";"http://www.madrid.es/sites/v/index.jsp?vgnextchannel=bfa48ab43d6bb410VgnVCM100000171f5a0aRCRD&vgnextoid=7172f106d5835310VgnVCM1000000b205a0aRCRD";"SINESIO DELGADO";"CALLE";"V";"26";"";"";"";"";"MADRID";"MADRID";"28029";"4";"EL PILAR";"8";"FUENCARRAL-EL PARDO";"440402";"4480499";"40.47304307298023";"-3.7030600862769614";"";"";"";"/contenido/entidadesYorganismos/CentrosEspaciosDeporte/InstalacionesDeportivasBasicas"
4556996;"Instalación Deportiva Municipal Básica P.A.R. Manuel Noya";"";"";"Pista de fútbol sala Pista de patinaje  Acceso libre.";"Metro: Usera (línea 6).";"";"2";"http://www.madrid.es/sites/v/index.jsp?vgnextchannel=bfa48ab43d6bb410VgnVCM100000171f5a0aRCRD&vgnextoid=69561776595e1110VgnVCM1000000b205a0aRCRD";"MANUEL NOYA";"CALLE";"V";"2";"";"";"";"";"MADRID";"MADRID";"28026";"5";"MOSCARDO";"12";"USERA";"439567";"4471186";"40.38907128615593";"-3.7120469132313425";"";"";"";"/contenido/entidadesYorganismos/CentrosEspaciosDeporte/PistasPatinaje"
6309100;"Instalación Deportiva Municipal Básica P.A.R. Moralzarzal";"";"";"2 pistas de bolos y petanca Pista polideportiva  Acceso libre.";"Metro: Antonio Machado (línea 7).";"";"0";"http://www.madrid.es/sites/v/index.jsp?vgnextchannel=bfa48ab43d6bb410VgnVCM100000171f5a0aRCRD&vgnextoid=a2edeba8d9835310VgnVCM2000000c205a0aRCRD";"MORALZARZAL";"CALLE";"V";"88";"";"";"";"CUBIERTA DE P.A.R. MORALZARZAL";"MADRID";"MADRID";"28034";"7";"MIRASIERRA";"8";"FUENCARRAL-EL PARDO";"439611";"4482831";"40.49398709862307";"-3.712613875660898";"";"";"";"/contenido/entidadesYorganismos/CentrosEspaciosDeporte/PistaBolosPetancaCalvaChito"
6296652;"Instalación Deportiva Municipal Básica P.A.R. Ramón Gómez de la Serna";"";"";"Pista de baloncesto  Acceso libre.";"Metro: Lacoma (línea 7).";"";"0";"http://www.madrid.es/sites/v/index.jsp?vgnextchannel=bfa48ab43d6bb410VgnVCM100000171f5a0aRCRD&vgnextoid=4e76446a13a05310VgnVCM1000000b205a0aRCRD";"RAMON GOMEZ DE LA SERNA";"CALLE";"V";"141";"";"";"";"";"MADRID";"MADRID";"28035";"3";"PEÑA GRANDE";"8";"FUENCARRAL-EL PARDO";"438537";"4481635";"40.48313438344318";"-3.7251739237400225";"";"";"";"/contenido/entidadesYorganismos/CentrosEspaciosDeporte/InstalacionesDeportivasBasicas"
50257929;"Instalación Deportiva Municipal Básica P.A.R. San Lamberto";"";"";"Pista de baloncesto  Acceso libre.";"Consulta los siguientes enlaces.";"";"0";"http://www.madrid.es/sites/v/index.jsp?vgnextchannel=bfa48ab43d6bb410VgnVCM100000171f5a0aRCRD&vgnextoid=28eee2a35f6fc910VgnVCM200000f921e388RCRD";"SAN LAMBERTO";"CALLE";"V";"20";"";"";"";"CUBIERTA DE P.A.R.";"MADRID";"MADRID";"28017";"1";"VENTAS";"15";"CIUDAD LINEAL";"444751";"4474714";"40.42122371706224";"-3.651266122696069";"";"";"";"/contenido/entidadesYorganismos/CentrosEspaciosDeporte/InstalacionesDeportivasBasicas"
11350854;"Instalación Deportiva Municipal Básica Pabellón del Cementerio";"";"";"Pista de voleibol  Acceso controlado.";"Metro: Villa de Vallecas (línea 1).";"";"2";"http://www.madrid.es/sites/v/index.jsp?vgnextchannel=bfa48ab43d6bb410VgnVCM100000171f5a0aRCRD&vgnextoid=1be6d66d5ae58710VgnVCM2000001f4a900aRCRD";"PICO DE LA CIERVA";"CALLE";"V";"4";"";"";"";"";"MADRID";"MADRID";"28031";"1";"CASCO H.VALLECAS";"18";"VILLA DE VALLECAS";"447533";"4469838";"40.37748400935275";"-3.618068302566458";"";"";"";"/contenido/entidadesYorganismos/CentrosEspaciosDeporte/PistaVoleibol"
4580267;"Instalación Deportiva Municipal Básica Pablo Casals";"";"";"Pista de fútbol sala  Acceso libre.";"Metro: Puerta del Ángel (línea 6).";"";"0";"http://www.madrid.es/sites/v/index.jsp?vgnextchannel=bfa48ab43d6bb410VgnVCM100000171f5a0aRCRD&vgnextoid=d75d8672e92b2110VgnVCM1000000b205a0aRCRD";"ERMITA DEL SANTO";"PASEO";"V";"10";"";"";"";"CUBIERTA P.A.R.";"MADRID";"MADRID";"28011";"2";"PUERTA DEL ANGEL";"10";"LATINA";"438583";"4473763";"40.41221418658154";"-3.7238765894181416";"";"";"";"/contenido/entidadesYorganismos/CentrosEspaciosDeporte/PistaFutbolSala"
10967954;"Instalación Deportiva Municipal Básica Paco de Lucía";"";"";"Pista de patinaje  Acceso libre.";"Metro: Antonio Machado (línea 7).";"";"0";"http://www.madrid.es/sites/v/index.jsp?vgnextchannel=bfa48ab43d6bb410VgnVCM100000171f5a0aRCRD&vgnextoid=d9ff99d98fc2b610VgnVCM1000001d4a900aRCRD";"PACO DE LUCIA";"INST. DEPORTIVA BASICA";"T";"";"";"";"";"";"MADRID";"MADRID";"";"";"";"";"DISTRITO";"439866";"4483446";"40.49954952169522";"-3.7096634845157515";"";"";"";"/contenido/entidadesYorganismos/CentrosEspaciosDeporte/PistasPatinaje"
4546986;"Instalación Deportiva Municipal Básica Padre Damián";"";"";"5 pistas de pádel  Acceso controlado.";"Metro: Santiago Bernabéu , Cuzco (línea 10).";"";"0";"http://www.madrid.es/sites/v/index.jsp?vgnextchannel=bfa48ab43d6bb410VgnVCM100000171f5a0aRCRD&vgnextoid=cbf5c8d56fd81110VgnVCM1000000b205a0aRCRD";"PADRE DAMIAN";"CALLE";"V";"24";"";"";"";"";"MADRID";"MADRID";"28036";"4";"HISPANOAMERICA";"5";"CHAMARTIN";"441814";"4478648";"40.4564696428582";"-3.6862384384972176";"";"";"";"/contenido/entidadesYorganismos/CentrosEspaciosDeporte/PistasPadel"
6297431;"Instalación Deportiva Municipal Básica Palas del Rey";"";"";"Pista polideportiva  Acceso libre.";"Metro: Fuencarral (línea 10).";"";"0";"http://www.madrid.es/sites/v/index.jsp?vgnextchannel=bfa48ab43d6bb410VgnVCM100000171f5a0aRCRD&vgnextoid=44250f3daaa05310VgnVCM1000000b205a0aRCRD";"PALAS DE REY";"CALLE";"V";"17";"";"";"";"";"MADRID";"MADRID";"28050";"6";"VALVERDE";"8";"FUENCARRAL-EL PARDO";"443016";"4484643";"40.510551769644685";"-3.6726033220335847";"";"";"";"/contenido/entidadesYorganismos/CentrosEspaciosDeporte/InstalacionesDeportivasBasicas"
4582873;"Instalación Deportiva Municipal Básica Palomeras Bajas";"";"";"Campo fútbol 11 de césped artificial  Acceso controlado.";"Renfe: El Pozo (línea C2, C7 y C8).";"";"0";"http://www.madrid.es/sites/v/index.jsp?vgnextchannel=bfa48ab43d6bb410VgnVCM100000171f5a0aRCRD&vgnextoid=1f3800dcb2db2110VgnVCM1000000b205a0aRCRD";"PUERTO DE BALBARAN";"CALLE";"V";"6";"";"";"";"";"MADRID";"MADRID";"28018";"3";"PALOMERAS BAJAS";"13";"PUENTE DE VALLECAS";"444003";"4469918";"40.37796856619296";"-3.659660675353348";"";"";"";"/contenido/entidadesYorganismos/CentrosEspaciosDeporte/CamposEstadiosFutbol"
11354193;"Instalación Deportiva Municipal Básica Parkour";"";"";"Parque de calistenia Pista minibaloncesto Pista de parkour Pista de patinaje  Acceso libre.";"Renfe: Santa Eugenia (líneas C2, C7 y C8).";"";"2";"http://www.madrid.es/sites/v/index.jsp?vgnextchannel=bfa48ab43d6bb410VgnVCM100000171f5a0aRCRD&vgnextoid=371ef533a3468710VgnVCM1000001d4a900aRCRD";"ENSANCHE DE VALLECAS";"AVENIDA";"V";"14";"";"";"";"";"MADRID";"MADRID";"28051";"3";"ENSANCHE DE VALLECAS";"18";"VILLA DE VALLECAS";"447978";"4468989";"40.369856041672584";"-3.612756802771572";"";"";"";"/contenido/entidadesYorganismos/CentrosEspaciosDeporte/PistasPatinaje"
50320766;"Instalación Deportiva Municipal Básica Parkour Orcasitas";"";"";"Pista de parkour  Acceso libre.";"Consulta los siguientes enlaces.";"";"2";"http://www.madrid.es/sites/v/index.jsp?vgnextchannel=bfa48ab43d6bb410VgnVCM100000171f5a0aRCRD&vgnextoid=459a47290936e910VgnVCM200000f921e388RCRD";"POBLADOS";"AVENIDA";"V";"128";"";"";"";"";"MADRID";"MADRID";"28041";"1";"ORCASITAS";"12";"USERA";"439156";"4469486";"40.37362555242261";"-3.7172981218689642";"";"";"";"/contenido/entidadesYorganismos/CentrosEspaciosDeporte/InstalacionesDeportivasBasicas"
177331;"Instalación Deportiva Municipal Básica Parque Adelfas";"";"";"Pista polideportiva (marcaje de baloncesto y 3 pickleball transversales) Campo de fútbol 11 de césped artificial 2 pistas de chito Pista de padel Tenis de mesa  Acceso controlado.";"Metro: Conde Casal (línea 6), Pacífico (líneas 1 y 6).";"";"1";"http://www.madrid.es/sites/v/index.jsp?vgnextchannel=bfa48ab43d6bb410VgnVCM100000171f5a0aRCRD&vgnextoid=71041c7a2c61c010VgnVCM1000000b205a0aRCRD";"MARTINEZ CORROCHANO";"CALLE";"V";"26";"";"";"";"";"MADRID";"MADRID";"28007";"2";"ADELFAS";"3";"RETIRO";"443256";"4472734";"40.403285702406784";"-3.6687023840331747";"699 354 506 
consulta de información   
914 338 950 - 914 338 770 
CDM Daoiz y Velarde, gestiones administrativas";"";"idmdvelarde@madrid.es";"/contenido/entidadesYorganismos/CentrosEspaciosDeporte/CamposEstadiosFutbol"
6310206;"Instalación Deportiva Municipal Básica Parque Alfredo Kraus";"";"";"Pista de chito  Acceso libre.";"Metro: Mar de Cristal (línea 4 y 8).";"";"0";"http://www.madrid.es/sites/v/index.jsp?vgnextchannel=bfa48ab43d6bb410VgnVCM100000171f5a0aRCRD&vgnextoid=8cc23b3737d35310VgnVCM2000000c205a0aRCRD";"MAR ADRIATICO";"CALLE";"V";"7";"";"";"";"";"MADRID";"MADRID";"28033";"4";"PINAR DEL REY";"16";"HORTALEZA";"445842";"4480136";"40.470138614017166";"-3.638880685402964";"";"";"";"/contenido/entidadesYorganismos/CentrosEspaciosDeporte/PistaBolosPetancaCalvaChito"
4560975;"Instalación Deportiva Municipal Básica Parque Aluche";"";"";"Campo de fútbol 11 de césped artificial 3 pistas de baloncesto Pista de fútbol sala 6 pistas de bolos y petanca 3 pistas de chito 2 tenis de mesa  Acceso controlado.";"Metro: Aluche (línea 5).";"";"0";"http://www.madrid.es/sites/v/index.jsp?vgnextchannel=bfa48ab43d6bb410VgnVCM100000171f5a0aRCRD&vgnextoid=228a8244ca902110VgnVCM1000000b205a0aRCRD";"VALMOJADO";"CALLE";"V";"4";"";"";"";"";"MADRID";"MADRID";"28047";"4";"ALUCHE";"10";"LATINA";"435712";"4472070";"40.396755209740476";"-3.757541291696218";"";"";"";"/contenido/entidadesYorganismos/CentrosEspaciosDeporte/CamposEstadiosFutbol"
4579951;"Instalación Deportiva Municipal Básica Parque Anselmo Lorenzo";"";"";"Pista de baloncesto  Acceso libre.";"Renfe: Maestra Justa Freire - Polideportivo Aluche (línea C5).";"";"0";"http://www.madrid.es/sites/v/index.jsp?vgnextchannel=bfa48ab43d6bb410VgnVCM100000171f5a0aRCRD&vgnextoid=0a5916f218ea2110VgnVCM2000000c205a0aRCRD";"ANSELMO LORENZO";"CALLE";"V";"11";"";"";"";"CUBIERTA P.A.R.";"MADRID";"MADRID";"28044";"7";"LAS AGUILAS";"10";"LATINA";"434680";"4470477";"40.382331565862415";"-3.7695303101542077";"";"";"";"/contenido/entidadesYorganismos/CentrosEspaciosDeporte/InstalacionesDeportivasBasicas"
4548716;"Instalación Deportiva Municipal Básica Parque Arriaga";"";"";"2 pistas de baloncesto Pista de fútbol sala  Acceso libre.";"Consulta los siguientes enlaces.";"";"0";"http://www.madrid.es/sites/v/index.jsp?vgnextchannel=bfa48ab43d6bb410VgnVCM100000171f5a0aRCRD&vgnextoid=82f65e9248c91110VgnVCM1000000b205a0aRCRD";"DAROCA";"AVENIDA";"V";"95";"";"";"";"";"MADRID";"MADRID";"28017";"2";"PUEBLO NUEVO";"15";"CIUDAD LINEAL";"445479";"4475138";"40.425090271008656";"-3.6427216652412877";"";"";"";"/contenido/entidadesYorganismos/CentrosEspaciosDeporte/PistaFutbolSala"
4527839;"Instalación Deportiva Municipal Básica Parque Arroyo Pozuelo I";"";"";"Pista de baloncesto Pista de mini baloncesto Pista de fútbol sala  Acceso libre.";"Consulta los siguientes enlaces.";"";"0";"http://www.madrid.es/sites/v/index.jsp?vgnextchannel=bfa48ab43d6bb410VgnVCM100000171f5a0aRCRD&vgnextoid=3a23f1d46adf0110VgnVCM1000000b205a0aRCRD";"ARROYO DE POZUELO";"CALLE";"V";"10";"";"";"";"";"MADRID";"MADRID";"28023";"7";"ARAVACA";"9";"MONCLOA-ARAVACA";"434463";"4478158";"40.451500510488586";"-3.772885180717082";"";"";"";"/contenido/entidadesYorganismos/CentrosEspaciosDeporte/PistaFutbolSala"
6308759;"Instalación Deportiva Municipal Básica Parque Arroyo del Fresno";"";"";"Pista de baloncesto Pista polideportiva  Acceso libre.";"Consulta los siguientes enlaces.";"";"0";"http://www.madrid.es/sites/v/index.jsp?vgnextchannel=bfa48ab43d6bb410VgnVCM100000171f5a0aRCRD&vgnextoid=cee3f106d5835310VgnVCM1000000b205a0aRCRD";"VENTISQUERO DE LA CONDESA";"AVENIDA";"V";"47";"";"";"";"";"MADRID";"MADRID";"28035";"7";"MIRASIERRA";"8";"FUENCARRAL-EL PARDO";"439396";"4481704";"40.4940544606038";"-3.7178162399124255";"";"";"";"/contenido/entidadesYorganismos/CentrosEspaciosDeporte/InstalacionesDeportivasBasicas"
4548746;"Instalación Deportiva Municipal Básica Parque Atenas";"";"";"Pista polideportiva Tenis de mesa Parque de calistenia  Acceso libre.";"";"";"0";"http://www.madrid.es/sites/v/index.jsp?vgnextchannel=bfa48ab43d6bb410VgnVCM100000171f5a0aRCRD&vgnextoid=0e342099aac91110VgnVCM2000000c205a0aRCRD";"VIRGEN DEL PUERTO";"PASEO";"V";"3";"";"";"";"C/V PASEO DE PLASENCIA";"MADRID";"MADRID";"28005";"1";"PALACIO";"1";"CENTRO";"438901";"4474359";"40.41525276619871";"-3.7198999544116824";"";"";"";"/contenido/entidadesYorganismos/CentrosEspaciosDeporte/Calistenia"
4628264;"Instalación Deportiva Municipal Básica Parque Boadilla";"";"";"Pista polideportiva Pista de baloncesto Pista de BMX  Pista de bolos y petanca 4 tenis de mesa  Acceso libre.";"Consulta los siguientes enlaces.";"";"0";"http://www.madrid.es/sites/v/index.jsp?vgnextchannel=bfa48ab43d6bb410VgnVCM100000171f5a0aRCRD&vgnextoid=a0d5dc38d4884110VgnVCM1000000b205a0aRCRD";"BOADILLA DEL MONTE";"CARRETERA";"V";"22";"";"";"";"";"MADRID";"MADRID";"28024";"5";"CAMPAMENTO";"10";"LATINA";"434937";"4472307";"40.39929171006666";"-3.7708363231636293";"";"";"";"/contenido/entidadesYorganismos/CentrosEspaciosDeporte/PistaBolosPetancaCalvaChito"
68718;"Instalación Deportiva Municipal Básica Parque Breogán";"";"";"Pista de baloncesto Parque de calistenia Pista de fútbol sala Campo de fútbol 7 de césped artificial Circuito de footing 2 tenis de mesa 4 pistas de pádel  Acceso controlado.";"Metro: Parque de las Avenidas (línea 7).";"";"1";"http://www.madrid.es/sites/v/index.jsp?vgnextchannel=bfa48ab43d6bb410VgnVCM100000171f5a0aRCRD&vgnextoid=5aa6395961e4f010VgnVCM2000000c205a0aRCRD";"BRASILIA";"AVENIDA";"V";"2";"";"";"";"";"MADRID";"MADRID";"28028";"4";"GUINDALERA";"4";"SALAMANCA";"443948";"4476487";"40.437141038651475";"-3.660887719467943";"611 177 515";"";"crguindalera1924@gmail.com";"/contenido/entidadesYorganismos/CentrosEspaciosDeporte/CamposEstadiosFutbol"
4580177;"Instalación Deportiva Municipal Básica Parque Calle Navia";"";"";"Pista de fútbol sala 3 pistas de bolos y petanca  Acceso libre.";"Renfe: Maestra Justa Freire - Polideportivo Aluche (línea C5).";"";"0";"http://www.madrid.es/sites/v/index.jsp?vgnextchannel=bfa48ab43d6bb410VgnVCM100000171f5a0aRCRD&vgnextoid=fce6339f272b2110VgnVCM1000000b205a0aRCRD";"NAVIA";"CALLE";"V";"8";"";"";"";"";"MADRID";"MADRID";"28044";"7";"LAS AGUILAS";"10";"LATINA";"434754";"4470920";"40.38630205639366";"-3.767578468772533";"";"";"";"/contenido/entidadesYorganismos/CentrosEspaciosDeporte/PistaBolosPetancaCalvaChito"
4556424;"Instalación Deportiva Municipal Básica Parque Calle Vado";"";"";"Pista de baloncesto Pista de fútbol sala  Acceso libre.";"Metro: Almendrales (línea 3).";"Uso libre";"2";"http://www.madrid.es/sites/v/index.jsp?vgnextchannel=bfa48ab43d6bb410VgnVCM100000171f5a0aRCRD&vgnextoid=13fb8bbd894e1110VgnVCM1000000b205a0aRCRD";"ANTONIO LOPEZ";"CALLE";"V";"189";"";"";"";"C/V CALLE VADO";"MADRID";"MADRID";"28026";"4";"ALMENDRALES";"12";"USERA";"440892";"4470808";"40.38577423271844";"-3.6963840837570197";"";"";"";"/contenido/entidadesYorganismos/CentrosEspaciosDeporte/PistaFutbolSala"
4561114;"Instalación Deportiva Municipal Básica Parque Caramuel";"";"";"Pista de baloncesto Pista de fútbol sala Pista de patinaje  Acceso libre.";"Consulta los siguientes enlaces.";"";"0";"http://www.madrid.es/sites/v/index.jsp?vgnextchannel=bfa48ab43d6bb410VgnVCM100000171f5a0aRCRD&vgnextoid=4d0001ebdb902110VgnVCM1000000b205a0aRCRD";"SEPULVEDA";"CALLE";"V";"51";"";"";"";"";"MADRID";"MADRID";"28011";"1";"LOS CARMENES";"10";"LATINA";"438516";"4473368";"40.404252316572205";"-3.7450189220841144";"";"";"";"/contenido/entidadesYorganismos/CentrosEspaciosDeporte/PistasPatinaje"
50267704;"Instalación Deportiva Municipal Básica Parque Central de Ingenieros";"";"";"2 pistas de baloncesto  Acceso libre.";"Metro: Ciudad de los Ángeles (línea 3).";"";"0";"http://www.madrid.es/sites/v/index.jsp?vgnextchannel=bfa48ab43d6bb410VgnVCM100000171f5a0aRCRD&vgnextoid=d9ad0dd03ee2d910VgnVCM200000f921e388RCRD";"LA PICARA MOLINERA";"CALLE";"V";"29";"";"";"";"";"MADRID";"MADRID";"28041";"5";"ANGELES";"17";"VILLAVERDE";"440401";"4467559";"40.3564703227576";"-3.701862268413616";"";"";"";"/contenido/entidadesYorganismos/CentrosEspaciosDeporte/InstalacionesDeportivasBasicas"
4563497;"Instalación Deportiva Municipal Básica Parque Cerro Almodóvar I Los Yébenes";"";"";"Campo de fútbol 11 de césped artificial  Acceso controlado.";"Consulta los siguientes enlaces.";"";"0";"http://www.madrid.es/sites/v/index.jsp?vgnextchannel=bfa48ab43d6bb410VgnVCM100000171f5a0aRCRD&vgnextoid=5cb236a106e12110VgnVCM1000000b205a0aRCRD";"LOS YEBENES";"CALLE";"V";"137";"";"";"";"";"MADRID";"MADRID";"28047";"4";"ALUCHE";"10";"LATINA";"436305";"4471746";"40.393889593496915";"-3.7505152959411316";"";"";"";"/contenido/entidadesYorganismos/CentrosEspaciosDeporte/CamposEstadiosFutbol"
6336549;"Instalación Deportiva Municipal Básica Parque Cerro Almodóvar II";"";"";"Pista de patinaje 3 pistas de chito 4 pistas de bolos y petanca Pista de skate Pista de skate bowl 2 tenis de mesa  Acceso libre.";"Metro: Aluche (línea 5).";"";"0";"http://www.madrid.es/sites/v/index.jsp?vgnextchannel=bfa48ab43d6bb410VgnVCM100000171f5a0aRCRD&vgnextoid=b3469c1a07dc5310VgnVCM2000000c205a0aRCRD";"CERRO ALMODOVAR";"PARQUE";"T";"";"";"";"";"";"MADRID";"MADRID";"";"";"";"";"DISTRITO";"436505";"4471858";"40.394906187239265";"-3.748188333818695";"";"";"";"/contenido/entidadesYorganismos/CentrosEspaciosDeporte/PistaBolosPetancaCalvaChito"
4543802;"Instalación Deportiva Municipal Básica Parque Ciudad de Los Ángeles";"";"";"Pista de baloncesto Pista de patinaje Pista polideportiva  Acceso libre.";"Metro: Villaverde Bajo Cruce (línea 3).  Renfe: Puente Alcocer (línea C5).";"";"0";"http://www.madrid.es/sites/v/index.jsp?vgnextchannel=bfa48ab43d6bb410VgnVCM100000171f5a0aRCRD&vgnextoid=f346588fd3471110VgnVCM1000000b205a0aRCRD";"ANOETA";"CALLE";"V";"16";"";"";"";"";"MADRID";"MADRID";"28041";"5";"ANGELES";"17";"VILLAVERDE";"440865";"4467151";"40.35282504994271";"-3.6963617882465685";"";"";"";"/contenido/entidadesYorganismos/CentrosEspaciosDeporte/PistasPatinaje"
4543052;"Instalación Deportiva Municipal Básica Parque Comillas";"";"";"Superficie: 5.000 m2   Equipamientos:    2 pistas de bolos y petanca Campo de fútbol 7 de tierra Pista de fútbol sala Pista polideportiva 2 tenis de mesa  Acceso libre.";"Metro: Marqués de Vadillo (línea 5).";"";"0";"http://www.madrid.es/sites/v/index.jsp?vgnextchannel=bfa48ab43d6bb410VgnVCM100000171f5a0aRCRD&vgnextoid=72d28f82f7f61110VgnVCM1000000b205a0aRCRD";"ANTONIO DE LEYVA";"CALLE";"V";"35";"";"";"";"";"MADRID";"MADRID";"28019";"1";"COMILLAS";"11";"CARABANCHEL";"439305";"4471634";"40.393087603439426";"-3.715247014237789";"";"";"";"/contenido/entidadesYorganismos/CentrosEspaciosDeporte/CamposEstadiosFutbol"
4541384;"Instalación Deportiva Municipal Básica Parque Cuña Verde";"";"";"2 pistas de baloncesto Campo de fútbol 11 de tierra Campo de fútbol 7 de tierra Circuito de bicicleta Parque de calistenia  Acceso libre.";"Metro: Vicálvaro (línea 9).";"";"0";"http://www.madrid.es/sites/v/index.jsp?vgnextchannel=bfa48ab43d6bb410VgnVCM100000171f5a0aRCRD&vgnextoid=6f683e25c8a51110VgnVCM1000000b205a0aRCRD";"DAROCA";"AVENIDA";"V";"299";"";"";"";"";"MADRID";"MADRID";"28032";"1";"CASCO H.VICALVARO";"19";"VICALVARO";"447598";"4473438";"40.40991261985787";"-3.6175993909165496";"";"";"";"/contenido/entidadesYorganismos/CentrosEspaciosDeporte/CamposEstadiosFutbol"
4547556;"Instalación Deportiva Municipal Básica Parque Darwin";"";"";"2 pistas de baloncesto  Acceso libre.";"Metro: Vinateros (línea 9).";"";"0";"http://www.madrid.es/sites/v/index.jsp?vgnextchannel=bfa48ab43d6bb410VgnVCM100000171f5a0aRCRD&vgnextoid=e99bf30a37391110VgnVCM2000000c205a0aRCRD";"MORATALAZ";"AVENIDA";"V";"58";"";"";"";"";"MADRID";"MADRID";"28030";"5";"FONTARRON";"14";"MORATALAZ";"444547";"4472980";"40.40559580261864";"-3.6535143113137667";"";"";"";"/contenido/entidadesYorganismos/CentrosEspaciosDeporte/InstalacionesDeportivasBasicas"
50267711;"Instalación Deportiva Municipal Básica Parque Dehesa Boyal";"";"";"Parque de calistenia 4 tenis mesa  Acceso libre.";"Metro: San Cristóbal (línea 3).  Renfe: San Cristóbal de los Ángeles (línea C3).";"";"0";"http://www.madrid.es/sites/v/index.jsp?vgnextchannel=bfa48ab43d6bb410VgnVCM100000171f5a0aRCRD&vgnextoid=3f450dd03ee2d910VgnVCM200000f921e388RCRD";"BURJASOT";"CALLE";"V";"20";"";"";"";"";"MADRID";"MADRID";"28021";"2";"SAN CRISTOBAL";"17";"VILLAVERDE";"441582";"4466282";"40.34505365567456";"-3.6878421571303193";"";"";"";"/contenido/entidadesYorganismos/CentrosEspaciosDeporte/Calistenia"
10283400;"Instalación Deportiva Municipal Básica Parque Doña Guiomar I - Sporting de Hortaleza";"";"";"Campo de fútbol 11 de césped artificial  Acceso controlado.";"";"";"0";"http://www.madrid.es/sites/v/index.jsp?vgnextchannel=bfa48ab43d6bb410VgnVCM100000171f5a0aRCRD&vgnextoid=419eccbdac3aa510VgnVCM1000001d4a900aRCRD";"MONOVAR";"CALLE";"V";"8";"";"";"";"";"MADRID";"MADRID";"28033";"5";"APOSTOL SANTIAGO";"16";"HORTALEZA";"444442";"4481051";"40.478288972462366";"-3.6554629730490227";"";"";"";"/contenido/entidadesYorganismos/CentrosEspaciosDeporte/CamposEstadiosFutbol"
4540131;"Instalación Deportiva Municipal Básica Parque Doña Guiomar III";"";"";"2 tenis de mesa  Acceso libre.";"Consulta los siguientes enlaces.";"";"0";"http://www.madrid.es/sites/v/index.jsp?vgnextchannel=bfa48ab43d6bb410VgnVCM100000171f5a0aRCRD&vgnextoid=c20ed908b7551110VgnVCM1000000b205a0aRCRD";"MONÓVAR";"CALLE";"V";"4";"";"";"";"";"MADRID";"MADRID";"28033";"5";"APOSTOL SANTIAGO";"16";"HORTALEZA";"444352";"4480848";"40.47645416086136";"-3.656518693476812";"";"";"";"/contenido/entidadesYorganismos/CentrosEspaciosDeporte/InstalacionesDeportivasBasicas"
4548463;"Instalación Deportiva Municipal Básica Parque El Calero";"";"";"Parque de calistenia Pista de baloncesto 10 pistas de bolos y petanca Rocódromo  Acceso libre.";"Metro: Barrio de la Concepción (línea 7), Quintana (línea 5), El Carmen (línea 5).";"";"0";"http://www.madrid.es/sites/v/index.jsp?vgnextchannel=bfa48ab43d6bb410VgnVCM100000171f5a0aRCRD&vgnextoid=598745dbd6891110VgnVCM1000000b205a0aRCRD";"VIRGEN DE NURIA";"CALLE";"V";"4";"";"";"";"";"MADRID";"MADRID";"28027";"4";"LA CONCEPCION";"15";"CIUDAD LINEAL";"444590";"4476333";"40.43580006579458";"-3.6532953172963816";"";"";"";"/contenido/entidadesYorganismos/CentrosEspaciosDeporte/PistaBolosPetancaCalvaChito"
4549030;"Instalación Deportiva Municipal Básica Parque El Cedral";"";"";"Pista de baloncesto  Acceso libre.";"Consulta los siguientes enlaces.";"";"0";"http://www.madrid.es/sites/v/index.jsp?vgnextchannel=bfa48ab43d6bb410VgnVCM100000171f5a0aRCRD&vgnextoid=0b051334e3d91110VgnVCM1000000b205a0aRCRD";"ASUNCION PEREZ VIZCAINO";"CALLE";"V";"3";"";"";"";"PARQUE EL CEDRAL";"MADRID";"MADRID";"28033";"8";"ATALAYA";"15";"CIUDAD LINEAL";"443566";"4479376";"40.46314490944144";"-3.665646115180062";"";"";"";"/contenido/entidadesYorganismos/CentrosEspaciosDeporte/InstalacionesDeportivasBasicas"
6206528;"Instalación Deportiva Municipal Básica Parque Enrique Tierno Galván";"";"";"Circuito de footing   Acceso libre.";"Consulta los siguientes enlaces.";"";"0";"http://www.madrid.es/sites/v/index.jsp?vgnextchannel=bfa48ab43d6bb410VgnVCM100000171f5a0aRCRD&vgnextoid=b138d840e4623310VgnVCM2000000c205a0aRCRD";"ENRIQUE TIERNO GALVAN";"PARQUE";"T";"";"";"";"";"";"MADRID";"MADRID";"";"";"";"";"DISTRITO";"441771";"4471813";"40.39487669248672";"-3.6861262352346653";"";"";"";"/contenido/entidadesYorganismos/CentrosEspaciosDeporte/CircuitosFooting"
4556549;"Instalación Deportiva Municipal Básica Parque Estafeta";"";"";"2 pista de baloncesto Pista de baloncesto 3x3  Pista de mini baloncesto Pista polideportiva 4 tenis de mesa  Acceso libre.";"Metro: Hospital Doce de Octubre (línea 3).";"";"2";"http://www.madrid.es/sites/v/index.jsp?vgnextchannel=bfa48ab43d6bb410VgnVCM100000171f5a0aRCRD&vgnextoid=3d151ae86f4e1110VgnVCM1000000b205a0aRCRD";"ESTAFETA";"CALLE";"V";"2";"";"";"";"";"MADRID";"MADRID";"28041";"3";"SAN FERMIN";"12";"USERA";"441206";"4469544";"40.37440487560531";"-3.692567175981266";"";"";"";"/contenido/entidadesYorganismos/CentrosEspaciosDeporte/InstalacionesDeportivasBasicas"
4542810;"Instalación Deportiva Municipal Básica Parque Eugenia de Montijo y PAR Codorniz";"";"";"Superficie: 1.200 m2   Equipamientos:    3 pistas de baloncesto Pista de calva Campo de fútbol 11 de tierra 2 pistas de fútbol sala  Acceso controlado.";"Metro: Eugenia de Montijo (línea 5).";"";"0";"http://www.madrid.es/sites/v/index.jsp?vgnextchannel=bfa48ab43d6bb410VgnVCM100000171f5a0aRCRD&vgnextoid=1cd3626222f61110VgnVCM1000000b205a0aRCRD";"PARQUE EUGENIA DE MONTIJO";"CALLE";"V";"3";"";"";"";"";"MADRID";"MADRID";"28047";"4";"VISTA ALEGRE";"11";"CARABANCHEL";"436105";"4470144";"40.379434859363755";"-3.7527108325250205";"";"";"";"/contenido/entidadesYorganismos/CentrosEspaciosDeporte/CamposEstadiosFutbol"
50245991;"Instalación Deportiva Municipal Básica Parque Eva Duarte";"";"";"Pista de skate Parque de calistenia.  Acceso libre.";"Metro: Manuel Becerra (líneas 2 y 6).";"";"1";"http://www.madrid.es/sites/v/index.jsp?vgnextchannel=bfa48ab43d6bb410VgnVCM100000171f5a0aRCRD&vgnextoid=e24ea835a8dbc910VgnVCM200000f921e388RCRD";"FRANCISCO SILVELA";"CALLE";"V";"4";"";"";"";"PARQUE EVA DUARTE";"MADRID";"MADRID";"28028";"4";"GUINDALERA";"4";"SALAMANCA";"443215";"4475611";"40.429204861129875";"-3.669446051177359";"917 266 381";"";"";"/contenido/entidadesYorganismos/CentrosEspaciosDeporte/Calistenia"
50240888;"Instalación Deportiva Municipal Básica Parque Felix Rodriguez de la Fuente";"";"";"Pista skate bowl Parque de calistenia  Acceso libre.";"Metro: Avenida de la Paz (líneas 4).";"";"2";"http://www.madrid.es/sites/v/index.jsp?vgnextchannel=bfa48ab43d6bb410VgnVCM100000171f5a0aRCRD&vgnextoid=55fd969f1bdac910VgnVCM100000891ecb1aRCRD";"FELIX RODRIGUEZ DE LA FUENTE";"PARQUE";"T";"";"";"";"";"";"MADRID";"MADRID";"";"";"";"";"DISTRITO";"443662";"4478211";"40.45266022625637";"-3.6644124963804163";"";"";"";"/contenido/entidadesYorganismos/CentrosEspaciosDeporte/Calistenia"
50334812;"Instalación Deportiva Municipal Básica Parque Forestal Valdebebas Calistenia";"";"";"Parque calistenia  Acceso controlado.";"Metro: Hortaleza (línea 4).";"";"2";"http://www.madrid.es/sites/v/index.jsp?vgnextchannel=bfa48ab43d6bb410VgnVCM100000171f5a0aRCRD&vgnextoid=8dc353c9aa0be910VgnVCM200000f921e388RCRD";"";"";"V";"";"";"";"";"";"MADRID";"MADRID";"28043";"2";"PIOVERA";"16";"HORTALEZA";"";"";"40.486598567119174";"-3.637916387620101";"";"";"";"/contenido/entidadesYorganismos/CentrosEspaciosDeporte/Calistenia"
50334831;"Instalación Deportiva Municipal Básica Parque Forestal Valdebebas Patinaje";"";"";"Pista de patinaje  Acceso controlado.";"Metro: Hortaleza (línea 4).";"";"2";"http://www.madrid.es/sites/v/index.jsp?vgnextchannel=bfa48ab43d6bb410VgnVCM100000171f5a0aRCRD&vgnextoid=c8cb7351db0be910VgnVCM200000f921e388RCRD";"";"";"V";"";"";"";"";"";"MADRID";"MADRID";"28043";"2";"PIOVERA";"16";"HORTALEZA";"";"";"40.48801412541031";"3.641017886098633";"";"";"";"/contenido/entidadesYorganismos/CentrosEspaciosDeporte/PistasPatinaje"
50246052;"Instalación Deportiva Municipal Básica Parque Fuente del Berro (Petanca)";"";"";"Pista de petanca.  Acceso libre.";"Metro: O'Donnell (línea 6).";"";"1";"http://www.madrid.es/sites/v/index.jsp?vgnextchannel=bfa48ab43d6bb410VgnVCM100000171f5a0aRCRD&vgnextoid=62b1a835a8dbc910VgnVCM200000f921e388RCRD";"QUINTA FUENTE DEL BERRO";"PARQUE";"T";"";"";"";"";"";"MADRID";"MADRID";"";"";"";"";"DISTRITO";"443940";"4475113";"40.42476290600173";"-3.6608579170962035";"917 266 381";"";"";"/contenido/entidadesYorganismos/CentrosEspaciosDeporte/PistaBolosPetancaCalvaChito"
50265529;"Instalación Deportiva Municipal Básica Parque Galiana";"";"";"Pista polideportiva  Acceso libre.";"Metro: San Fermín - Orcasur (línea 3).";"";"2";"http://www.madrid.es/sites/v/index.jsp?vgnextchannel=bfa48ab43d6bb410VgnVCM100000171f5a0aRCRD&vgnextoid=b094e042bd42d910VgnVCM200000f921e388RCRD";"POBLADOS";"AVENIDA";"V";"150";"";"";"";"";"MADRID";"MADRID";"28041";"1";"ORCASITAS";"12";"USERA";"440255";"4469158";"40.37086685194917";"-3.70373875306846";"";"";"";"/contenido/entidadesYorganismos/CentrosEspaciosDeporte/InstalacionesDeportivasBasicas"
6331268;"Instalación Deportiva Municipal Básica Parque Huerta de la Salud";"";"";"Pista chito 2 pistas de bolos y petanca  Acceso libre.";"Consulta los siguientes enlaces.";"";"2";"http://www.madrid.es/sites/v/index.jsp?vgnextchannel=bfa48ab43d6bb410VgnVCM100000171f5a0aRCRD&vgnextoid=dcd700c061aa5310VgnVCM2000000c205a0aRCRD";"MAR DE LAS ANTILLAS";"CALLE";"V";"10";"";"";"";"";"MADRID";"MADRID";"28033";"4";"PINAR DEL REY";"16";"HORTALEZA";"445186";"4480760";"40.475722025270905";"-3.646658003339625";"";"";"";"/contenido/entidadesYorganismos/CentrosEspaciosDeporte/PistaBolosPetancaCalvaChito"
50337905;"Instalación Deportiva Municipal Básica Parque Juan Carlos I - Calistenia y quidditch";"";"";"Campo de quidditch 2 parques de calistenia  Acceso libre.";"Metro: Feria de Madrid (linea 8).  Servicio Bicimad, para consultar la estación más cercana, acceda al mapa de geolocalización de las estaciones.";"";"1";"http://www.madrid.es/sites/v/index.jsp?vgnextchannel=bfa48ab43d6bb410VgnVCM100000171f5a0aRCRD&vgnextoid=d05d228978ace910VgnVCM200000f921e388RCRD";"JUAN CARLOS I";"PARQUE";"T";"1";"";"";"";"";"MADRID";"MADRID";"28042";"5";"CORRALEJOS";"21";"BARAJAS";"448082";"4478956";"40.46355567958425";"-3.611278257136668";"";"";"";"/contenido/entidadesYorganismos/CentrosEspaciosDeporte/Calistenia"
50220526;"Instalación Deportiva Municipal Básica Parque Juan Carlos I - Embarcadero";"";"";"Pirag&amp;uuml;ismo  Acceso controlado.";"Metro: Feria de Madrid (linea 8).  Servicio Bicimad, para consultar la estación más cercana, acceda al mapa de geolocalización de las estaciones.";"";"1";"http://www.madrid.es/sites/v/index.jsp?vgnextchannel=bfa48ab43d6bb410VgnVCM100000171f5a0aRCRD&vgnextoid=a0dd15ec8024c910VgnVCM200000f921e388RCRD";"PARQUE JUAN CARLOS I EMBARCADERO";"INST. DEPORTIVA BASICA";"T";"";"";"";"";"";"MADRID";"MADRID";"";"";"";"";"DISTRITO";"448446";"4478743";"40.45775909680347";"-3.6080324477635606";"";"";"";"/contenido/entidadesYorganismos/CentrosEspaciosDeporte/Embarcaderos"
50337915;"Instalación Deportiva Municipal Básica Parque Juan Carlos I - Patinaje";"";"";"Pista de patinaje  Acceso libre.";"Metro: Feria de Madrid (linea 8).  Servicio Bicimad, para consultar la estación más cercana, acceda al mapa de geolocalización de las estaciones.";"";"1";"http://www.madrid.es/sites/v/index.jsp?vgnextchannel=bfa48ab43d6bb410VgnVCM100000171f5a0aRCRD&vgnextoid=9231637ef8ace910VgnVCM200000f921e388RCRD";"JUAN CARLOS I";"PARQUE";"T";"1";"";"";"";"";"MADRID";"MADRID";"28042";"5";"CORRALEJOS";"21";"BARAJAS";"448082";"4478956";"40.465166";"-3.609291";"";"";"";"/contenido/entidadesYorganismos/CentrosEspaciosDeporte/PistasPatinaje"
50220299;"Instalación Deportiva Municipal Básica Parque Juan Carlos I 1";"";"";"Circuito de vida 2 pistas de fútbol sala 2 pistas de pádel Pista de voley playa  Acceso controlado.";"Metro: Feria de Madrid (linea 8).  Servicio Bicimad, para consultar la estación más cercana, acceda al mapa de geolocalización de las estaciones.";"";"1";"http://www.madrid.es/sites/v/index.jsp?vgnextchannel=bfa48ab43d6bb410VgnVCM100000171f5a0aRCRD&vgnextoid=1beae6b20b14c910VgnVCM200000f921e388RCRD";"JUAN CARLOS I";"PARQUE";"T";"1";"";"";"";"";"MADRID";"MADRID";"28042";"5";"CORRALEJOS";"21";"BARAJAS";"448082";"4478956";"40.4596514960251";"-3.6123392821754052";"";"";"";"/contenido/entidadesYorganismos/CentrosEspaciosDeporte/CircuitoVida"
50220483;"Instalación Deportiva Municipal Básica Parque Juan Carlos I 2";"";"";"Pista de mini baloncesto Pista de balonmano Pista de fútbol sala  Acceso libre.";"Metro: Feria de Madrid (linea 8).  Servicio Bicimad, para consultar la estación más cercana, acceda al mapa de geolocalización de las estaciones.";"";"1";"http://www.madrid.es/sites/v/index.jsp?vgnextchannel=bfa48ab43d6bb410VgnVCM100000171f5a0aRCRD&vgnextoid=ad9f4210cf14c910VgnVCM200000f921e388RCRD";"JUAN CARLOS I";"AUDITORIO";"T";"";"";"";"";"";"MADRID";"MADRID";"";"";"";"";"DISTRITO";"448687";"4478652";"40.45695095741205";"-3.6051887013296056";"";"";"";"/contenido/entidadesYorganismos/CentrosEspaciosDeporte/PistaFutbolSala"
10913272;"Instalación Deportiva Municipal Básica Parque Juan Pablo II (pádel)";"";"";"2 pistas de pádel   Acceso controlado.";"Metro: Hortaleza (línea 4).";"";"2";"http://www.madrid.es/sites/v/index.jsp?vgnextchannel=bfa48ab43d6bb410VgnVCM100000171f5a0aRCRD&vgnextoid=31edbd18e5b79610VgnVCM1000001d4a900aRCRD";"PICEAS";"AVENIDA";"V";"13";"";"";"";"";"MADRID";"MADRID";"28043";"2";"PIOVERA";"16";"HORTALEZA";"447448";"4478684";"40.45716098978023";"-3.6198043588509803";"";"";"";"/contenido/entidadesYorganismos/CentrosEspaciosDeporte/PistasPadel"
12030091;"Instalación Deportiva Municipal Básica Parque Juan Pablo II (rugby)";"";"";"Campo de rugby de césped artificial  Acceso controlado.";"Metro: Hortaleza (línea 4).";"";"2";"http://www.madrid.es/sites/v/index.jsp?vgnextchannel=bfa48ab43d6bb410VgnVCM100000171f5a0aRCRD&vgnextoid=f178271751b88810VgnVCM1000001d4a900aRCRD";"PICEAS";"AVENIDA";"V";"13";"";"";"";"";"MADRID";"MADRID";"28043";"2";"PIOVERA";"16";"HORTALEZA";"447448";"4478684";"40.45716098978023";"-3.6198043588509803";"";"";"";"/contenido/entidadesYorganismos/CentrosEspaciosDeporte/PistasPadel"
50334783;"Instalación Deportiva Municipal Básica Parque Juan Pablo II Calistenia";"";"";"Parque calistenia  Acceso controlado.";"Metro: Hortaleza (línea 4).";"";"2";"http://www.madrid.es/sites/v/index.jsp?vgnextchannel=bfa48ab43d6bb410VgnVCM100000171f5a0aRCRD&vgnextoid=1e433cfce90be910VgnVCM200000f921e388RCRD";"PICEAS";"AVENIDA";"V";"13";"";"";"";"";"MADRID";"MADRID";"28043";"2";"PIOVERA";"16";"HORTALEZA";"";"";"40.45480590900167";"-3.62887529253724";"";"";"";"/contenido/entidadesYorganismos/CentrosEspaciosDeporte/Calistenia"
50285972;"Instalación Deportiva Municipal Básica Parque La Gavia";"";"";"Parkour 2 parques de calistenia 2 pistas polideportivas Rocódromo Skate bowl  Acceso libre.";"Metro: Congosto (línea 1).";"";"2";"http://www.madrid.es/sites/v/index.jsp?vgnextchannel=bfa48ab43d6bb410VgnVCM100000171f5a0aRCRD&vgnextoid=1a2b45b518fad910VgnVCM200000f921e388RCRD";"LA GAVIA";"PARQUE";"V";"";"";"";"";"";"MADRID";"MADRID";"28051";"3";"ENSANCHE DE VALLECAS";"18";"VILLA DE VALLECAS";"447715";"4468849";"40.36450107531737";"-3.628145762119834";"";"";"";"/contenido/entidadesYorganismos/CentrosEspaciosDeporte/Calistenia"
4583138;"Instalación Deportiva Municipal Básica Parque La Viña";"";"";"Pista de baloncesto 2 pistas de bolos y petanca Pista de fútbol sala 2 tenis de mesa  Acceso libre.";"Consulta los siguientes enlaces.";"";"0";"http://www.madrid.es/sites/v/index.jsp?vgnextchannel=bfa48ab43d6bb410VgnVCM100000171f5a0aRCRD&vgnextoid=b91d2b9229db2110VgnVCM1000000b205a0aRCRD";"CONCEJO DE TEVERGA";"CALLE";"V";"2";"";"";"";"";"MADRID";"MADRID";"28053";"1";"ENTREVIAS";"13";"PUENTE DE VALLECAS";"442959";"4470864";"40.38641877802191";"-3.6720437688597283";"";"";"";"/contenido/entidadesYorganismos/CentrosEspaciosDeporte/PistaBolosPetancaCalvaChito"
50313589;"Instalación Deportiva Municipal Básica Parque Lineal UZI 0.06 Arroyofresno Patinaje";"";"";"Pista de patinaje  Acceso libre.";"Metro: Arroyofresno (línea 7).";"";"0";"http://www.madrid.es/sites/v/index.jsp?vgnextchannel=bfa48ab43d6bb410VgnVCM100000171f5a0aRCRD&vgnextoid=8f9a4694aea3e910VgnVCM100000891ecb1aRCRD";"MARIA DE MAEZTU";"CALLE";"V";"110";"";"";"";"";"MADRID";"MADRID";"28049";"7";"MIRASIERRA";"8";"FUENCARRAL-EL PARDO";"438611";"4482737";"40.49307083881806";"-3.7244029447240417";"";"";"";"/contenido/entidadesYorganismos/CentrosEspaciosDeporte/PistasPatinaje"
10967962;"Instalación Deportiva Municipal Básica Parque Lineal UZI 0.06 Arroyofresno Polideportiva";"";"";"Pista polideportiva  Acceso libre.";"Metro: Arroyofresno (línea 7).";"";"0";"http://www.madrid.es/sites/v/index.jsp?vgnextchannel=bfa48ab43d6bb410VgnVCM100000171f5a0aRCRD&vgnextoid=f25099d98fc2b610VgnVCM1000001d4a900aRCRD";"MARIA DE MAEZTU";"CALLE";"V";"36";"";"";"";"";"MADRID";"MADRID";"28049";"7";"MIRASIERRA";"8";"FUENCARRAL-EL PARDO";"438241";"4482397";"40.489982955898725";"-3.7287424913482035";"";"";"";"/contenido/entidadesYorganismos/CentrosEspaciosDeporte/InstalacionesDeportivasBasicas"
50267651;"Instalación Deportiva Municipal Básica Parque Lineal de Manzanares Sur";"";"";"Pista de patinaje Pista de skate  Acceso libre.";"Renfe: Villaverde Bajo (línea C3 y C4).";"";"0";"http://www.madrid.es/sites/v/index.jsp?vgnextchannel=bfa48ab43d6bb410VgnVCM100000171f5a0aRCRD&vgnextoid=1b62509b4ce2d910VgnVCM200000f921e388RCRD";"SUR";"AUTOVÍA";"V";"571";"";"";"";"";"MADRID";"MADRID";"28041";"5";"ANGELES";"17";"VILLAVERDE";"440865";"4467151";"40.35377785381224";"-3.6772988756976126";"";"";"";"/contenido/entidadesYorganismos/CentrosEspaciosDeporte/PistasPatinaje"
50324617;"Instalación Deportiva Municipal Básica Parque Lineal de Manzanares Sur Circuito de Vida";"";"";"Circuito de vida con 3 estaciones con barras de calistenia  Acceso libre.";"Renfe: Villaverde Bajo (línea C3 y C4).";"";"0";"http://www.madrid.es/sites/v/index.jsp?vgnextchannel=bfa48ab43d6bb410VgnVCM100000171f5a0aRCRD&vgnextoid=799e0d082c27e910VgnVCM100000891ecb1aRCRD";"SUR";"AUTOVÍA";"V";"571";"";"";"";"";"MADRID";"MADRID";"28041";"5";"ANGELES";"17";"VILLAVERDE";"440865";"4467151";"40.3551305537179";"-3.6778838736860973";"";"";"";"/contenido/entidadesYorganismos/CentrosEspaciosDeporte/CircuitoVida"
5567512;"Instalación Deportiva Municipal Básica Parque Lineal del Manzanares - Victoriano González";"";"De lunes a domingo de 9:30 a 22:30 horas.";"Campo de fútbol 11 césped atificial Campo de fútbol 11 tierra Campo de fútbol 7 tierra Circuito de vida 2 pistas polideportivas  Acceso controlado.";"Consulta los siguientes enlaces.";"";"2";"http://www.madrid.es/sites/v/index.jsp?vgnextchannel=bfa48ab43d6bb410VgnVCM100000171f5a0aRCRD&vgnextoid=4e8195356cd96210VgnVCM2000000c205a0aRCRD";"EMBAJADORES";"CALLE";"V";"325";"";"";"";"";"MADRID";"MADRID";"28012";"2";"SAN FERMÍN";"1";"USERA";"440032";"4473578";"40.37538685773439";"-3.6845156578839386";"";"";"";"/contenido/entidadesYorganismos/CentrosEspaciosDeporte/CircuitoVida"
4583318;"Instalación Deportiva Municipal Básica Parque Luis Buñuel";"";"";"Pista de baloncesto  Acceso libre.";"Metro: Miguel Hernández (línea 1).";"";"0";"http://www.madrid.es/sites/v/index.jsp?vgnextchannel=bfa48ab43d6bb410VgnVCM100000171f5a0aRCRD&vgnextoid=30645c766bdb2110VgnVCM1000000b205a0aRCRD";"LUIS BU&amp;Ntilde;UEL";"CALLE";"V";"5";"";"";"";"";"MADRID";"MADRID";"28018";"4";"PALOMERAS SURESTE";"13";"PUENTE DE VALLECAS";"445365";"4470940";"40.38726620117653";"-3.6436968611860636";"";"";"";"/contenido/entidadesYorganismos/CentrosEspaciosDeporte/InstalacionesDeportivasBasicas"
4584491;"Instalación Deportiva Municipal Básica Parque Madrid Sur - La Diligencia";"";"";"Pista de patinaje  Acceso libre.";"Renfe: Entrevías (líneas C2, C7 y C8).";"";"0";"http://www.madrid.es/sites/v/index.jsp?vgnextchannel=bfa48ab43d6bb410VgnVCM100000171f5a0aRCRD&vgnextoid=40e37e060c2c2110VgnVCM1000000b205a0aRCRD";"LA DILIGENCIA";"CALLE";"V";"5";"";"";"";"PARQUE MADRID SUR";"MADRID";"MADRID";"28018";"3";"PALOMERAS BAJAS";"13";"PUENTE DE VALLECAS";"443885";"4470510";"40.383292552889394";"-3.661115147599702";"";"";"";"/contenido/entidadesYorganismos/CentrosEspaciosDeporte/PistasPatinaje"
6284785;"Instalación Deportiva Municipal Básica Parque Manuel Azaña";"";"";"Pista baloncesto  Acceso libre.";"Metro: El Carmen (línea 5), Ventas (líneas 2 y 5).";"";"0";"http://www.madrid.es/sites/v/index.jsp?vgnextchannel=bfa48ab43d6bb410VgnVCM100000171f5a0aRCRD&vgnextoid=7154949a6cda4310VgnVCM2000000c205a0aRCRD";"JAZMIN";"CALLE";"V";"37";"";"";"";"";"MADRID";"MADRID";"28027";"4";"CONCEPCION";"15";"CIUDAD LINEAL";"444038";"4475943";"40.43223738609814";"-3.6597904281119016";"";"";"";"/contenido/entidadesYorganismos/CentrosEspaciosDeporte/InstalacionesDeportivasBasicas"
4581044;"Instalación Deportiva Municipal Básica Parque Marchamalo";"";"";"Pista de bolos y petanca Pista polideportiva  Acceso libre.";"Consulta los siguientes enlaces.";"";"0";"http://www.madrid.es/sites/v/index.jsp?vgnextchannel=bfa48ab43d6bb410VgnVCM100000171f5a0aRCRD&vgnextoid=f0e72734f83b2110VgnVCM1000000b205a0aRCRD";"MARCHAMALO";"CALLE";"V";"15";"";"";"";"";"MADRID";"MADRID";"28038";"5";"PORTAZGO";"13";"PUENTE DE VALLECAS";"445156";"4471947";"40.396326219173055";"-3.6462456332666418";"";"";"";"/contenido/entidadesYorganismos/CentrosEspaciosDeporte/PistaBolosPetancaCalvaChito"
4548485;"Instalación Deportiva Municipal Básica Parque Martala II";"";"";"Pista baloncesto 3x3   Acceso libre.";"Metro: Artilleros (línea 9).";"";"0";"http://www.madrid.es/sites/v/index.jsp?vgnextchannel=bfa48ab43d6bb410VgnVCM100000171f5a0aRCRD&vgnextoid=a81483dbd6891110VgnVCM2000000c205a0aRCRD";"MOLINA DE SEGURA";"CALLE";"V";"6";"";"";"";"";"MADRID";"MADRID";"28030";"3";"MARROQUINA";"14";"MORATALAZ";"445887";"4473169";"40.407386769370774";"-3.6377418640890133";"";"";"";"/contenido/entidadesYorganismos/CentrosEspaciosDeporte/InstalacionesDeportivasBasicas"
50309151;"Instalación Deportiva Municipal Básica Parque Martin Luther King";"";"";"Pista patinaje Pista polideportiva  Acceso libre.";"Metro: Puente de Vallecas (línea 1).";"";"0";"http://www.madrid.es/sites/v/index.jsp?vgnextchannel=bfa48ab43d6bb410VgnVCM100000171f5a0aRCRD&vgnextoid=f3c74437deb1e910VgnVCM200000f921e388RCRD";"ARREGUI Y ARUEJ";"CALLE";"V";"6";"";"";"";"";"MADRID";"MADRID";"28007";"2";"ADELFAS";"3";"RETIRO";"443192";"4472268";"40.399082369863706";"-3.669412958725335";"";"";"";"/contenido/entidadesYorganismos/CentrosEspaciosDeporte/PistasPatinaje"
4556019;"Instalación Deportiva Municipal Básica Parque Mujeres de Orcasitas";"";"";"2 pistas de baloncesto 2 pistas de baloncesto 3x3  2 pistas de fútbol sala Tenis de mesa  Acceso libre.";"Consulta los siguientes enlaces.";"";"2";"http://www.madrid.es/sites/v/index.jsp?vgnextchannel=bfa48ab43d6bb410VgnVCM100000171f5a0aRCRD&vgnextoid=2d3362a9470e1110VgnVCM1000000b205a0aRCRD";"COOPERATIVAS";"RONDA";"V";"6";"";"";"";"";"MADRID";"MADRID";"28041";"1";"ORCASITAS";"12";"USERA";"439919";"4468772";"40.3673502443602";"-3.7076605178679096";"";"";"";"/contenido/entidadesYorganismos/CentrosEspaciosDeporte/TenisMesa"
6298598;"Instalación Deportiva Municipal Básica Parque Norte";"";"";"Pista de baloncesto  Acceso libre.";"Metro: Fuencarral (línea 10).";"";"0";"http://www.madrid.es/sites/v/index.jsp?vgnextchannel=bfa48ab43d6bb410VgnVCM100000171f5a0aRCRD&vgnextoid=aaad80a53df05310VgnVCM1000000b205a0aRCRD";"ARZOBISPO MORCILLO";"CALLE";"V";"9";"";"";"";"";"MADRID";"MADRID";"28029";"5";"LA PAZ";"8";"FUENCARRAL-EL PARDO";"441078";"4481405";"40.481246364189325";"-3.6951796155204626";"";"";"";"/contenido/entidadesYorganismos/CentrosEspaciosDeporte/InstalacionesDeportivasBasicas"
4556557;"Instalación Deportiva Municipal Básica Parque Olof Palme";"";"";"Pista de bolos y petanca Pista de skate   Acceso libre.";"Metro: Plaza Elíptica (línea 6 y 11).";"";"2";"http://www.madrid.es/sites/v/index.jsp?vgnextchannel=bfa48ab43d6bb410VgnVCM100000171f5a0aRCRD&vgnextoid=616c33d7305e1110VgnVCM1000000b205a0aRCRD";"FORNILLOS";"CALLE";"V";"7";"";"";"";"PARQUE OLOF PALME";"MADRID";"MADRID";"28026";"6";"ZOFIO";"12";"USERA";"439535";"4470481";"40.38272687240551";"-3.7123340121838933";"";"";"";"/contenido/entidadesYorganismos/CentrosEspaciosDeporte"
4671014;"Instalación Deportiva Municipal Básica Parque Plata y Castañar";"";"";"Pista de baloncesto Pista de baloncesto 3x3  Campo de beisbol de tierra 6 pistas de bolos y petanca 3 pistas de chito Pista de patinaje Pistas polideportivas 2 pistas de voleibol  Acceso libre.";"Consulta los siguientes enlaces.";"";"0";"http://www.madrid.es/sites/v/index.jsp?vgnextchannel=bfa48ab43d6bb410VgnVCM100000171f5a0aRCRD&vgnextoid=009349ad8bcc5110VgnVCM1000000b205a0aRCRD";"PLATA Y CASTAÑAR";"PASEO";"V";"5";"";"";"";"";"MADRID";"MADRID";"28021";"";"SAN ANDRES";"17";"VILLAVERDE";"439073";"4466734";"40.34893806864997";"-3.717423564562957";"";"";"";"/contenido/entidadesYorganismos/CentrosEspaciosDeporte/PistaBolosPetancaCalvaChito"
4555864;"Instalación Deportiva Municipal Básica Parque Pradolongo 1";"";"";"Pista de baloncesto Circuito de bicicletas Pista polideportiva  Acceso libre.";"Consulta los siguientes enlaces.";"";"2";"http://www.madrid.es/sites/v/index.jsp?vgnextchannel=bfa48ab43d6bb410VgnVCM100000171f5a0aRCRD&vgnextoid=6fecafe6d20e1110VgnVCM1000000b205a0aRCRD";"POBLADOS";"AVENIDA";"V";"169";"";"";"";"PARQUE PRADOLONGO";"MADRID";"MADRID";"28041";"7";"PRADOLONGO";"12";"USERA";"439998";"4469285";"40.37198635690731";"-3.7067765807244246";"";"";"";"/contenido/entidadesYorganismos/CentrosEspaciosDeporte/CircuitosCiclismo"
12028369;"Instalación Deportiva Municipal Básica Parque Pradolongo 2";"";"";"2 pistas de mini baloncesto Pista de patinaje Parque de calistenia 4 tenis de mesa  Acceso libre.";"Consulta los siguientes enlaces.";"";"2";"http://www.madrid.es/sites/v/index.jsp?vgnextchannel=bfa48ab43d6bb410VgnVCM100000171f5a0aRCRD&vgnextoid=00be193f97b78810VgnVCM2000001f4a900aRCRD";"POBLADOS";"AVENIDA";"V";"165";"";"";"";"PARQUE PRADOLONGO";"MADRID";"MADRID";"28041";"7";"PRADOLONGO";"12";"USERA";"439720";"4469386";"40.37288274499535";"-3.7100591797765965";"";"";"";"/contenido/entidadesYorganismos/CentrosEspaciosDeporte/PistasPatinaje"
50285989;"Instalación Deportiva Municipal Básica Parque Quinta de los Molinos";"";"";"Parque de calistenia  Acceso libre.";"Metro: Suanzes (línea 5).";"";"0";"http://www.madrid.es/sites/v/index.jsp?vgnextchannel=bfa48ab43d6bb410VgnVCM100000171f5a0aRCRD&vgnextoid=0a8245b518fad910VgnVCM200000f921e388RCRD";"QUINTA DE LOS MOLINOS";"PARQUE";"T";"";"";"";"";"";"MADRID";"MADRID";"";"";"EL SALVADOR";"";"SAN BLAS-CANILLEJAS";"446577";"4477652";"40.44406795621425";"-3.6270625745915814";"";"";"";"/contenido/entidadesYorganismos/CentrosEspaciosDeporte/Calistenia"
4564008;"Instalación Deportiva Municipal Básica Parque Rafael Finat";"";"";"Pista de patinaje  Acceso libre.";"Renfe: Maestra Justa Freire - Polideportivo Aluche (línea C5).";"";"0";"http://www.madrid.es/sites/v/index.jsp?vgnextchannel=bfa48ab43d6bb410VgnVCM100000171f5a0aRCRD&vgnextoid=b44da2d7fe222110VgnVCM1000000b205a0aRCRD";"FUERTE DE NAVIDAD";"CALLE";"V";"1";"";"";"";"";"MADRID";"MADRID";"28044";"7";"LAS AGUILAS";"10";"LATINA";"434976";"4470497";"40.382528907142124";"-3.7660503393307607";"";"";"";"/contenido/entidadesYorganismos/CentrosEspaciosDeporte/PistasPatinaje"
5542270;"Instalación Deportiva Municipal Básica Parque Real de Arganda";"";"";"Pista de fútbol sala  Acceso libre.";"Metro: Villa de Vallecas (línea 1).";"";"2";"http://www.madrid.es/sites/v/index.jsp?vgnextchannel=bfa48ab43d6bb410VgnVCM100000171f5a0aRCRD&vgnextoid=5c497740efc26210VgnVCM1000000b205a0aRCRD";"REAL DE ARGANDA";"CALLE";"V";"45";"";"";"";"";"MADRID";"MADRID";"28031";"2";"SANTA EUGENIA";"18";"VILLA DE VALLECAS";"447786";"4470059";"40.37949103344629";"-3.6150999353765094";"";"";"";"/contenido/entidadesYorganismos/CentrosEspaciosDeporte/PistaFutbolSala"
4531216;"Instalación Deportiva Municipal Básica Parque Roma I";"";"";"Pista de fútbol sala Pista polideportiva (marcajes transversales baloncesto / fútbol sala)  Acceso libre.";"Metro: Sáinz de Baranda (líneas 6 y 9).";"";"0";"http://www.madrid.es/sites/v/index.jsp?vgnextchannel=bfa48ab43d6bb410VgnVCM100000171f5a0aRCRD&vgnextoid=541c2de56ac01110VgnVCM1000000b205a0aRCRD";"JUAN ESPLANDIU";"CALLE";"V";"4";"";"";"";"";"MADRID";"MADRID";"28007";"3";"ESTRELLA";"3";"RETIRO";"443820";"4474147";"40.41604342375633";"-3.662189960446734";"";"";"";"/contenido/entidadesYorganismos/CentrosEspaciosDeporte/PistaFutbolSala"
4685044;"Instalación Deportiva Municipal Básica Parque Roma III";"";"";"Rocódromo  Acceso libre.";"Metro: O'Donnell (línea 6), Sáinz de Baranda (líneas 6 y 9).";"";"0";"http://www.madrid.es/sites/v/index.jsp?vgnextchannel=bfa48ab43d6bb410VgnVCM100000171f5a0aRCRD&vgnextoid=1d951667ce336110VgnVCM1000000b205a0aRCRD";"JUAN ESPLANDIU";"CALLE";"V";"11";"";"";"";"";"MADRID";"MADRID";"28007";"3";"ESTRELLA";"3";"RETIRO";"443616";"4474411";"40.41841652743493";"-3.664606282761478";"";"";"";"/contenido/entidadesYorganismos/CentrosEspaciosDeporte/InstalacionesDeportivasBasicas"
4554591;"Instalación Deportiva Municipal Básica Parque Salvador Madariaga";"";"";"Pista de baloncesto Pista de minifrontón 2 pistas de voleibol  Acceso libre.";"Metro: Barrio de la Concepción (línea 7).";"";"0";"http://www.madrid.es/sites/v/index.jsp?vgnextchannel=bfa48ab43d6bb410VgnVCM100000171f5a0aRCRD&vgnextoid=b401ee4851bd1110VgnVCM1000000b205a0aRCRD";"SALVADOR DE MADARIAGA";"CALLE";"V";"9";"";"";"";"";"MADRID";"MADRID";"28027";"5";"SAN PASCUAL";"15";"CIUDAD LINEAL";"444268";"4476735";"40.43939860438441";"-3.6571307210648647";"";"";"";"/contenido/entidadesYorganismos/CentrosEspaciosDeporte/PistaVoleibol"
4556430;"Instalación Deportiva Municipal Básica Parque San Blas";"";"";"2 pistas de chito Circuito de footing  Acceso libre.";"Metro: Simancas (línea 7).";"";"0";"http://www.madrid.es/sites/v/index.jsp?vgnextchannel=bfa48ab43d6bb410VgnVCM100000171f5a0aRCRD&vgnextoid=68038bbd894e1110VgnVCM1000000b205a0aRCRD";"ARCENTALES";"AVENIDA";"V";"4";"";"";"";"";"MADRID";"MADRID";"28037";"2";"HELLIN";"20";"SAN BLAS-CANILLEJAS";"447225";"4475667";"40.42997621103139";"-3.6221773579444596";"";"";"";"/contenido/entidadesYorganismos/CentrosEspaciosDeporte/PistaBolosPetancaCalvaChito"
4543839;"Instalación Deportiva Municipal Básica Parque San Luciano";"";"";"Pista de fútbol sala  Acceso libre.";"Metro: Ciudad de los Ángeles (línea 3).";"";"0";"http://www.madrid.es/sites/v/index.jsp?vgnextchannel=bfa48ab43d6bb410VgnVCM100000171f5a0aRCRD&vgnextoid=86af01d115471110VgnVCM1000000b205a0aRCRD";"LILLO";"CALLE";"V";"3";"";"";"";"";"MADRID";"MADRID";"28041";"5";"ANGELES";"17";"VILLAVERDE";"441006";"4468292";"40.363112656296984";"-3.694806526993685";"";"";"";"/contenido/entidadesYorganismos/CentrosEspaciosDeporte/PistaFutbolSala"
4541916;"Instalación Deportiva Municipal Básica Parque Santa Adela";"";"";"Pista de baloncesto  Acceso libre.";"Metro: Parque de Santa María (línea 4).";"";"0";"http://www.madrid.es/sites/v/index.jsp?vgnextchannel=bfa48ab43d6bb410VgnVCM100000171f5a0aRCRD&vgnextoid=302e9b165e961110VgnVCM1000000b205a0aRCRD";"SANTA ADELA";"CALLE";"V";"14";"";"";"";"";"MADRID";"MADRID";"28033";"4";"PINAR DEL REY";"16";"HORTALEZA";"445043";"4481198";"40.479644201807766";"-3.648385573479989";"";"";"";"/contenido/entidadesYorganismos/CentrosEspaciosDeporte/InstalacionesDeportivasBasicas"
4539259;"Instalación Deportiva Municipal Básica Parque Santa Eugenia";"";"";"Pista de skate  Acceso libre.";"Renfe: Santa Eugenia (líneas C2, C7 y C8).";"";"2";"http://www.madrid.es/sites/v/index.jsp?vgnextchannel=bfa48ab43d6bb410VgnVCM100000171f5a0aRCRD&vgnextoid=2204a086b3051110VgnVCM1000000b205a0aRCRD";"VIRGEN DE LAS VI&amp;Ntilde;AS";"CALLE";"V";"22";"";"";"";"";"MADRID";"MADRID";"28031";"2";"SANTA EUGENIA";"18";"VILLA DE VALLECAS";"448332";"4470186";"40.380662835352915";"-3.6086838683643085";"";"";"";"/contenido/entidadesYorganismos/CentrosEspaciosDeporte/InstalacionesDeportivasBasicas"
4564041;"Instalación Deportiva Municipal Básica Parque Sector Surbatán";"";"";"Pista de patinaje 2 pistas de bolos y petanca   Acceso libre.";"Metro: Lucero (línea 6).";"";"0";"http://www.madrid.es/sites/v/index.jsp?vgnextchannel=bfa48ab43d6bb410VgnVCM100000171f5a0aRCRD&vgnextoid=d640713fdf222110VgnVCM1000000b205a0aRCRD";"SEPULVEDA";"CALLE";"V";"206";"";"";"";"";"MADRID";"MADRID";"28011";"3";"LUCERO";"10";"LATINA";"436106";"4472699";"40.40245585197608";"-3.752954470282698";"";"";"";"/contenido/entidadesYorganismos/CentrosEspaciosDeporte/PistaBolosPetancaCalvaChito"
6300744;"Instalación Deportiva Municipal Básica Parque Supermanzana 7";"";"";"Pista polideportiva  Acceso libre.";"Metro: Fuencarral (línea 10).";"";"0";"http://www.madrid.es/sites/v/index.jsp?vgnextchannel=bfa48ab43d6bb410VgnVCM100000171f5a0aRCRD&vgnextoid=70c840a4a8915310VgnVCM2000000c205a0aRCRD";"SANGENJO";"CALLE";"V";"27";"";"";"";"";"MADRID";"MADRID";"28034";"5";"LA PAZ";"8";"FUENCARRAL-EL PARDO";"440621";"4481864";"40.48535526224588";"-3.7006085840108214";"";"";"";"/contenido/entidadesYorganismos/CentrosEspaciosDeporte/InstalacionesDeportivasBasicas"
11358733;"Instalación Deportiva Municipal Básica Parque Villa de Vallecas";"";"";"Pista de fútbol sala 2 pistas de baloncesto  Pista de skate  Acceso libre.";"Metro: Congosto (línea 1).";"";"2";"http://www.madrid.es/sites/v/index.jsp?vgnextchannel=bfa48ab43d6bb410VgnVCM100000171f5a0aRCRD&vgnextoid=7a14291fa9288710VgnVCM1000001d4a900aRCRD";"PUERTO DE PORZUNA";"CALLE";"V";"31";"";"";"";"";"MADRID";"MADRID";"28031";"1";"CASCO H.VALLECAS";"18";"VILLA DE VALLECAS";"447118";"4469475";"40.374185181259605";"-3.622929154419034";"";"";"";"/contenido/entidadesYorganismos/CentrosEspaciosDeporte/PistaFutbolSala"
4548199;"Instalación Deportiva Municipal Básica Parque Z";"";"";"Pista de patinaje 2 tenis de mesa  Acceso libre.";"Metro: Vinateros (línea 9).";"";"0";"http://www.madrid.es/sites/v/index.jsp?vgnextchannel=bfa48ab43d6bb410VgnVCM100000171f5a0aRCRD&vgnextoid=4da0234542891110VgnVCM2000000c205a0aRCRD";"MARROQUINA";"CALLE";"V";"88";"";"";"";"PARQUE DE MORATALAZ";"MADRID";"MADRID";"28030";"3";"MARROQUINA";"14";"MORATALAZ";"445227";"4473497";"40.41028156820145";"-3.645562579322765";"";"";"";"/contenido/entidadesYorganismos/CentrosEspaciosDeporte/PistasPatinaje"
6298263;"Instalación Deportiva Municipal Básica Parque de Begoña";"";"";"Pista de baloncesto Pista de fútbol sala  Acceso libre.";"Metro: Fuencarral (línea 10).";"";"0";"http://www.madrid.es/sites/v/index.jsp?vgnextchannel=bfa48ab43d6bb410VgnVCM100000171f5a0aRCRD&vgnextoid=014067d014f05310VgnVCM1000000b205a0aRCRD";"LLANO CASTELLANO";"AVENIDA";"V";"1";"";"";"";"";"MADRID";"MADRID";"28034";"6";"VALVERDE";"8";"FUENCARRAL-EL PARDO";"441989";"4481693";"40.483895554775785";"-3.6844715393162772";"";"";"";"/contenido/entidadesYorganismos/CentrosEspaciosDeporte/PistaFutbolSala"
4547247;"Instalación Deportiva Municipal Básica Parque de Berlín";"";"";"2 pistas de chito Pista polideportiva 2 tenis de mesa  Acceso libre.";"Metro: Concha Espina , Alfonso XIII (líneas 4 y 9).";"";"2";"http://www.madrid.es/sites/v/index.jsp?vgnextchannel=bfa48ab43d6bb410VgnVCM100000171f5a0aRCRD&vgnextoid=d7e0a56363291110VgnVCM1000000b205a0aRCRD";"MARCENADO";"CALLE";"V";"51";"";"";"";"";"MADRID";"MADRID";"28002";"3";"CIUDAD JARDIN";"5";"CHAMARTIN";"442812";"4477906";"40.44984679168731";"-3.6744024936791453";"";"";"";"/contenido/entidadesYorganismos/CentrosEspaciosDeporte/PistasTenisBadminton"
12037455;"Instalación Deportiva Municipal Básica Parque de Entrevías - Patinaje y calistenia";"";"";"Pista de patinaje Parque de calistenia  Acceso libre.";"Consulta los siguientes enlaces.";"";"0";"http://www.madrid.es/sites/v/index.jsp?vgnextchannel=bfa48ab43d6bb410VgnVCM100000171f5a0aRCRD&vgnextoid=c2c3e510c8eb8810VgnVCM2000001f4a900aRCRD";"SUR";"RONDA";"V";"8";"";"";"";"";"MADRID";"MADRID";"28053";"1";"ENTREVIAS";"13";"PUENTE DE VALLECAS";"443009";"4469412";"40.373345205820904";"-3.671318897300165";"";"";"";"/contenido/entidadesYorganismos/CentrosEspaciosDeporte/PistasPatinaje"
12037445;"Instalación Deportiva Municipal Básica Parque de Entrevías - Petanca";"";"";"8 pistas de bolos y petanca  Acceso libre.";"Consulta los siguientes enlaces.";"";"0";"http://www.madrid.es/sites/v/index.jsp?vgnextchannel=bfa48ab43d6bb410VgnVCM100000171f5a0aRCRD&vgnextoid=ab33e510c8eb8810VgnVCM2000001f4a900aRCRD";"SUR";"RONDA";"V";"53";"";"";"";"";"MADRID";"MADRID";"28053";"1";"ENTREVIAS";"13";"PUENTE DE VALLECAS";"442628";"4470296";"40.38128367455192";"-3.6758816960021092";"";"";"";"/contenido/entidadesYorganismos/CentrosEspaciosDeporte/PistaBolosPetancaCalvaChito"
4541879;"Instalación Deportiva Municipal Básica Parque de Manoteras - Vélez Rubio";"";"";"Pista polideportiva  2 pistas de calva   Pista de patinaje  3 tenis de mesa  Acceso libre.";"Metro: Manoteras (línea 4).";"";"0";"http://www.madrid.es/sites/v/index.jsp?vgnextchannel=bfa48ab43d6bb410VgnVCM100000171f5a0aRCRD&vgnextoid=aa51989c0d961110VgnVCM1000000b205a0aRCRD";"BACARES";"CALLE";"V";"20";"";"";"";"";"MADRID";"MADRID";"28033";"5";"APOSTOL SANTIAGO";"16";"HORTALEZA";"443874";"4480843";"40.4763846537385";"-3.6621366502190877";"";"";"";"/contenido/entidadesYorganismos/CentrosEspaciosDeporte/PistaBolosPetancaCalvaChito"
4542098;"Instalación Deportiva Municipal Básica Parque de San Isidro - Gorrión";"";"";"Campo de fútbol 11 de tierra Pista de fútbol sala  Acceso controlado.";"Metro: Urgel (línea 5).";"";"0";"http://www.madrid.es/sites/v/index.jsp?vgnextchannel=bfa48ab43d6bb410VgnVCM100000171f5a0aRCRD&vgnextoid=e9c908d335a61110VgnVCM1000000b205a0aRCRD";"GORRION";"CALLE";"V";"36";"";"";"";"";"MADRID";"MADRID";"28019";"3";"SAN ISIDRO";"11";"CARABANCHEL";"438091";"4472000";"40.39630479229722";"-3.7295153827975325";"";"";"";"/contenido/entidadesYorganismos/CentrosEspaciosDeporte/CamposEstadiosFutbol"
4651979;"Instalación Deportiva Municipal Básica Parque de San Isidro - Vicente Quesada";"";"";"Pista de baloncesto  Acceso libre.";"Consulta los siguientes enlaces.";"";"0";"http://www.madrid.es/sites/v/index.jsp?vgnextchannel=bfa48ab43d6bb410VgnVCM100000171f5a0aRCRD&vgnextoid=490c606e96145110VgnVCM1000000b205a0aRCRD";"VICENTE QUESADA";"CALLE";"V";"4";"";"";"";"PARQUE DE SAN ISIDRO";"MADRID";"MADRID";"28019";"3";"SAN ISIDRO";"11";"CARABANCHEL";"438036";"4472069";"40.39692701825193";"-3.7301518140186314";"";"";"";"/contenido/entidadesYorganismos/CentrosEspaciosDeporte/InstalacionesDeportivasBasicas"
50256193;"Instalación Deportiva Municipal Básica Parque de San Isidro Pistas";"";"";"3 pistas de baloncesto 3x3  Pista de fútbol sala  4 tenis mesa   Acceso libre.";"Consulta los siguientes enlaces.";"";"0";"http://www.madrid.es/sites/v/index.jsp?vgnextchannel=bfa48ab43d6bb410VgnVCM100000171f5a0aRCRD&vgnextoid=7c81830bdf6ec910VgnVCM100000891ecb1aRCRD";"SAN ISIDRO";"PARQUE";"T";"";"";"";"";"";"MADRID";"MADRID";"";"";"";"";"DISTRITO";"438464";"4472433";"40.40023658430994";"-3.7251417506183504";"";"";"";"/contenido/entidadesYorganismos/CentrosEspaciosDeporte/PistaFutbolSala"
11239500;"Instalación Deportiva Municipal Básica Parque de la Arganzuela";"";"";"Campo de fútbol 11 de césped artificial  Acceso controlado.";"Metro: Legazpi (línea 3 y 6).";"";"0";"http://www.madrid.es/sites/v/index.jsp?vgnextchannel=bfa48ab43d6bb410VgnVCM100000171f5a0aRCRD&vgnextoid=11435702408f4710VgnVCM2000001f4a900aRCRD";"YESERIAS";"PASEO";"V";"10";"";"";"";"(PARQUE DE LA ARGANZUELA)";"MADRID";"MADRID";"28005";"2";"ACACIAS";"2";"ARGANZUELA";"440176";"4472058";"40.39698206031797";"-3.7049351249517386";"";"";"";"/contenido/entidadesYorganismos/CentrosEspaciosDeporte/CamposEstadiosFutbol"
10915659;"Instalación Deportiva Municipal Básica Parque de la Cornisa";"";"";"Pista de baloncesto Tenis de mesa  Acceso libre.";"Consulta los siguientes enlaces.";"";"0";"http://www.madrid.es/sites/v/index.jsp?vgnextchannel=bfa48ab43d6bb410VgnVCM100000171f5a0aRCRD&vgnextoid=72e68d2ec6099610VgnVCM1000001d4a900aRCRD";"CORNISA";"PARQUE";"T";"";"";"";"";"CALLE DEL ROSARIO";"MADRID";"MADRID";"";"";"";"";"DISTRITO";"439262";"4473597";"40.410782823227315";"-3.7158504935306076";"";"";"";"/contenido/entidadesYorganismos/CentrosEspaciosDeporte/InstalacionesDeportivasBasicas"
4549233;"Instalación Deportiva Municipal Básica Parque de la Ventilla";"";"";"Pista de baloncesto 2 pistas de baloncesto 3x3  Pista de bolos y petanca Pista de fútbol sala Pista de patinaje  Acceso libre.";"Metro: Ventilla (línea 9).";"";"2";"http://www.madrid.es/sites/v/index.jsp?vgnextchannel=bfa48ab43d6bb410VgnVCM100000171f5a0aRCRD&vgnextoid=64ef3a8c57d91110VgnVCM2000000c205a0aRCRD";"VIA LIMITE";"CALLE";"V";"101";"";"";"";"PARQUE DE LA VENTILLA";"MADRID";"MADRID";"28029";"4";"ALMENARA";"6";"TETUAN";"441058";"4480541";"40.47345238657359";"-3.695336575110429";"";"";"";"/contenido/entidadesYorganismos/CentrosEspaciosDeporte/PistaBolosPetancaCalvaChito"
4541767;"Instalación Deportiva Municipal Básica Parque de la Vicalvarada";"";"";"Pista de mini baloncesto Pista de bolos y petanca Campo de fútbol 11 césped artificial Pista de chito Pista de patinaje Parque de calistenia  Acceso controlado para el campo de fútbol. El resto tiene acceso libre.";"Metro: Vicálvaro (línea 9).";"";"0";"http://www.madrid.es/sites/v/index.jsp?vgnextchannel=bfa48ab43d6bb410VgnVCM100000171f5a0aRCRD&vgnextoid=9b1fdec5c4961110VgnVCM1000000b205a0aRCRD";"VEREDA DEL PINAR";"CALLE";"V";"1";"";"";"";"";"MADRID";"MADRID";"28032";"";"AMBROZ";"";"VICALVARO";"448447";"4473531";"40.41079351896063";"-3.607616723630345";"";"";"";"/contenido/entidadesYorganismos/CentrosEspaciosDeporte/CamposEstadiosFutbol"
50309030;"Instalación Deportiva Municipal Básica Parque de las Avenidas";"";"";"Pista polideportiva  Acceso libre.";"Metro: Parque de las Avenidas (línea 7).";"";"1";"http://www.madrid.es/sites/v/index.jsp?vgnextchannel=bfa48ab43d6bb410VgnVCM100000171f5a0aRCRD&vgnextoid=2a58c4b44db1e910VgnVCM100000891ecb1aRCRD";"BRASILIA";"AVENIDA";"V";"8";"";"";"";"";"MADRID";"MADRID";"28028";"4";"GUINDALERA";"4";"SALAMANCA";"443909";"4476302";"40.44249983281532";"-3.6602251468605473";"";"";"";"/contenido/entidadesYorganismos/CentrosEspaciosDeporte/InstalacionesDeportivasBasicas"
4659840;"Instalación Deportiva Municipal Básica Parque de las Cruces Fútbol 7";"";"";"2 campos de fútbol 11 césped artificial  Acceso controlado.";"Consulta los siguientes enlaces.";"";"0";"http://www.madrid.es/sites/v/index.jsp?vgnextchannel=bfa48ab43d6bb410VgnVCM100000171f5a0aRCRD&vgnextoid=b396688500f65110VgnVCM1000000b205a0aRCRD";"CRUCES";"CAMINO";"V";"4";"";"";"";"PARQUE DE LAS CRUCES";"MADRID";"MADRID";"28044";"6";"BUENAVISTA";"11";"CARABANCHEL";"435883";"4469672";"40.376267";"-3.756577";"";"";"";"/contenido/entidadesYorganismos/CentrosEspaciosDeporte/CamposEstadiosFutbol"
50261569;"Instalación Deportiva Municipal Básica Parque de las Cruces I";"";"";"Campo de fútbol 11 de tierra Pista polideportiva 2 pistas de bolos y petanca Rocódromo  Acceso libre.";"Metro: Aluche (línea 5).";"";"0";"http://www.madrid.es/sites/v/index.jsp?vgnextchannel=bfa48ab43d6bb410VgnVCM100000171f5a0aRCRD&vgnextoid=bb9ad3783ea0d910VgnVCM100000891ecb1aRCRD";"ROMPEDIZO";"CALLE";"V";"15";"";"";"";"";"MADRID";"MADRID";"28054";"6";"CUATRO VIENTOS";"10";"LATINA";"435271";"4469904";"40.377819";"-3.762424";"";"";"";"/contenido/entidadesYorganismos/CentrosEspaciosDeporte/CamposEstadiosFutbol"
50261573;"Instalación Deportiva Municipal Básica Parque de las Cruces II";"";"";"2 pistas de fútbol sala 2 tenis de mesa  Acceso libre.";"Metro: Aluche (línea 5).";"";"0";"http://www.madrid.es/sites/v/index.jsp?vgnextchannel=bfa48ab43d6bb410VgnVCM100000171f5a0aRCRD&vgnextoid=8cccd3783ea0d910VgnVCM100000891ecb1aRCRD";"VIDAUBA";"CALLE";"V";"3";"";"";"";"";"MADRID";"MADRID";"28044";"7";"LAS AGUILAS";"10";"LATINA";"435202";"4470512";"40.382996";"-3.763016";"";"";"";"/contenido/entidadesYorganismos/CentrosEspaciosDeporte/PistaFutbolSala"
4563656;"Instalación Deportiva Municipal Básica Parque de las Cruces Pistas";"";"";"2 pistas de baloncesto Pista de futbol sala  Acceso libre.";"Consulta los siguientes enlaces.";"";"0";"http://www.madrid.es/sites/v/index.jsp?vgnextchannel=bfa48ab43d6bb410VgnVCM100000171f5a0aRCRD&vgnextoid=5790dbec67222110VgnVCM1000000b205a0aRCRD";"CRUCES";"CAMINO";"V";"4";"";"";"";"PARQUE DE LAS CRUCES";"MADRID";"MADRID";"28044";"6";"BUENAVISTA";"11";"CARABANCHEL";"435883";"4469672";"40.375279";"-3.756142";"";"";"";"/contenido/entidadesYorganismos/CentrosEspaciosDeporte/PistaFutbolSala"
11360319;"Instalación Deportiva Municipal Básica Parque del Cementerio";"";"";"Pista de fútbol sala Pista polideportiva  Acceso libre.";"Metro: Villa de Vallecas (línea 1).";"";"0";"http://www.madrid.es/sites/v/index.jsp?vgnextchannel=bfa48ab43d6bb410VgnVCM100000171f5a0aRCRD&vgnextoid=cd020c3bf9f98710VgnVCM2000001f4a900aRCRD";"PICO DE LA CIERVA";"CALLE";"V";"4";"";"";"";"";"MADRID";"MADRID";"28031";"1";"CASCO H.VALLECAS";"18";"VILLA DE VALLECAS";"447533";"4469796";"40.37710310380217";"-3.6185063391325323";"";"";"";"/contenido/entidadesYorganismos/CentrosEspaciosDeporte/InstalacionesDeportivasBasicas"
4527217;"Instalación Deportiva Municipal Básica Parque del Oeste";"";"";"Pista de baloncesto  Acceso libre.";"Metro: Arg&amp;uuml;elles (líneas 3, 4 y 6), Moncloa (líneas 3 y 6).";"";"0";"http://www.madrid.es/sites/v/index.jsp?vgnextchannel=bfa48ab43d6bb410VgnVCM100000171f5a0aRCRD&vgnextoid=6612124827ee0110VgnVCM1000000b205a0aRCRD";"CAMOENS Y VALERO";"PASEO";"V";"10";"";"";"";"";"MADRID";"MADRID";"28008";"1";"CASA DE CAMPO";"9";"MONCLOA-ARAVACA";"438450";"4475815";"40.430697990679384";"-3.725636612600492";"";"";"";"/contenido/entidadesYorganismos/CentrosEspaciosDeporte/InstalacionesDeportivasBasicas"
50262662;"Instalación Deportiva Municipal Básica Parque del Oeste Calistenia";"";"";"Parque de calistenia  Acceso libre.";"Consulta los siguientes enlaces.";"";"0";"http://www.madrid.es/sites/v/index.jsp?vgnextchannel=bfa48ab43d6bb410VgnVCM100000171f5a0aRCRD&vgnextoid=cdf26b89de91d910VgnVCM200000f921e388RCRD";"SENDA REAL";"PASEO";"V";"";"";"";"";"";"MADRID";"MADRID";"28008";"1";"CASA DE CAMPO";"9";"MONCLOA-ARAVACA";"438450";"4475815";"40.431500857167016";"-3.7314005819888583";"";"";"";"/contenido/entidadesYorganismos/CentrosEspaciosDeporte/Calistenia"
6299525;"Instalación Deportiva Municipal Básica Parque la Alcazaba";"";"";"Pista de baloncesto Pista de fútbol sala  Acceso libre.";"Metro: Fuencarral (línea 10).";"";"0";"http://www.madrid.es/sites/v/index.jsp?vgnextchannel=bfa48ab43d6bb410VgnVCM100000171f5a0aRCRD&vgnextoid=6571b79f9b415310VgnVCM2000000c205a0aRCRD";"EL FERROL";"AVENIDA";"V";"34";"";"";"";"CUBIERTA DE P.A.R. FERROL";"MADRID";"MADRID";"28029";"4";"EL PILAR";"8";"FUENCARRAL-EL PARDO";"439990";"4480717";"40.474976052563875";"-3.707942318722383";"";"";"";"/contenido/entidadesYorganismos/CentrosEspaciosDeporte/PistaFutbolSala"
6300752;"Instalación Deportiva Municipal Básica Parque la Milanera (La Coma)";"";"";"Pista de fútbol sala 2 pistas de patinaje Pista de voley playa  Acceso libre.";"Metro: Lacoma (línea 7).";"";"0";"http://www.madrid.es/sites/v/index.jsp?vgnextchannel=bfa48ab43d6bb410VgnVCM100000171f5a0aRCRD&vgnextoid=d4e940a4a8915310VgnVCM2000000c205a0aRCRD";"RAMON GOMEZ DE LA SERNA";"CALLE";"V";"14";"";"";"";"";"MADRID";"MADRID";"28035";"3";"PEÑA GRANDE";"8";"FUENCARRAL-EL PARDO";"438569";"4481797";"40.48459542261755";"-3.72483060450493";"";"";"";"/contenido/entidadesYorganismos/CentrosEspaciosDeporte/PistasPatinaje"
11358753;"Instalación Deportiva Municipal Básica Parroquia Santa Eugenia";"";"";"Pista de fútbol sala  Acceso libre.";"Renfe: Santa Eugenia (líneas C2, C7 y C8).";"";"2";"http://www.madrid.es/sites/v/index.jsp?vgnextchannel=bfa48ab43d6bb410VgnVCM100000171f5a0aRCRD&vgnextoid=39a4291fa9288710VgnVCM1000001d4a900aRCRD";"VIRGEN DE LAS VIÑAS";"CALLE";"V";"17";"";"";"";"";"MADRID";"MADRID";"28031";"2";"SANTA EUGENIA";"18";"VILLA DE VALLECAS";"448329";"4470141";"40.380263205459435";"-3.6087152600825148";"";"";"";"/contenido/entidadesYorganismos/CentrosEspaciosDeporte/PistaFutbolSala"
6309560;"Instalación Deportiva Municipal Básica Paseo de la Vaguada";"";"";"3 pistas de bolos y petanca Pista de chito  Acceso libre.";"Metro: Lacoma (línea 7).";"";"0";"http://www.madrid.es/sites/v/index.jsp?vgnextchannel=bfa48ab43d6bb410VgnVCM100000171f5a0aRCRD&vgnextoid=72d64224cd835310VgnVCM2000000c205a0aRCRD";"VAGUADA";"PASEO";"V";"13";"";"";"";"";"MADRID";"MADRID";"28029";"4";"EL PILAR";"8";"FUENCARRAL-EL PARDO";"439712";"4481297";"40.48016602497203";"-3.7112978051427574";"";"";"";"/contenido/entidadesYorganismos/CentrosEspaciosDeporte/PistaBolosPetancaCalvaChito"
12037470;"Instalación Deportiva Municipal Básica Patinaje Parque Lineal Palomeras";"";"";"Pista de patinaje Pista de skate Pista de skate bowl  Acceso libre.";"Metro: Miguel Hernández (línea 1).";"";"2";"http://www.madrid.es/sites/v/index.jsp?vgnextchannel=bfa48ab43d6bb410VgnVCM100000171f5a0aRCRD&vgnextoid=0146e510c8eb8810VgnVCM2000001f4a900aRCRD";"MIGUEL HERNANDEZ";"AVENIDA";"V";"52";"";"";"";"";"MADRID";"MADRID";"28038";"4";"PALOMERAS SURESTE";"13";"PUENTE DE VALLECAS";"446066";"4470942";"40.38689103260379";"-3.63490061679172";"";"";"";"/contenido/entidadesYorganismos/CentrosEspaciosDeporte/PistasPatinaje"
11358784;"Instalación Deportiva Municipal Básica Patinaje Puerto Porzuna";"";"";"Pista de patinaje  Acceso libre.";"Metro: Congosto (línea 1).";"";"2";"http://www.madrid.es/sites/v/index.jsp?vgnextchannel=bfa48ab43d6bb410VgnVCM100000171f5a0aRCRD&vgnextoid=1a96291fa9288710VgnVCM1000001d4a900aRCRD";"PUERTO DE PORZUNA";"CALLE";"V";"41";"";"";"";"";"MADRID";"MADRID";"28031";"3";"ENSANCHE DE VALLECAS";"18";"VILLA DE VALLECAS";"446824";"4469188";"40.371582895053926";"-3.626364717362837";"";"";"";"/contenido/entidadesYorganismos/CentrosEspaciosDeporte/PistasPatinaje"
5706297;"Instalación Deportiva Municipal Básica Patrimonio de la Humanidad";"";"";"Pista de patinaje  Acceso libre.";"Metro: La Peseta (línea 11).";"";"0";"http://www.madrid.es/sites/v/index.jsp?vgnextchannel=bfa48ab43d6bb410VgnVCM100000171f5a0aRCRD&vgnextoid=1a0dd668c1ee8210VgnVCM2000000c205a0aRCRD";"PATRIMONIO DE LA HUMANIDAD";"CALLE";"V";"17";"";"";"";"";"MADRID";"MADRID";"28054";"6";"BUENAVISTA";"11";"CARABANCHEL";"435519";"4468136";"40.36130109566346";"-3.7594290655278826";"";"";"";"/contenido/entidadesYorganismos/CentrosEspaciosDeporte/PistasPatinaje"
4548373;"Instalación Deportiva Municipal Básica Pavones Este - Lili Alvarez";"";"";"Campo de fútbol 11 césped artificial Parque calistenia Pista de baloncesto 4 pistas de pádel Pista de voley playa  Acceso controlado.";"Consulta los siguientes enlaces.";"";"0";"http://www.madrid.es/sites/v/index.jsp?vgnextchannel=bfa48ab43d6bb410VgnVCM100000171f5a0aRCRD&vgnextoid=bca52a4e24891110VgnVCM2000000c205a0aRCRD";"LA RIVIERA";"CALLE";"V";"4";"";"";"";"";"MADRID";"MADRID";"28030";"2";"HORCAJO";"14";"MORATALAZ";"446619";"4472991";"40.405822647416606";"-3.6291151510513155";"";"";"";"/contenido/entidadesYorganismos/CentrosEspaciosDeporte/CamposEstadiosFutbol"
12038238;"Instalación Deportiva Municipal Básica Pedro Escudero";"";"";"Pista polideportiva  Acceso libre.";"Renfe: El Pozo (líneas C2, C7 y C8).";"";"0";"http://www.madrid.es/sites/v/index.jsp?vgnextchannel=bfa48ab43d6bb410VgnVCM100000171f5a0aRCRD&vgnextoid=f1bdbfb2993c8810VgnVCM1000001d4a900aRCRD";"PEDRO ESCUDERO";"CALLE";"V";"28";"";"";"";"";"MADRID";"MADRID";"28018";"3";"PALOMERAS BAJAS";"13";"PUENTE DE VALLECAS";"444339";"4470994";"40.38768853781644";"-3.655788060343499";"";"";"";"/contenido/entidadesYorganismos/CentrosEspaciosDeporte/InstalacionesDeportivasBasicas"
50256238;"Instalación Deportiva Municipal Básica Pedro Yagüe";"";"";"Pista de baloncesto  Acceso libre.";"Consulta los siguientes enlaces.";"";"0";"http://www.madrid.es/sites/v/index.jsp?vgnextchannel=bfa48ab43d6bb410VgnVCM100000171f5a0aRCRD&vgnextoid=c72f8645f07ec910VgnVCM100000891ecb1aRCRD";"PEDRO YAG&amp;Uuml;E";"CALLE";"V";"11";"";"";"";"CUBIERTA DEL P.A.R.";"MADRID";"MADRID";"28019";"1";"COMILLAS";"11";"CARABANCHEL";"439905";"4471530";"40.39220559923076";"-3.7080805394338863";"";"";"";"/contenido/entidadesYorganismos/CentrosEspaciosDeporte/InstalacionesDeportivasBasicas"
4542833;"Instalación Deportiva Municipal Básica Peonías - José Miguel Vicens";"";"";"Pista de baloncesto Pista de fútbol sala  Acceso libre.";"Consulta los siguientes enlaces.";"";"2";"http://www.madrid.es/sites/v/index.jsp?vgnextchannel=bfa48ab43d6bb410VgnVCM100000171f5a0aRCRD&vgnextoid=c8f9626222f61110VgnVCM1000000b205a0aRCRD";"PEONIAS";"CALLE";"V";"2";"";"";"";"";"MADRID";"MADRID";"28042";"1";"PALOMAS";"16";"HORTALEZA";"447603";"4477959";"40.45063098748498";"-3.6179168085538476";"";"";"";"/contenido/entidadesYorganismos/CentrosEspaciosDeporte/PistaFutbolSala"
6339254;"Instalación Deportiva Municipal Básica Petanca Dehesa de la Villa";"";"";"Pista de bolos y petanca  Acceso libre.";"Consulta los siguientes enlaces.";"";"0";"http://www.madrid.es/sites/v/index.jsp?vgnextchannel=bfa48ab43d6bb410VgnVCM100000171f5a0aRCRD&vgnextoid=0f0ca36eef1e5310VgnVCM1000000b205a0aRCRD";"DEHESA DE LA VILLA";"CARRETERA";"V";"5";"";"";"";"";"MADRID";"MADRID";"28040";"3";"CIUDAD UNIVERSITARIA";"9";"MONCLOA-ARAVACA";"438943";"4478952";"40.4590004918498";"-3.7201288027361485";"";"";"";"/contenido/entidadesYorganismos/CentrosEspaciosDeporte/PistaBolosPetancaCalvaChito"
4527560;"Instalación Deportiva Municipal Básica Petanca Marqués de Monistrol";"";"";"2 pistas de bolos y petanca  Acceso libre.";"Metro: Príncipe Pío (líneas 6, 10 y R).   Renfe: Príncipe Pío (líneas C1, C7 y C10).";"";"0";"http://www.madrid.es/sites/v/index.jsp?vgnextchannel=bfa48ab43d6bb410VgnVCM100000171f5a0aRCRD&vgnextoid=caa8849491df0110VgnVCM1000000b205a0aRCRD";"MARQUES DE MONISTROL";"PASEO";"V";"";"";"";"";"";"MADRID";"MADRID";"";"";"";"";"DISTRITO";"438549";"4474018";"40.42288695078204";"-3.7266824773646343";"";"";"";"/contenido/entidadesYorganismos/CentrosEspaciosDeporte/PistaBolosPetancaCalvaChito"
50245825;"Instalación Deportiva Municipal Básica Petanca Palacio Cristal en el Retiro";"";"";"Pista de petanca  Acceso libre.";"Metro: Retiro (línea 2).";"";"0";"http://www.madrid.es/sites/v/index.jsp?vgnextchannel=bfa48ab43d6bb410VgnVCM100000171f5a0aRCRD&vgnextoid=fd7680c556dbc910VgnVCM200000f921e388RCRD";"REPUBLICA DE CUBA";"PASEO";"V";"6";"";"";"";"";"MADRID";"MADRID";"28009";"5";"LOS JERONIMOS";"3";"RETIRO";"442046";"4473937";"40.414041684602275";"-3.6830708639624286";"";"";"";"/contenido/entidadesYorganismos/CentrosEspaciosDeporte/PistaBolosPetancaCalvaChito"
6309581;"Instalación Deportiva Municipal Básica Petanca Parque de Fuencarral";"";"";"Pista de bolos y petanca  Acceso libre.";"Consulta los siguientes enlaces.";"";"0";"http://www.madrid.es/sites/v/index.jsp?vgnextchannel=bfa48ab43d6bb410VgnVCM100000171f5a0aRCRD&vgnextoid=5a9dedd8af835310VgnVCM1000000b205a0aRCRD";"AFUERAS A VALVERDE";"CALLE";"V";"2";"";"";"";"";"MADRID";"MADRID";"28034";"6";"VALVERDE";"8";"FUENCARRAL-EL PARDO";"441767";"4483363";"40.49892401860584";"-3.687244155098763";"";"";"";"/contenido/entidadesYorganismos/CentrosEspaciosDeporte/PistaBolosPetancaCalvaChito"
11358766;"Instalación Deportiva Municipal Básica Peñaranda de Bracamonte";"";"";"Pista de baloncesto cubierta Pista polideportiva cubierta  Acceso libre.";"Metro: Congosto (línea 1).";"";"2";"http://www.madrid.es/sites/v/index.jsp?vgnextchannel=bfa48ab43d6bb410VgnVCM100000171f5a0aRCRD&vgnextoid=52e5291fa9288710VgnVCM1000001d4a900aRCRD";"PEÑARANDA DE BRACAMONTE";"CALLE";"V";"54";"";"";"";"";"MADRID";"MADRID";"28051";"3";"ENSANCHE DE VALLECAS";"18";"VILLA DE VALLECAS";"447948";"4468435";"40.36487064423944";"-3.613064051608728";"";"";"";"/contenido/entidadesYorganismos/CentrosEspaciosDeporte/InstalacionesDeportivasBasicas"
4659237;"Instalación Deportiva Municipal Básica Piedrahíta";"";"";"Pista de baloncesto  Acceso libre.";"Metro: San Francisco, Pan Bendito (línea 11).";"";"0";"http://www.madrid.es/sites/v/index.jsp?vgnextchannel=bfa48ab43d6bb410VgnVCM100000171f5a0aRCRD&vgnextoid=3591ab4d19a65110VgnVCM1000000b205a0aRCRD";"PIEDRAHITA";"CALLE";"V";"34";"";"";"";"";"MADRID";"MADRID";"28025";"5";"PUERTA BONITA";"11";"CARABANCHEL";"437134";"4469861";"40.376964185234336";"-3.7405607728991477";"";"";"";"/contenido/entidadesYorganismos/CentrosEspaciosDeporte/CanchasBaloncesto"
4548093;"Instalación Deportiva Municipal Básica Pinar de la Elipa";"";"";"Pista de patinaje  Acceso libre.";"Metro: La Elipa (línea 2).";"";"0";"http://www.madrid.es/sites/v/index.jsp?vgnextchannel=bfa48ab43d6bb410VgnVCM100000171f5a0aRCRD&vgnextoid=ed2f929930891110VgnVCM1000000b205a0aRCRD";"FELIX RODRIGUEZ DE LA FUENTE";"CALLE";"V";"93";"";"";"";"";"MADRID";"MADRID";"28017";"1";"VENTAS";"15";"CIUDAD LINEAL";"444390";"4474691";"40.420999194832135";"-3.655509421898862";"";"";"";"/contenido/entidadesYorganismos/CentrosEspaciosDeporte/PistasPatinaje"
4555992;"Instalación Deportiva Municipal Básica Pinos de Osuna";"";"";"Pista de fútbol sala  Acceso libre.";"Metro: El Capricho (línea 5).";"";"1";"http://www.madrid.es/sites/v/index.jsp?vgnextchannel=bfa48ab43d6bb410VgnVCM100000171f5a0aRCRD&vgnextoid=53a6eaccb50e1110VgnVCM1000000b205a0aRCRD";"PINOS DE OSUNA";"CALLE";"V";"1";"";"";"";"";"MADRID";"MADRID";"28042";"1";"ALAMEDA DE OSUNA";"21";"BARAJAS";"449811";"4477948";"40.45067715296623";"-3.591878464060468";"";"";"";"/contenido/entidadesYorganismos/CentrosEspaciosDeporte/PistaFutbolSala"
50256303;"Instalación Deportiva Municipal Básica Piqueñas";"";"";"Campo de fútbol 11 césped artificial  Acceso controlado.";"Consulta los siguientes enlaces.";"";"0";"http://www.madrid.es/sites/v/index.jsp?vgnextchannel=bfa48ab43d6bb410VgnVCM100000171f5a0aRCRD&vgnextoid=5988a392a17ec910VgnVCM100000891ecb1aRCRD";"PINAR DE SAN JOSE";"CALLE";"V";"72";"";"";"";"";"MADRID";"MADRID";"28054";"6";"BUENAVISTA";"11";"CARABANCHEL";"434745";"4468102";"40.36093912690904";"-3.7685267854947524";"";"";"";"/contenido/entidadesYorganismos/CentrosEspaciosDeporte/CamposEstadiosFutbol"
50320801;"Instalación Deportiva Municipal Básica Pista Petanca Marquesa de Silvela";"";"";"Pista de petanca  Acceso libre.";"Metro: Plaza Elíptica (línea 6 y 11).";"";"2";"http://www.madrid.es/sites/v/index.jsp?vgnextchannel=bfa48ab43d6bb410VgnVCM100000171f5a0aRCRD&vgnextoid=796647290936e910VgnVCM200000f921e388RCRD";"MARQUESA DE SILVELA";"CALLE";"V";"15";"";"";"";"";"MADRID";"MADRID";"28026";"5";"MOSCARDO";"12";"USERA";"439474";"4470855";"40.386091043458826";"-3.7130946106630165";"";"";"";"/contenido/entidadesYorganismos/CentrosEspaciosDeporte/PistaBolosPetancaCalvaChito"
50239263;"Instalación Deportiva Municipal Básica Pista atletismo Parque Atlético de Madrid";"";"";"Atletismo calles  Acceso libre.";"Metro: Pirámides (línea 5).  Renfe: Pirámides (línea C1 y C10).";"";"0";"http://www.madrid.es/sites/v/index.jsp?vgnextchannel=bfa48ab43d6bb410VgnVCM100000171f5a0aRCRD&vgnextoid=276626fc33e9c910VgnVCM100000891ecb1aRCRD";"MELANCOLICOS";"PASEO";"V";"30";"";"";"";"";"MADRID";"MADRID";"28005";"1";"IMPERIAL";"2";"ARGANZUELA";"438873";"4472731";"40.402184995508556";"-3.7200602819163127";"";"";"";"/contenido/entidadesYorganismos/CentrosEspaciosDeporte/PistasAtletismo"
50265561;"Instalación Deportiva Municipal Básica Pista de patinaje Ricardo Beltrán y Rózpide";"";"";"Pista de patinaje  Acceso libre.";"Consulta los siguientes enlaces.";"";"2";"http://www.madrid.es/sites/v/index.jsp?vgnextchannel=bfa48ab43d6bb410VgnVCM100000171f5a0aRCRD&vgnextoid=6f3918acbf42d910VgnVCM200000f921e388RCRD";"RICARDO BELTRAN Y ROZPIDE";"CALLE";"V";"59";"";"";"";"";"MADRID";"MADRID";"28026";"6";"ZOFIO";"12";"USERA";"439103";"4469696";"40.37562529083928";"-3.717358921556992";"";"";"";"/contenido/entidadesYorganismos/CentrosEspaciosDeporte/PistasPatinaje"
50239322;"Instalación Deportiva Municipal Básica Pista de patinaje multiusos";"";"";"Pista de patinaje  Acceso libre.";"Metro: Arganzuela - Planetario (línea 6).";"";"0";"http://www.madrid.es/sites/v/index.jsp?vgnextchannel=bfa48ab43d6bb410VgnVCM100000171f5a0aRCRD&vgnextoid=129878b064e9c910VgnVCM100000891ecb1aRCRD";"ONICE";"CALLE";"V";"2";"";"";"";"";"MADRID";"MADRID";"28045";"4";"LEGAZPI";"2";"ARGANZUELA";"441405";"4471442";"40.391523486970215";"-3.6904021499224187";"";"";"";"/contenido/entidadesYorganismos/CentrosEspaciosDeporte/PistasPatinaje"
50320902;"Instalación Deportiva Municipal Básica Pista patinaje Cristo de la Vega";"";"";"Pista de patinaje  Acceso libre.";"Metro: Hospital 12 de Octubre (línea 3).  Cercanías: Hospital 12 de Octubre (línea C5).";"";"2";"http://www.madrid.es/sites/v/index.jsp?vgnextchannel=bfa48ab43d6bb410VgnVCM100000171f5a0aRCRD&vgnextoid=21f94bfa0b36e910VgnVCM200000f921e388RCRD";"SAN FROILAN";"CALLE";"V";"9";"";"";"";"";"MADRID";"MADRID";"28026";"4";"ALMENDRALES";"12";"USERA";"440579";"4470254";"40.38076277245949";"-3.7000199485367538";"";"";"";"/contenido/entidadesYorganismos/CentrosEspaciosDeporte/PistasPatinaje"
4664733;"Instalación Deportiva Municipal Básica Pistas Parque Cuña Verde Moratalaz";"";"";"2 pistas de baloncesto Circuito de vida Parque de calistenia Pista de fútbol sala Pista de skate  Acceso libre.";"Consulta los siguientes enlaces.";"";"0";"http://www.madrid.es/sites/v/index.jsp?vgnextchannel=bfa48ab43d6bb410VgnVCM100000171f5a0aRCRD&vgnextoid=34627f42efd85110VgnVCM1000000b205a0aRCRD";"FUENTE CARRANTONA";"CALLE";"V";"61";"";"";"";"";"MADRID";"MADRID";"28030";"3";"MARROQUINA";"14";"MORATALAZ";"446635";"4473699";"40.41220664353713";"-3.628972354235786";"";"";"";"/contenido/entidadesYorganismos/CentrosEspaciosDeporte/CircuitoVida"
4556570;"Instalación Deportiva Municipal Básica Plan Parcial";"";"";"Pista polideportiva  Acceso libre.";"Consulta los siguientes enlaces.";"";"2";"http://www.madrid.es/sites/v/index.jsp?vgnextchannel=bfa48ab43d6bb410VgnVCM100000171f5a0aRCRD&vgnextoid=322b5574c05e1110VgnVCM1000000b205a0aRCRD";"PLAN PARCIAL";"CALLE";"V";"3";"";"";"";"";"MADRID";"MADRID";"28041";"1";"ORCASITAS";"12";"USERA";"439766";"4469233";"40.371501074324534";"-3.709517912115378";"";"";"";"/contenido/entidadesYorganismos/CentrosEspaciosDeporte/InstalacionesDeportivasBasicas"
11239510;"Instalación Deportiva Municipal Básica Planetario";"";"";"Pista de patinaje  Acceso libre.";"Metro: Arganzuela - Planetario, Méndez Álvaro (línea 6).";"";"0";"http://www.madrid.es/sites/v/index.jsp?vgnextchannel=bfa48ab43d6bb410VgnVCM100000171f5a0aRCRD&vgnextoid=d4855702408f4710VgnVCM2000001f4a900aRCRD";"PLANETARIO";"AVENIDA";"V";"7";"";"";"";"";"MADRID";"MADRID";"28045";"4";"LEGAZPI";"2";"ARGANZUELA";"442132";"4471716";"40.39404247407592";"-3.681861516547769";"";"";"";"/contenido/entidadesYorganismos/CentrosEspaciosDeporte/PistasPatinaje"
12025303;"Instalación Deportiva Municipal Básica Playa de Bolnuevo";"";"";"Pista de baloncesto cubierta 4 pistas de bolos y petanca Pista de chito Pista de patinaje Pista polideportiva Parque de calistenia  Acceso libre.";"Consulta los siguientes enlaces.";"";"1";"http://www.madrid.es/sites/v/index.jsp?vgnextchannel=bfa48ab43d6bb410VgnVCM100000171f5a0aRCRD&vgnextoid=ea0e707bf0c68810VgnVCM1000001d4a900aRCRD";"PLAYA DE BOLNUEVO";"CALLE";"V";"1";"";"";"";"";"MADRID";"MADRID";"28042";"4";"TIMON";"21";"BARAJAS";"449778";"4480628";"40.47482151403539";"-3.592469353688286";"";"";"";"/contenido/entidadesYorganismos/CentrosEspaciosDeporte/PistaBolosPetancaCalvaChito"
6299604;"Instalación Deportiva Municipal Básica Plaza Arteijo";"";"";"2 pistas de baloncesto (una de ellas sin canastas)  Acceso libre.";"Metro: Fuencarral (línea 10).";"";"0";"http://www.madrid.es/sites/v/index.jsp?vgnextchannel=bfa48ab43d6bb410VgnVCM100000171f5a0aRCRD&vgnextoid=d9e81ce88d415310VgnVCM2000000c205a0aRCRD";"CORCUBION";"PLAZA";"V";"13";"";"";"";"";"MADRID";"MADRID";"28029";"4";"EL PILAR";"8";"FUENCARRAL-EL PARDO";"440032";"4480949";"40.4770674126128";"-3.7074678471403266";"";"";"";"/contenido/entidadesYorganismos/CentrosEspaciosDeporte/InstalacionesDeportivasBasicas"
10915705;"Instalación Deportiva Municipal Básica Plaza Arturo Barea";"";"";"Rocódromo Tenis de mesa  Acceso libre.";"Metro: Lavapiés (línea 3).";"";"0";"http://www.madrid.es/sites/v/index.jsp?vgnextchannel=bfa48ab43d6bb410VgnVCM100000171f5a0aRCRD&vgnextoid=b6823e641a099610VgnVCM1000001d4a900aRCRD";"ARTURO BAREA";"PLAZA";"V";"";"";"";"";"";"MADRID";"MADRID";"";"";"";"";"DISTRITO";"440292";"4473301";"40.40819114389112";"-3.7036917871180552";"";"";"";"/contenido/entidadesYorganismos/CentrosEspaciosDeporte/InstalacionesDeportivasBasicas"
4542220;"Instalación Deportiva Municipal Básica Plaza Colonia Oroquieta";"";"";"Pista de baloncesto  Acceso libre.";"Metro: Villaverde Bajo Cruce (línea 3).";"";"0";"http://www.madrid.es/sites/v/index.jsp?vgnextchannel=bfa48ab43d6bb410VgnVCM100000171f5a0aRCRD&vgnextoid=d1e400f058a61110VgnVCM1000000b205a0aRCRD";"SAHARA";"CALLE";"V";"60";"";"";"";"";"MADRID";"MADRID";"28041";"4";"LOS ROSALES";"17";"VILLAVERDE";"441193";"4467173";"40.35304787629637";"-3.6925005386142726";"";"";"";"/contenido/entidadesYorganismos/CentrosEspaciosDeporte/InstalacionesDeportivasBasicas"
6299567;"Instalación Deportiva Municipal Básica Plaza Fonsagrada";"";"";"Pista polideportiva  Acceso libre.";"Metro: Fuencarral (línea 10).";"";"0";"http://www.madrid.es/sites/v/index.jsp?vgnextchannel=bfa48ab43d6bb410VgnVCM100000171f5a0aRCRD&vgnextoid=926caad6ac415310VgnVCM2000000c205a0aRCRD";"FONSAGRADA";"PLAZA";"V";"6";"";"";"";"CUBIERTA DE P.A.R. FONSAGRADA";"MADRID";"MADRID";"28029";"4";"EL PILAR";"8";"FUENCARRAL-EL PARDO";"439995";"4480971";"40.477264048276304";"-3.70791408832815";"";"";"";"/contenido/entidadesYorganismos/CentrosEspaciosDeporte/InstalacionesDeportivasBasicas"
10915713;"Instalación Deportiva Municipal Básica Plaza María Soledad Torres Acosta";"";"";"Parque de calistenia  Acceso libre.";"Metro: Callao (líneas 3 y 5).";"";"0";"http://www.madrid.es/sites/v/index.jsp?vgnextchannel=bfa48ab43d6bb410VgnVCM100000171f5a0aRCRD&vgnextoid=6b973e641a099610VgnVCM1000001d4a900aRCRD";"SANTA MARIA SOLEDAD TORRES ACOSTA";"PLAZA";"V";"1";"";"";"";"";"MADRID";"MADRID";"28004";"5";"UNIVERSIDAD";"1";"CENTRO";"440183";"4474729";"40.42104177966193";"-3.7051042877376013";"";"";"";"/contenido/entidadesYorganismos/CentrosEspaciosDeporte/Calistenia"
6308364;"Instalación Deportiva Municipal Básica Plaza Mondariz";"";"";"Pista balonmano Pista de fútbol sala  Acceso libre.";"Metro: Barrio del Pilar (línea 9).";"";"0";"http://www.madrid.es/sites/v/index.jsp?vgnextchannel=bfa48ab43d6bb410VgnVCM100000171f5a0aRCRD&vgnextoid=c117d9359e735310VgnVCM2000000c205a0aRCRD";"MONDARIZ";"PLAZA";"V";"14";"";"";"";"";"MADRID";"MADRID";"28029";"4";"EL PILAR";"8";"FUENCARRAL-EL PARDO";"440172";"4481103";"40.478466657267425";"-3.7058363962869403";"";"";"";"/contenido/entidadesYorganismos/CentrosEspaciosDeporte/PistaFutbolSala"
4555963;"Instalación Deportiva Municipal Básica Plaza Vallandes";"";"";"Pista de baloncesto 2 pistas de bolos y petanca  Acceso libre.";"Metro: Usera (línea 6).";"";"2";"http://www.madrid.es/sites/v/index.jsp?vgnextchannel=bfa48ab43d6bb410VgnVCM100000171f5a0aRCRD&vgnextoid=73415c51350e1110VgnVCM1000000b205a0aRCRD";"CALESAS";"CALLE";"V";"4";"";"";"";"";"MADRID";"MADRID";"28026";"5";"MOSCARDO";"12";"USERA";"440173";"4471408";"40.39112392741988";"-3.7049283470996777";"";"";"";"/contenido/entidadesYorganismos/CentrosEspaciosDeporte/PistaBolosPetancaCalvaChito"
4548967;"Instalación Deportiva Municipal Básica Plaza de Bami - Benidorm";"";"";"Pista de baloncesto Pista de baloncesto 3x3   Acceso libre.";"Metro: El Carmen (línea 5).";"";"0";"http://www.madrid.es/sites/v/index.jsp?vgnextchannel=bfa48ab43d6bb410VgnVCM100000171f5a0aRCRD&vgnextoid=51f5dedbe1d91110VgnVCM1000000b205a0aRCRD";"JOSE VILLENA";"CALLE";"V";"18";"";"";"";"";"MADRID";"MADRID";"28017";"1";"VENTAS";"15";"CIUDAD LINEAL";"444389";"4475740";"40.43044060393375";"-3.655616767756565";"";"";"";"/contenido/entidadesYorganismos/CentrosEspaciosDeporte/InstalacionesDeportivasBasicas"
4557484;"Instalación Deportiva Municipal Básica Plaza de Sestao";"";"";"Pista de patinaje  Acceso libre.";"Consulta los siguientes enlaces.";"";"2";"http://www.madrid.es/sites/v/index.jsp?vgnextchannel=bfa48ab43d6bb410VgnVCM100000171f5a0aRCRD&vgnextoid=6d4dcfc5e5ae1110VgnVCM1000000b205a0aRCRD";"SESTAO";"PLAZA";"V";"1";"";"";"";"POBLADO DIRIGIDO ORCASITAS";"MADRID";"MADRID";"28041";"1";"ORCASITAS";"12";"USERA";"439193";"4469075";"40.37003619714949";"-3.716240027654892";"";"";"";"/contenido/entidadesYorganismos/CentrosEspaciosDeporte/PistasPatinaje"
4549875;"Instalación Deportiva Municipal Básica Plaza de la Orotava";"";"";"Pista de baloncesto Pista de fútbol sala Parque de calistenia  Acceso libre.";"Metro: García Noblejas (línea 7).";"";"0";"http://www.madrid.es/sites/v/index.jsp?vgnextchannel=bfa48ab43d6bb410VgnVCM100000171f5a0aRCRD&vgnextoid=7c825e8f052a1110VgnVCM1000000b205a0aRCRD";"LA OROTAVA";"PLAZA";"V";"3";"";"";"";"";"MADRID";"MADRID";"28017";"2";"PUEBLO NUEVO";"15";"CIUDAD LINEAL";"446149";"4475907";"40.432061794648526";"-3.6348888546076776";"";"";"";"/contenido/entidadesYorganismos/CentrosEspaciosDeporte/Calistenia"
10915708;"Instalación Deportiva Municipal Básica Plaza del Campillo de Mundo Nuevo";"";"";"Pista de patinaje Parque de calistenia  Acceso libre.";"Metro: Puerta de Toledo (línea 5).";"";"0";"http://www.madrid.es/sites/v/index.jsp?vgnextchannel=bfa48ab43d6bb410VgnVCM100000171f5a0aRCRD&vgnextoid=3e643e641a099610VgnVCM1000001d4a900aRCRD";"CAMPILLO DEL MUNDO NUEVO";"PLAZA";"V";"";"";"";"";"";"MADRID";"MADRID";"";"";"";"";"DISTRITO";"439915";"4473170";"40.40698278480366";"-3.7081144633220537";"";"";"";"/contenido/entidadesYorganismos/CentrosEspaciosDeporte/PistasPatinaje"
50258566;"Instalación Deportiva Municipal Básica Plaza del Provencio";"";"";"Parque de calistenia  Acceso libre.";"Metro: Canillas (línea 4).";"";"0";"http://www.madrid.es/sites/v/index.jsp?vgnextchannel=bfa48ab43d6bb410VgnVCM100000171f5a0aRCRD&vgnextoid=68b99b40c4bfc910VgnVCM100000891ecb1aRCRD";"LAS PEDRO&amp;Ntilde;ERAS";"CALLE";"V";"10";"";"";"";"";"MADRID";"MADRID";"28043";"3";"CANILLAS";"16";"HORTALEZA";"446643";"4479509";"40.4645429594874";"-3.6293583739308235";"";"";"";"/contenido/entidadesYorganismos/CentrosEspaciosDeporte/Calistenia"
6300758;"Instalación Deportiva Municipal Básica Plazas de Ribadeo y Verín";"";"";"Pista de baloncesto Pista polideportiva  Acceso libre.";"Metro: Fuencarral (línea 10).";"";"0";"http://www.madrid.es/sites/v/index.jsp?vgnextchannel=bfa48ab43d6bb410VgnVCM100000171f5a0aRCRD&vgnextoid=b72a40a4a8915310VgnVCM2000000c205a0aRCRD";"VERIN";"PLAZA";"V";"8";"";"";"";"CUBIERTA DE P.A.R.";"MADRID";"MADRID";"28029";"4";"EL PILAR";"8";"FUENCARRAL-EL PARDO";"439875";"4480932";"40.47690225914075";"-3.7093230351638193";"";"";"";"/contenido/entidadesYorganismos/CentrosEspaciosDeporte/InstalacionesDeportivasBasicas"
6300709;"Instalación Deportiva Municipal Básica Poblado Dirigido (Olesa Montserrat)";"";"";"2 pistas de baloncesto Pista de fútbol sala  Acceso libre.";"Consulta los siguientes enlaces.";"";"0";"http://www.madrid.es/sites/v/index.jsp?vgnextchannel=bfa48ab43d6bb410VgnVCM100000171f5a0aRCRD&vgnextoid=505e9e6f97915310VgnVCM2000000c205a0aRCRD";"OLESA DE MONTSERRAT";"CALLE";"V";"1";"";"";"";"";"MADRID";"MADRID";"28034";"6";"VALVERDE";"8";"FUENCARRAL-EL PARDO";"441190";"4482492";"40.491053252936396";"-3.6939606309123905";"";"";"";"/contenido/entidadesYorganismos/CentrosEspaciosDeporte/PistaFutbolSala"
10967935;"Instalación Deportiva Municipal Básica Poblado de Santa Ana";"";"";"Pista de baloncesto Pista de baloncesto 3x3  Pista de fútbol sala Pista de skate bowl  Acceso libre.";"Metro: Fuencarral (línea 10).";"";"0";"http://www.madrid.es/sites/v/index.jsp?vgnextchannel=bfa48ab43d6bb410VgnVCM100000171f5a0aRCRD&vgnextoid=fb9e99d98fc2b610VgnVCM1000001d4a900aRCRD";"BRAILLE";"CALLE";"V";"15";"";"";"";"";"MADRID";"MADRID";"28034";"6";"VALVERDE";"8";"FUENCARRAL-EL PARDO";"441115";"4482990";"40.49553402527142";"-3.694889844552846";"";"";"";"/contenido/entidadesYorganismos/CentrosEspaciosDeporte/PistaFutbolSala"
5688632;"Instalación Deportiva Municipal Básica Pobladura del Valle";"";"";"2 pistas de baloncesto 3x3   Acceso libre.";"Metro: Simancas, San Blas (línea 7).";"";"0";"http://www.madrid.es/sites/v/index.jsp?vgnextchannel=bfa48ab43d6bb410VgnVCM100000171f5a0aRCRD&vgnextoid=cd2cb2bdf65a8210VgnVCM2000000c205a0aRCRD";"AMPOSTA";"CALLE";"V";"24";"";"";"";"";"MADRID";"MADRID";"28037";"3";"AMPOSTA";"20";"SAN BLAS-CANILLEJAS";"447292";"4475176";"40.42555441898432";"-3.6213510241737303";"";"";"";"/contenido/entidadesYorganismos/CentrosEspaciosDeporte/InstalacionesDeportivasBasicas"
4531342;"Instalación Deportiva Municipal Básica Poeta Esteban Villegas";"";"";"Pista de baloncesto Pista hockey patines Parque de calistenia  Acceso libre.";"Metro: Atocha Renfe, Menéndez Pelayo (línea 1).  Renfe: Atocha (todas las líneas de cercanías).";"";"0";"http://www.madrid.es/sites/v/index.jsp?vgnextchannel=bfa48ab43d6bb410VgnVCM100000171f5a0aRCRD&vgnextoid=b431d9ba71d01110VgnVCM1000000b205a0aRCRD";"POETA ESTEBAN DE VILLEGAS";"CALLE";"V";"4";"";"";"";"CUBIERTA DEL P.A.R.";"MADRID";"MADRID";"28014";"5";"LOS JERONIMOS";"3";"RETIRO";"442039";"4473351";"40.40875051210095";"-3.683108580090566";"";"";"";"/contenido/entidadesYorganismos/CentrosEspaciosDeporte/CamposHockey"
4546653;"Instalación Deportiva Municipal Básica Polígono 20 - Padre Claret";"";"";"3 pistas de fútbol sala  Acceso libre.";"Metro: Alfonso XIII (línea 4).";"";"2";"http://www.madrid.es/sites/v/index.jsp?vgnextchannel=bfa48ab43d6bb410VgnVCM100000171f5a0aRCRD&vgnextoid=f04524a6bcd81110VgnVCM1000000b205a0aRCRD";"PADRE CLARET";"CALLE";"V";"18";"";"";"";"";"MADRID";"MADRID";"28002";"2";"PROSPERIDAD";"5";"CHAMARTIN";"443678";"4477874";"40.44961759191476";"-3.6641939594197392";"";"";"";"/contenido/entidadesYorganismos/CentrosEspaciosDeporte/PistaFutbolSala"
4557627;"Instalación Deportiva Municipal Básica Polígono de las Rosas";"";"";"2 pistas de baloncesto 2 pistas polideportivas  Acceso libre.";"Metro: Las Rosas (línea 2).";"";"0";"http://www.madrid.es/sites/v/index.jsp?vgnextchannel=bfa48ab43d6bb410VgnVCM100000171f5a0aRCRD&vgnextoid=ce2dad35d7ae1110VgnVCM1000000b205a0aRCRD";"HELSINKI";"CALLE";"V";"6";"";"";"";"";"MADRID";"MADRID";"28022";"5";"ROSAS";"20";"SAN BLAS-CANILLEJAS";"448853";"4475201";"40.42587119856996";"-3.602954200233562";"";"";"";"/contenido/entidadesYorganismos/CentrosEspaciosDeporte/InstalacionesDeportivasBasicas"
4550112;"Instalación Deportiva Municipal Básica Polígono de África";"";"";"Campo de fútbol 7 de tierra  Acceso controlado.";"Consulta los siguientes enlaces.";"";"0";"http://www.madrid.es/sites/v/index.jsp?vgnextchannel=bfa48ab43d6bb410VgnVCM100000171f5a0aRCRD&vgnextoid=ff421e23082a1110VgnVCM1000000b205a0aRCRD";"VILLASILOS";"CALLE";"V";"2";"";"";"";"";"MADRID";"MADRID";"28017";"2";"PUEBLO NUEVO";"15";"CIUDAD LINEAL";"446622";"4474616";"40.4204635945945";"-3.6291944721327667";"";"";"";"/contenido/entidadesYorganismos/CentrosEspaciosDeporte/CamposEstadiosFutbol"
4540082;"Instalación Deportiva Municipal Básica Poza de la Sal";"";"";"Pista de baloncesto  Acceso libre.";"Consulta los siguientes enlaces.";"";"2";"http://www.madrid.es/sites/v/index.jsp?vgnextchannel=bfa48ab43d6bb410VgnVCM100000171f5a0aRCRD&vgnextoid=94376b6506551110VgnVCM1000000b205a0aRCRD";"POZA DE LA SAL";"CALLE";"V";"4";"";"";"";"";"MADRID";"MADRID";"28031";"2";"SANTA EUGENIA";"18";"VILLA DE VALLECAS";"448816";"4470012";"40.37912373319082";"-3.6029851282692733";"";"";"";"/contenido/entidadesYorganismos/CentrosEspaciosDeporte/InstalacionesDeportivasBasicas"
4554394;"Instalación Deportiva Municipal Básica Pueblo Nuevo - Ascao";"";"";"Pista de baloncesto  2 pistas baloncesto 3x3  Pista de fútbol sala techada  Acceso libre.";"Metro: Ascao (línea 7).";"";"0";"http://www.madrid.es/sites/v/index.jsp?vgnextchannel=bfa48ab43d6bb410VgnVCM100000171f5a0aRCRD&vgnextoid=bca91c7eebad1110VgnVCM1000000b205a0aRCRD";"FRANCISCO RIOJA";"CALLE";"V";"15";"";"";"";"";"MADRID";"MADRID";"28017";"2";"PUEBLO NUEVO";"15";"CIUDAD LINEAL";"445836";"4475710";"40.430272920160405";"-3.638560091365863";"";"";"";"/contenido/entidadesYorganismos/CentrosEspaciosDeporte/PistaFutbolSala"
4549863;"Instalación Deportiva Municipal Básica Puente Ventas";"";"";"Pista de patinaje  Acceso libre.";"Metro: El Carmen (línea 5), Ventas (líneas 2 y 5).";"";"0";"http://www.madrid.es/sites/v/index.jsp?vgnextchannel=bfa48ab43d6bb410VgnVCM100000171f5a0aRCRD&vgnextoid=8a25a658e32a1110VgnVCM1000000b205a0aRCRD";"VIRGEN DE LA PAZ";"CALLE";"V";"7";"";"";"";"";"MADRID";"MADRID";"28027";"4";"LA CONCEPCION";"15";"CIUDAD LINEAL";"444036";"4475942";"40.432245054299365";"-3.6597919230387452";"";"";"";"/contenido/entidadesYorganismos/CentrosEspaciosDeporte/PistasPatinaje"
6280430;"Instalación Deportiva Municipal Básica Puente de Praga";"";"De lunes a domingo de 9 a 22 horas.";"7 pistas de pádel Pista de tenis  Acceso controlado.";"Metro: Marqués de Vadillo (línea 5).";"Reservas: 639 26 67 37 (máximo 48 horas de antelación) o en las taquillas (Avenida del Manzanares junto al Puente de Praga).";"0";"http://www.madrid.es/sites/v/index.jsp?vgnextchannel=bfa48ab43d6bb410VgnVCM100000171f5a0aRCRD&vgnextoid=c053959bdd984310VgnVCM1000000b205a0aRCRD";"MANZANARES";"AVENIDA";"V";"180";"";"";"";"";"MADRID";"MADRID";"28019";"1";"COMILLAS";"11";"CARABANCHEL";"440094";"4471821";"40.39484085966596";"-3.7058825460007503";"";"";"";"/contenido/entidadesYorganismos/CentrosEspaciosDeporte/PistasTenisBadminton"
4539953;"Instalación Deportiva Municipal Básica Puentelarra";"";"";"4 pistas de baloncesto 3x3  Acceso libre.";"Renfe: Santa Eugenia (líneas C2, C7 y C8).";"";"2";"http://www.madrid.es/sites/v/index.jsp?vgnextchannel=bfa48ab43d6bb410VgnVCM100000171f5a0aRCRD&vgnextoid=2716c39144551110VgnVCM1000000b205a0aRCRD";"PUENTELARRA";"CALLE";"V";"12";"";"";"";"";"MADRID";"MADRID";"28031";"2";"SANTA EUGENIA";"18";"VILLA DE VALLECAS";"448296";"4470473";"40.38324470241852";"-3.6091362899378696";"";"";"";"/contenido/entidadesYorganismos/CentrosEspaciosDeporte/InstalacionesDeportivasBasicas"
4584733;"Instalación Deportiva Municipal Básica Puerto Balbarán";"";"";"Pista de baloncesto Pista BMX pump track  Pista skate  Pista de voleibol  Acceso libre.";"Renfe: El Pozo (líneas C2, C7 y C8).";"";"0";"http://www.madrid.es/sites/v/index.jsp?vgnextchannel=bfa48ab43d6bb410VgnVCM100000171f5a0aRCRD&vgnextoid=d118833dc03c2110VgnVCM1000000b205a0aRCRD";"PUERTO DE BALBARAN";"CALLE";"V";"4";"";"";"";"";"MADRID";"MADRID";"28018";"3";"PALOMERAS BAJAS";"13";"PUENTE DE VALLECAS";"443851";"4469966";"40.37839345735447";"-3.661454951618551";"";"";"";"/contenido/entidadesYorganismos/CentrosEspaciosDeporte/PistaVoleibol"
4584467;"Instalación Deportiva Municipal Básica Puerto Corlite";"";"";"Pista de fútbol sala 2 tenis de mesa  Acceso libre.";"Metro: Buenos Aires (línea 1).";"";"0";"http://www.madrid.es/sites/v/index.jsp?vgnextchannel=bfa48ab43d6bb410VgnVCM100000171f5a0aRCRD&vgnextoid=b47a7e060c2c2110VgnVCM1000000b205a0aRCRD";"PUERTO DE CORLITE";"CALLE";"V";"7";"";"";"";"";"MADRID";"MADRID";"28018";"3";"PALOMERAS BAJAS";"13";"PUENTE DE VALLECAS";"444503";"4470835";"40.386263289686674";"-3.653848524823011";"";"";"";"/contenido/entidadesYorganismos/CentrosEspaciosDeporte/PistaFutbolSala"
4538569;"Instalación Deportiva Municipal Básica Puerto Lumbreras";"";"";"Pista de baloncesto  Acceso libre.";"Metro: Villa de Vallecas (línea 1).";"";"2";"http://www.madrid.es/sites/v/index.jsp?vgnextchannel=bfa48ab43d6bb410VgnVCM100000171f5a0aRCRD&vgnextoid=f6c59e90c4b41110VgnVCM1000000b205a0aRCRD";"PUERTO DE LUMBRERAS";"CALLE";"V";"14";"";"";"";"";"MADRID";"MADRID";"28031";"1";"CASCO H.VALLECAS";"18";"VILLA DE VALLECAS";"447449";"4470301";"40.381645503621";"-3.619095809540995";"";"";"";"/contenido/entidadesYorganismos/CentrosEspaciosDeporte/InstalacionesDeportivasBasicas"
4582782;"Instalación Deportiva Municipal Básica Puerto Monasterio";"";"";"2 pistas de baloncesto  Acceso controlado.";"Metro: Nueva Numancia (línea 1).";"";"0";"http://www.madrid.es/sites/v/index.jsp?vgnextchannel=bfa48ab43d6bb410VgnVCM100000171f5a0aRCRD&vgnextoid=c73894617fcb2110VgnVCM1000000b205a0aRCRD";"PUERTO DEL MONASTERIO";"CALLE";"V";"17";"";"";"";"CUBIERTA P.A.R.";"MADRID";"MADRID";"28053";"2";"SAN DIEGO";"13";"PUENTE DE VALLECAS";"443662";"4471752";"40.39446617270601";"-3.663852045873069";"";"";"";"/contenido/entidadesYorganismos/CentrosEspaciosDeporte/InstalacionesDeportivasBasicas"
4547250;"Instalación Deportiva Municipal Básica Puerto Rico";"";"";"2 pistas de baloncesto  Acceso libre.";"Metro: Colombia (líneas 8 y 9).";"";"2";"http://www.madrid.es/sites/v/index.jsp?vgnextchannel=bfa48ab43d6bb410VgnVCM100000171f5a0aRCRD&vgnextoid=1dfddf1554291110VgnVCM1000000b205a0aRCRD";"PUERTO RICO";"CALLE";"V";"54";"";"";"";"C/V GUATEMALA";"MADRID";"MADRID";"28016";"5";"NUEVA ESPAÑA";"5";"CHAMARTIN";"442838";"4478936";"40.45912717792007";"-3.6742066744010824";"";"";"";"/contenido/entidadesYorganismos/CentrosEspaciosDeporte/InstalacionesDeportivasBasicas"
4556411;"Instalación Deportiva Municipal Básica Puerto Rico - C.D. Alzola";"";"";"Campo fútbol 11 césped artificial  Acceso controlado.";"Consulta los siguientes enlaces.";"";"2";"http://www.madrid.es/sites/v/index.jsp?vgnextchannel=bfa48ab43d6bb410VgnVCM100000171f5a0aRCRD&vgnextoid=25494bb2984e1110VgnVCM1000000b205a0aRCRD";"GAINZA";"CALLE";"V";"20";"";"";"";"";"MADRID";"MADRID";"28041";"1";"ORCASITAS";"12";"USERA";"438959";"4468973";"40.36910755999512";"-3.718984167252555";"";"";"";"/contenido/entidadesYorganismos/CentrosEspaciosDeporte/CamposEstadiosFutbol"
4584508;"Instalación Deportiva Municipal Básica Puerto Velate";"";"";"Pista de patinaje Parque de calistenia  Acceso libre.";"Consulta los siguientes enlaces.";"";"0";"http://www.madrid.es/sites/v/index.jsp?vgnextchannel=bfa48ab43d6bb410VgnVCM100000171f5a0aRCRD&vgnextoid=e640e4d52d2c2110VgnVCM1000000b205a0aRCRD";"PUERTO DE VELATE";"CALLE";"V";"9";"";"";"";"";"MADRID";"MADRID";"28018";"3";"PALOMERAS BAJAS";"13";"PUENTE DE VALLECAS";"444315";"4470569";"40.38385291081796";"-3.656054694044056";"";"";"";"/contenido/entidadesYorganismos/CentrosEspaciosDeporte/PistasPatinaje"
12037379;"Instalación Deportiva Municipal Básica Puerto Velate Tenis - Club de Tenis Vallecas";"";"";"6 pistas de tenis Tenis de mesa  Acceso controlado.";"Consulta los siguientes enlaces.";"";"0";"http://www.madrid.es/sites/v/index.jsp?vgnextchannel=bfa48ab43d6bb410VgnVCM100000171f5a0aRCRD&vgnextoid=4e8ae510c8eb8810VgnVCM2000001f4a900aRCRD";"PUERTO DE VELATE";"CALLE";"V";"18";"";"";"";"";"MADRID";"MADRID";"28018";"3";"PALOMERAS BAJAS";"13";"PUENTE DE VALLECAS";"444192";"4470536";"40.383547589807364";"-3.6574862141146047";"";"";"";"/contenido/entidadesYorganismos/CentrosEspaciosDeporte/PistasTenisBadminton"
4543988;"Instalación Deportiva Municipal Básica Puerto de Béjar";"";"";"Pista de fútbol sala  Acceso libre.";"Consulta los siguientes enlaces.";"";"0";"http://www.madrid.es/sites/v/index.jsp?vgnextchannel=bfa48ab43d6bb410VgnVCM100000171f5a0aRCRD&vgnextoid=80438004f7471110VgnVCM1000000b205a0aRCRD";"PUERTO DE BEJAR";"CALLE";"V";"7";"";"";"";"";"MADRID";"MADRID";"28045";"4";"LEGAZPI";"2";"ARGANZUELA";"441707";"4471082";"40.388295909120636";"-3.686825277248739";"";"";"";"/contenido/entidadesYorganismos/CentrosEspaciosDeporte/PistaFutbolSala"
4584683;"Instalación Deportiva Municipal Básica Puerto de Costabona";"";"";"Pista de fútbol sala Tenis de mesa  Acceso libre.";"Consulta los siguientes enlaces.";"";"0";"http://www.madrid.es/sites/v/index.jsp?vgnextchannel=bfa48ab43d6bb410VgnVCM100000171f5a0aRCRD&vgnextoid=427f3d7dcf2c2110VgnVCM1000000b205a0aRCRD";"PUERTO DE COSTABONA";"CALLE";"V";"7";"";"";"";"CUBIERTA P.A.R.";"MADRID";"MADRID";"28018";"3";"PALOMERAS BAJAS";"13";"PUENTE DE VALLECAS";"444058";"4470737";"40.38534920722133";"-3.6590852750953227";"";"";"";"/contenido/entidadesYorganismos/CentrosEspaciosDeporte/PistaFutbolSala"
50267156;"Instalación Deportiva Municipal Básica Pump Track";"";"";"Pista de BMX pump track  Acceso libre.";"Metro: La Gavia (línea 1).";"";"3";"http://www.madrid.es/sites/v/index.jsp?vgnextchannel=bfa48ab43d6bb410VgnVCM100000171f5a0aRCRD&vgnextoid=1cc3866bb6a2d910VgnVCM100000891ecb1aRCRD";"PEÑARANDA DE BRACAMONTE";"CALLE";"V";"7";"";"";"";"";"MADRID";"MADRID";"28051";"3";"ENSANCHE DE VALLECAS";"18";"VILLA DE VALLECAS";"448698";"4469523";"40.37317451403169";"-3.603694168563951";"";"";"";"/contenido/entidadesYorganismos/CentrosEspaciosDeporte/CircuitoBMX"
50313654;"Instalación Deportiva Municipal Básica Pump Track Arroyo del Fresno";"";"";"Circuito de pump track  Parque de calistenia  Acceso libre.";"Metro: Lacoma (línea 7).";"";"0";"http://www.madrid.es/sites/v/index.jsp?vgnextchannel=bfa48ab43d6bb410VgnVCM100000171f5a0aRCRD&vgnextoid=f52aad3930b3e910VgnVCM100000891ecb1aRCRD";"ARROYO DEL MONTE";"CALLE";"V";"";"";"";"";"C/V GLORIETA IRENE GUTIÉRREZ CABA";"MADRID";"MADRID";"28049";"3";"PEÑA GRANDE";"8";"FUENCARRAL-EL PARDO";"437934";"4481945";"40.48620496454493";"-3.733590707451643";"";"";"";"/contenido/entidadesYorganismos/CentrosEspaciosDeporte/Calistenia"
50267691;"Instalación Deportiva Municipal Básica Pump Track de Butarque";"";"";"Pista de pump track  Pista polideportiva Pista de skate   Acceso libre.";"Renfe: Villaverde Bajo (línea C3 y C4).";"";"0";"http://www.madrid.es/sites/v/index.jsp?vgnextchannel=bfa48ab43d6bb410VgnVCM100000171f5a0aRCRD&vgnextoid=8f97dfcc3de2d910VgnVCM200000f921e388RCRD";"LOS ROSALES";"AVENIDA";"V";"137";"";"";"";"";"MADRID";"MADRID";"28021";"3";"BUTARQUE";"17";"VILLAVERDE";"442691";"4466660";"40.34852825960244";"-3.674819952829727";"";"";"";"/contenido/entidadesYorganismos/CentrosEspaciosDeporte/CircuitoBMX"
50240951;"Instalación Deportiva Municipal Básica Pump Track en zona forestal de la M-30";"";"";"Pista BMX pump track   Acceso libre.";"Consulta los siguientes enlaces.";"";"2";"http://www.madrid.es/sites/v/index.jsp?vgnextchannel=bfa48ab43d6bb410VgnVCM100000171f5a0aRCRD&vgnextoid=bca5969f1bdac910VgnVCM100000891ecb1aRCRD";"ROSA JARDON";"CALLE";"V";"9";"";"";"";"";"MADRID";"MADRID";"28016";"5";"NUEVA ESPAÑA";"5";"CHAMARTIN";"443252";"4479656";"40.46564600595206";"-3.66937046960607";"";"";"";"/contenido/entidadesYorganismos/CentrosEspaciosDeporte/CircuitoBMX"
4526685;"Instalación Deportiva Municipal Básica Pádel La Masó";"";"";"Unidades deportivas cubiertas:   Fisio-hidroterapia 3 salas multiusos   Unidades deportivas al aire libre:   15 pistas de pádel (8 cubiertas)  Acceso controlado.";"Consulta los siguientes enlaces.";"";"0";"http://www.madrid.es/sites/v/index.jsp?vgnextchannel=bfa48ab43d6bb410VgnVCM100000171f5a0aRCRD&vgnextoid=32fe94a5989e0110VgnVCM1000000b205a0aRCRD";"LA MASO";"CALLE";"V";"34";"";"";"";"C/V COLLADO DE CERRO MALEJO";"MADRID";"MADRID";"28034";"7";"MIRASIERRA";"8";"FUENCARRAL-EL PARDO";"439459";"4482386";"40.48996671214207";"-3.7143866142884456";"";"";"";"/contenido/entidadesYorganismos/CentrosEspaciosDeporte/PistasPadel"
7267217;"Instalación Deportiva Municipal Básica Pádel Madrid Las Tablas";"";"";"14 pistas de pádel (10 cubiertas) 4 pistas de tenis  Acceso controlado.";"Metro: Las Tablas (línea 10).";"";"0";"http://www.madrid.es/sites/v/index.jsp?vgnextchannel=bfa48ab43d6bb410VgnVCM100000171f5a0aRCRD&vgnextoid=0c33d25f63fb3410VgnVCM1000000b205a0aRCRD";"CAMINO DE SANTIAGO";"AVENIDA";"V";"25";"";"";"";"";"MADRID";"MADRID";"28050";"6";"VALVERDE";"8";"FUENCARRAL-EL PARDO";"442884";"4483775";"40.50272219093648";"-3.674088278900579";"915 45 69 72 
WhatsApp: 34 608 057 475";"";"somos@lastablassports.club";"/contenido/entidadesYorganismos/CentrosEspaciosDeporte/PistasTenisBadminton"
4547407;"Instalación Deportiva Municipal Básica Pádel Tres Olivos I";"";"";"7 pistas de pádel (4 cubiertas)  Acceso controlado.";"Consulta los siguientes enlaces.";"";"0";"http://www.madrid.es/sites/v/index.jsp?vgnextchannel=bfa48ab43d6bb410VgnVCM100000171f5a0aRCRD&vgnextoid=a42e130360391110VgnVCM2000000c205a0aRCRD";"CUEVA DE MONTESINOS";"CALLE";"V";"27";"";"";"";"";"MADRID";"MADRID";"28034";"6";"VALVERDE";"8";"FUENCARRAL-EL PARDO";"441457";"4483368";"40.49896370465188";"-3.6908807947318545";"";"";"";"/contenido/entidadesYorganismos/CentrosEspaciosDeporte/PistasPadel"
50331126;"Instalación Deportiva Municipal Básica Quinta de los Molinos Calistenia";"";"";"Parque de calistenia  Acceso libre.";"Metro: Suanzes (línea 5).";"";"0";"http://www.madrid.es/sites/v/index.jsp?vgnextchannel=bfa48ab43d6bb410VgnVCM100000171f5a0aRCRD&vgnextoid=c3040554d579e910VgnVCM200000f921e388RCRD";"QUINTA DE LOS MOLINOS";"PARQUE";"T";"";"";"";"";"";"MADRID";"MADRID";"";"";"";"";"DISTRITO";"446577";"4477652";"40.44400657460993";"-3.627700630252457";"";"";"";"/contenido/entidadesYorganismos/CentrosEspaciosDeporte/Calistenia"
4557262;"Instalación Deportiva Municipal Básica Quinta de los Molinos I - Daniel Guzman Alvarez 'Pegasito'";"";"";"Atletismo calles Pista de baloncesto Pista de skate  Acceso libre.";"Metro: Suanzes (línea 5).";"";"0";"http://www.madrid.es/sites/v/index.jsp?vgnextchannel=bfa48ab43d6bb410VgnVCM100000171f5a0aRCRD&vgnextoid=6fb39695ed9e1110VgnVCM1000000b205a0aRCRD";"ALCALA";"CALLE";"V";"535";"";"";"";"";"MADRID";"MADRID";"28027";"8";"EL SALVADOR";"20";"SAN BLAS-CANILLEJAS";"447056";"4476976";"40.441757700827274";"-3.624280711174716";"";"";"";"/contenido/entidadesYorganismos/CentrosEspaciosDeporte/PistasAtletismo"
6346926;"Instalación Deportiva Municipal Básica Quinta de los Molinos II";"";"";"Campo de fútbol 7 césped artificial Prácticas de golf 3 pistas de pádel 2 pistas polideportivas Pista de tenis mini Pista de baloncesto  Acceso controlado.";"Metro: Suanzes (línea 5).";"";"0";"http://www.madrid.es/sites/v/index.jsp?vgnextchannel=bfa48ab43d6bb410VgnVCM100000171f5a0aRCRD&vgnextoid=367511f66a6f5310VgnVCM1000000b205a0aRCRD";"IQUITOS";"CALLE";"V";"85";"";"";"";"";"MADRID";"MADRID";"28027";"8";"EL SALVADOR";"20";"SAN BLAS-CANILLEJAS";"446717";"4476912";"40.4411574157068";"-3.6282742779177526";"";"";"";"/contenido/entidadesYorganismos/CentrosEspaciosDeporte/CamposEstadiosFutbol"
4544060;"Instalación Deportiva Municipal Básica Ramírez de Prado";"";"";"Pista de baloncesto Pista de patinaje  Acceso libre.";"Metro: Delicias (línea 3).  Renfe: Delicias (líneas C1 y C10).";"";"0";"http://www.madrid.es/sites/v/index.jsp?vgnextchannel=bfa48ab43d6bb410VgnVCM100000171f5a0aRCRD&vgnextoid=3bfed95d4a471110VgnVCM1000000b205a0aRCRD";"RAMIREZ DE PRADO";"CALLE";"V";"2";"";"";"";"";"MADRID";"MADRID";"28045";"5";"DELICIAS";"2";"ARGANZUELA";"441489";"4472308";"40.39927158889713";"-3.6892581804473683";"";"";"";"/contenido/entidadesYorganismos/CentrosEspaciosDeporte/PistasPatinaje"
4633340;"Instalación Deportiva Municipal Básica Ramón Gómez de la Serna";"";"";"Campo de fútbol 11 de césped artificial Campo de minipitch de césped artificial  Acceso controlado.";"Metro: Lacoma (línea 7).";"";"0";"http://www.madrid.es/sites/v/index.jsp?vgnextchannel=bfa48ab43d6bb410VgnVCM100000171f5a0aRCRD&vgnextoid=99cc30fdedac4110VgnVCM1000000b205a0aRCRD";"RAMON GOMEZ DE LA SERNA";"CALLE";"V";"22";"";"";"";"";"MADRID";"MADRID";"28035";"3";"PEÑA GRANDE";"8";"FUENCARRAL-EL PARDO";"438569";"4481797";"40.48459542261755";"-3.72483060450493";"";"";"";"/contenido/entidadesYorganismos/CentrosEspaciosDeporte/CamposEstadiosFutbol"
4584500;"Instalación Deportiva Municipal Básica Ramón Pérez de Ayala";"";"";"Pista de baloncesto 2 pistas de fútbol sala 2 tenis de mesa  Acceso libre.";"Consulta los siguientes enlaces.";"";"0";"http://www.madrid.es/sites/v/index.jsp?vgnextchannel=bfa48ab43d6bb410VgnVCM100000171f5a0aRCRD&vgnextoid=38cf958fac2c2110VgnVCM1000000b205a0aRCRD";"ANGEL FRANCES";"PLAZA";"V";"";"";"";"";"";"MADRID";"MADRID";"";"";"";"";"DISTRITO";"444594";"4472272";"40.39921237379683";"-3.6529003876637383";"";"";"";"/contenido/entidadesYorganismos/CentrosEspaciosDeporte/PistaFutbolSala"
4556628;"Instalación Deportiva Municipal Básica Rancho del Cordobés";"";"";"2 pistas de baloncesto Parque de calistenia Pista de patinaje Pista polideportiva  Acceso libre.";"Metro: Hospital Doce de Octubre (línea 3).";"";"2";"http://www.madrid.es/sites/v/index.jsp?vgnextchannel=bfa48ab43d6bb410VgnVCM100000171f5a0aRCRD&vgnextoid=909a2414d35e1110VgnVCM1000000b205a0aRCRD";"PINSAPO";"CALLE";"V";"3";"";"";"";"";"MADRID";"MADRID";"28041";"2";"ORCASUR";"12";"USERA";"440927";"4468850";"40.36813407300108";"-3.69579530482948";"";"";"";"/contenido/entidadesYorganismos/CentrosEspaciosDeporte/PistasPatinaje"
5870423;"Instalación Deportiva Municipal Básica Recinto Ferial San Antonio de la Florida";"";"";"Pista polideportiva (fútbol sala y balonmano)  Acceso libre.";"Metro: Príncipe Pío (líneas 6, 10 y R).  Renfe: Príncipe Pío (líneas C1, C7 y C10).";"";"0";"http://www.madrid.es/sites/v/index.jsp?vgnextchannel=bfa48ab43d6bb410VgnVCM100000171f5a0aRCRD&vgnextoid=b096bcc750f5c210VgnVCM1000000b205a0aRCRD";"SAN ANTONIO DE LA FLORIDA";"GLORIETA";"V";"10";"";"";"";"";"MADRID";"MADRID";"28008";"1";"CASA DE CAMPO";"9";"MONCLOA-ARAVACA";"438346";"4475253";"40.42609921330982";"-3.726181571655934";"";"";"";"/contenido/entidadesYorganismos/CentrosEspaciosDeporte/PistaFutbolSala"
4544084;"Instalación Deportiva Municipal Básica Ricardo Damas";"";"";"Pista de fútbol sala  Acceso libre.";"Metro: Legazpi (línea 3 y 6).";"";"0";"http://www.madrid.es/sites/v/index.jsp?vgnextchannel=bfa48ab43d6bb410VgnVCM100000171f5a0aRCRD&vgnextoid=7f0cc37a2b471110VgnVCM1000000b205a0aRCRD";"RICARDO DAMAS";"CALLE";"V";"4";"";"";"";"";"MADRID";"MADRID";"28045";"4";"LEGAZPI";"2";"ARGANZUELA";"441253";"4470738";"40.38516507804954";"-3.692142254888889";"";"";"";"/contenido/entidadesYorganismos/CentrosEspaciosDeporte/PistaFutbolSala"
6344730;"Instalación Deportiva Municipal Básica Rocódromo";"";"";"Rocódromo Pista skate  Acceso libre.";"Metro: Las Suertes (línea 1).";"";"2";"http://www.madrid.es/sites/v/index.jsp?vgnextchannel=bfa48ab43d6bb410VgnVCM100000171f5a0aRCRD&vgnextoid=a2f8d4eb171f5310VgnVCM1000000b205a0aRCRD";"LA GAVIA";"AVENIDA";"V";"64";"";"";"";"";"MADRID";"MADRID";"28051";"3";"ENSANCHE DE VALLECAS";"18";"VILLA DE VALLECAS";"447715";"4468849";"40.36857871193489";"-3.6158461845807466";"";"";"";"/contenido/entidadesYorganismos/CentrosEspaciosDeporte/InstalacionesDeportivasBasicas"
6280408;"Instalación Deportiva Municipal Básica Rocódromo 'Roc 30'";"Escuela de escalada.";"De lunes a viernes de 14:30 a 19 horas.";"Rocódromo cubierto  Acceso controlado.";"Metro: Marqués de Vadillo (línea 5).";"";"0";"http://www.madrid.es/sites/v/index.jsp?vgnextchannel=bfa48ab43d6bb410VgnVCM100000171f5a0aRCRD&vgnextoid=fa670286ac984310VgnVCM1000000b205a0aRCRD";"SAN ILLAN";"PASEO";"V";"106";"";"";"";"";"MADRID";"MADRID";"28019";"3";"SAN ISIDRO";"11";"CARABANCHEL";"438573";"4472639";"40.402099540343805";"-3.7238808954116673";"915 273 801";"";"";"/contenido/entidadesYorganismos/CentrosEspaciosDeporte/InstalacionesDeportivasBasicas"
50313622;"Instalación Deportiva Municipal Básica Rocódromo Avenida de la Ilustración";"";"";"Rocódromo  Acceso libre.";"Metro: Herrera Oria (Línea 9).";"";"0";"http://www.madrid.es/sites/v/index.jsp?vgnextchannel=bfa48ab43d6bb410VgnVCM100000171f5a0aRCRD&vgnextoid=d9944694aea3e910VgnVCM100000891ecb1aRCRD";"PEDRO RICO";"CALLE";"V";"43";"";"";"";"";"MADRID";"MADRID";"";"";"";"";"FUENCARRAL-EL PARDO";"441507";"4481207";"40.48304194192133";"-3.700286796894022";"";"";"";"/contenido/entidadesYorganismos/CentrosEspaciosDeporte/InstalacionesDeportivasBasicas"
50239346;"Instalación Deportiva Municipal Básica Rocódromo Parque Enrique Tierno Galván";"";"";"Rocódromo  Acceso libre.";"Metro: Arganzuela - Planetario (línea 6).";"";"0";"http://www.madrid.es/sites/v/index.jsp?vgnextchannel=bfa48ab43d6bb410VgnVCM100000171f5a0aRCRD&vgnextoid=148e78b064e9c910VgnVCM100000891ecb1aRCRD";"ENRIQUE TIERNO GALVAN";"PARQUE";"T";"";"";"";"";"";"MADRID";"MADRID";"";"";"";"";"DISTRITO";"441836";"4471686";"40.39374970077287";"-3.6853474955073717";"";"";"";"/contenido/entidadesYorganismos/CentrosEspaciosDeporte/InstalacionesDeportivasBasicas"
50256467;"Instalación Deportiva Municipal Básica Rocódromo Parque María de Austria";"";"";"Rocódromo  Acceso libre.";"Metro: Pan Bendito (línea 11).";"";"0";"http://www.madrid.es/sites/v/index.jsp?vgnextchannel=bfa48ab43d6bb410VgnVCM100000171f5a0aRCRD&vgnextoid=2419731a327ec910VgnVCM100000891ecb1aRCRD";"CAZALEGAS";"CALLE";"V";"6";"";"";"";"";"MADRID";"MADRID";"28025";"7";"ABRANTES";"11";"CARABANCHEL";"438216";"4469682";"40.37543686372127";"-3.727805203932704";"";"";"";"/contenido/entidadesYorganismos/CentrosEspaciosDeporte/InstalacionesDeportivasBasicas"
11080873;"Instalación Deportiva Municipal Básica Rocódromo de Manoteras";"";"";"Rocódromo Parque de calistenia  Acceso libre.";"Metro: Manoteras (línea 4).";"";"2";"http://www.madrid.es/sites/v/index.jsp?vgnextchannel=bfa48ab43d6bb410VgnVCM100000171f5a0aRCRD&vgnextoid=1150d952c30de610VgnVCM1000001d4a900aRCRD";"BACARES";"CALLE";"V";"9";"";"";"";"";"MADRID";"MADRID";"28033";"5";"APOSTOL SANTIAGO";"16";"HORTALEZA";"443851";"4480837";"40.476321176468005";"-3.6624133831469945";"";"";"";"/contenido/entidadesYorganismos/CentrosEspaciosDeporte/Calistenia"
50264513;"Instalación Deportiva Municipal Básica Rocódromo el Paraíso";"";"";"Rocódromo  Acceso libre.";"Metro: Simancas (línea 7).";"";"0";"http://www.madrid.es/sites/v/index.jsp?vgnextchannel=bfa48ab43d6bb410VgnVCM100000171f5a0aRCRD&vgnextoid=04501cb1bcf1d910VgnVCM100000891ecb1aRCRD";"ARCENTALES";"AVENIDA";"V";"4";"";"";"";"";"MADRID";"MADRID";"28037";"2";"HELLIN";"20";"SAN BLAS-CANILLEJAS";"447225";"4475667";"40.42997621103139";"-3.6221773579444596";"";"";"";"/contenido/entidadesYorganismos/CentrosEspaciosDeporte/InstalacionesDeportivasBasicas"
4629951;"Instalación Deportiva Municipal Básica Rodríguez Sahagún (Campo de fútbol)";"";"";"Campo de fútbol 11 de césped artificial  Acceso controlado.";"Consulta los siguientes enlaces.";"";"2";"http://www.madrid.es/sites/v/index.jsp?vgnextchannel=bfa48ab43d6bb410VgnVCM100000171f5a0aRCRD&vgnextoid=fc3fdfd39c794110VgnVCM1000000b205a0aRCRD";"MIRAMELINDOS";"CALLE";"V";"5";"";"";"";"";"MADRID";"MADRID";"28039";"5";"VALDEACEDERAS";"6";"TETUAN";"439942";"4479884";"40.469631156523825";"-3.708866726880464";"";"";"";"/contenido/entidadesYorganismos/CentrosEspaciosDeporte/CamposEstadiosFutbol"
4629936;"Instalación Deportiva Municipal Básica Rodríguez Sahagún I (Capitán Blanco Argibay)";"";"";"2 pistas de baloncesto 2 pistas de fútbol sala Pista polideportiva Pista de voleibol  Acceso libre.";"Consulta los siguientes enlaces.";"";"2";"http://www.madrid.es/sites/v/index.jsp?vgnextchannel=bfa48ab43d6bb410VgnVCM100000171f5a0aRCRD&vgnextoid=c51553332b794110VgnVCM1000000b205a0aRCRD";"CAPITAN BLANCO ARGIBAY";"CALLE";"V";"173";"";"";"";"";"MADRID";"MADRID";"28029";"5";"VALDEACEDERAS";"6";"TETUAN";"439740";"4480162";"40.46995417209459";"-3.710836991177557";"";"";"";"/contenido/entidadesYorganismos/CentrosEspaciosDeporte/PistaVoleibol"
4549250;"Instalación Deportiva Municipal Básica Rodríguez Sahagún II (Los Pinos)";"";"";"2 pistas de baloncesto 2 pistas de bolos y petanca Pista de patinaje 2 pistas polideportivas (1 cubierta) 3 tenis de mesa  Acceso libre.";"Consulta los siguientes enlaces.";"";"2";"http://www.madrid.es/sites/v/index.jsp?vgnextchannel=bfa48ab43d6bb410VgnVCM100000171f5a0aRCRD&vgnextoid=bb9f22cad8d91110VgnVCM2000000c205a0aRCRD";"DIRECCION";"PASEO";"V";"299";"";"";"";"";"MADRID";"MADRID";"28029";"5";"VALDEACEDERAS";"6";"TETUAN";"440268";"4480183";"40.4701829077932";"-3.7046136733997463";"";"";"";"/contenido/entidadesYorganismos/CentrosEspaciosDeporte/PistaBolosPetancaCalvaChito"
4584706;"Instalación Deportiva Municipal Básica Ronda Sur";"";"";"Campo de fútbol 11 césped artificial  Acceso controlado.";"Renfe: El Pozo (líneas C2, C7 y C8).";"";"1";"http://www.madrid.es/sites/v/index.jsp?vgnextchannel=bfa48ab43d6bb410VgnVCM100000171f5a0aRCRD&vgnextoid=20d73d7dcf2c2110VgnVCM1000000b205a0aRCRD";"SUR";"RONDA";"V";"231";"";"";"";"c/v Barros";"MADRID";"MADRID";"28053";"1";"ENTREVIAS";"13";"PUENTE DE VALLECAS";"443703";"4469438";"40.3736230480929";"-3.663164496710361";"";"";"";"/contenido/entidadesYorganismos/CentrosEspaciosDeporte/CamposEstadiosFutbol"
4547299;"Instalación Deportiva Municipal Básica Rosa Jardón";"";"";"Pista de fútbol sala  Acceso libre.";"Consulta los siguientes enlaces.";"";"0";"http://www.madrid.es/sites/v/index.jsp?vgnextchannel=bfa48ab43d6bb410VgnVCM100000171f5a0aRCRD&vgnextoid=1c916af33b291110VgnVCM1000000b205a0aRCRD";"ROSA JARDON";"CALLE";"V";"11";"";"";"";"";"MADRID";"MADRID";"28016";"5";"NUEVA ESPAÑA";"5";"CHAMARTIN";"443295";"4479637";"40.46547349226097";"-3.6688677974512003";"";"";"";"/contenido/entidadesYorganismos/CentrosEspaciosDeporte/PistaFutbolSala"
50263667;"Instalación Deportiva Municipal Básica Rugby Fuente Carrantona";"";"";"Campo de rugby de césped artificial  Acceso controlado.";"Metro: Pavones (línea 9).";"";"0";"http://www.madrid.es/sites/v/index.jsp?vgnextchannel=bfa48ab43d6bb410VgnVCM100000171f5a0aRCRD&vgnextoid=7f67f3655ea1d910VgnVCM200000f921e388RCRD";"FUENTE CARRANTONA";"CALLE";"V";"";"";"";"";"";"MADRID";"MADRID";"28030";"5";"FONTARRON";"14";"MORATALAZ";"445758";"4471999";"40.4128251235558";"-3.627178162316722";"";"";"";"/contenido/entidadesYorganismos/CentrosEspaciosDeporte/InstalacionesDeportivasBasicas"
4583429;"Instalación Deportiva Municipal Básica San Anselmo";"";"";"Pista de baloncesto  Acceso libre.";"Consulta los siguientes enlaces.";"";"0";"http://www.madrid.es/sites/v/index.jsp?vgnextchannel=bfa48ab43d6bb410VgnVCM100000171f5a0aRCRD&vgnextoid=c891b50d1ddb2110VgnVCM1000000b205a0aRCRD";"SAN ANSELMO";"CALLE";"V";"8";"";"";"";"";"MADRID";"MADRID";"28018";"3";"PALOMERAS BAJAS";"13";"PUENTE DE VALLECAS";"444359";"4470773";"40.385700278633216";"-3.6555409212368497";"";"";"";"/contenido/entidadesYorganismos/CentrosEspaciosDeporte/InstalacionesDeportivasBasicas"
5695702;"Instalación Deportiva Municipal Básica San Aureliano";"";"";"Pista de mini baloncesto  Acceso libre.";"Metro: Villaverde Alto (linea 3).  Renfe: Villaverde Alto (línea C4 y C5).";"";"0";"http://www.madrid.es/sites/v/index.jsp?vgnextchannel=bfa48ab43d6bb410VgnVCM100000171f5a0aRCRD&vgnextoid=29c23deb08ab8210VgnVCM2000000c205a0aRCRD";"SAN AURELIANO";"CALLE";"V";"9";"";"";"";"CUBIERTA P.A.R.";"MADRID";"MADRID";"28021";"1";"VILLAVERDE ALTO C.H.";"17";"VILLAVERDE";"439205";"4466036";"40.34265960435546";"-3.715807817260085";"";"";"";"/contenido/entidadesYorganismos/CentrosEspaciosDeporte/InstalacionesDeportivasBasicas"
4566165;"Instalación Deportiva Municipal Básica San Benigno";"";"";"Pista de fútbol sala  Acceso libre.";"Consulta los siguientes enlaces.";"";"0";"http://www.madrid.es/sites/v/index.jsp?vgnextchannel=bfa48ab43d6bb410VgnVCM100000171f5a0aRCRD&vgnextoid=d2c3f2a574d22110VgnVCM1000000b205a0aRCRD";"SAN BENIGNO";"CALLE";"V";"3";"";"";"";"";"MADRID";"MADRID";"28011";"2";"PUERTA DEL ANGEL";"10";"LATINA";"437450";"4472934";"40.40467084433323";"-3.7371479929917073";"";"";"";"/contenido/entidadesYorganismos/CentrosEspaciosDeporte/PistaFutbolSala"
50267851;"Instalación Deportiva Municipal Básica San Cristóbal C.F.";"";"";"Campo de fútbol 11 césped artificial  Acceso controlado.";"Metro: San Cristóbal (línea 3).";"";"0";"http://www.madrid.es/sites/v/index.jsp?vgnextchannel=bfa48ab43d6bb410VgnVCM100000171f5a0aRCRD&vgnextoid=96b9456371f2d910VgnVCM200000f921e388RCRD";"ROCAFORT";"CALLE";"V";"9";"";"";"";"";"MADRID";"MADRID";"28021";"2";"SAN CRISTOBAL";"17";"VILLAVERDE";"441395";"4465894";"40.34153801605797";"-3.690004274731139";"";"";"";"/contenido/entidadesYorganismos/CentrosEspaciosDeporte/CamposEstadiosFutbol"
5694370;"Instalación Deportiva Municipal Básica San Cristóbal de Los Ángeles II";"";"";"Pista de parkour  Pista de skate  Parque de calistenia  Acceso libre.";"Metro: San Cristóbal (línea 3).";"";"0";"http://www.madrid.es/sites/v/index.jsp?vgnextchannel=bfa48ab43d6bb410VgnVCM100000171f5a0aRCRD&vgnextoid=60b46055755b8210VgnVCM2000000c205a0aRCRD";"GODELLA";"CALLE";"V";"48";"";"";"";"";"MADRID";"MADRID";"28021";"2";"SAN CRISTOBAL";"17";"VILLAVERDE";"441483";"4466109";"40.343480612836665";"-3.6889961753443936";"";"";"";"/contenido/entidadesYorganismos/CentrosEspaciosDeporte/Calistenia"
5694411;"Instalación Deportiva Municipal Básica San Cristóbal de Los Ángeles III";"";"";"Frontón corto 3 mini frontones Parque de calistenia  Acceso controlado.";"Metro: San Cristóbal (línea 3).";"";"0";"http://www.madrid.es/sites/v/index.jsp?vgnextchannel=bfa48ab43d6bb410VgnVCM100000171f5a0aRCRD&vgnextoid=6ba6a896b55b8210VgnVCM2000000c205a0aRCRD";"MONCADA";"CALLE";"V";"123";"";"";"";"";"MADRID";"MADRID";"28021";"2";"SAN CRISTOBAL";"17";"VILLAVERDE";"441341";"4465687";"40.339668936367254";"-3.690641012544881";"";"";"";"/contenido/entidadesYorganismos/CentrosEspaciosDeporte/Frontones"
4528002;"Instalación Deportiva Municipal Básica San Federico";"";"";"Campo de fútbol 11 de tierra  Acceso controlado.";"Metro: Valdezarza (línea 7).";"";"0";"http://www.madrid.es/sites/v/index.jsp?vgnextchannel=bfa48ab43d6bb410VgnVCM100000171f5a0aRCRD&vgnextoid=4257664d01ef0110VgnVCM1000000b205a0aRCRD";"ALCALDE MARTIN DE ALZAGA";"CALLE";"V";"4";"";"";"";"";"MADRID";"MADRID";"28039";"4";"VALDEZARZA";"9";"MONCLOA-ARAVACA";"439288";"4479386";"40.46292821950442";"-3.716098044767928";"";"";"";"/contenido/entidadesYorganismos/CentrosEspaciosDeporte/CamposEstadiosFutbol"
4548698;"Instalación Deportiva Municipal Básica San Juan Bautista - El Flori";"";"";"Pista polideportiva  Acceso libre.";"Metro: Arturo Soria, Avenida de la Paz (línea 4).";"";"0";"http://www.madrid.es/sites/v/index.jsp?vgnextchannel=bfa48ab43d6bb410VgnVCM100000171f5a0aRCRD&vgnextoid=88b85e9248c91110VgnVCM1000000b205a0aRCRD";"AGASTIA";"CALLE";"V";"87";"";"";"";"";"MADRID";"MADRID";"28043";"6";"SAN JUAN BAUTISTA";"15";"CIUDAD LINEAL";"444386";"4478054";"40.45128969601845";"-3.655860624786257";"";"";"";"/contenido/entidadesYorganismos/CentrosEspaciosDeporte/InstalacionesDeportivasBasicas"
4548148;"Instalación Deportiva Municipal Básica San Lamberto (Cocheras)";"";"";"Campo de fútbol 11 césped artificial  Acceso controlado.";"Consulta los siguientes enlaces.";"";"0";"http://www.madrid.es/sites/v/index.jsp?vgnextchannel=bfa48ab43d6bb410VgnVCM100000171f5a0aRCRD&vgnextoid=d472782bf0891110VgnVCM1000000b205a0aRCRD";"SAN LAMBERTO";"CALLE";"V";"20";"";"";"";"";"MADRID";"MADRID";"28017";"1";"VENTAS";"15";"CIUDAD LINEAL";"444751";"4474714";"40.42122371706224";"-3.651266122696069";"";"";"";"/contenido/entidadesYorganismos/CentrosEspaciosDeporte/CamposEstadiosFutbol"
4548691;"Instalación Deportiva Municipal Básica San Pascual";"";"";"Campo de fútbol 11 césped artificial  Acceso controlado.";"Metro: Barrio de la Concepción (línea 7).";"";"0";"http://www.madrid.es/sites/v/index.jsp?vgnextchannel=bfa48ab43d6bb410VgnVCM100000171f5a0aRCRD&vgnextoid=79617bbeee991110VgnVCM1000000b205a0aRCRD";"ESTEBAN MORA";"CALLE";"V";"11";"";"";"";"";"MADRID";"MADRID";"28027";"5";"SAN PASCUAL";"15";"CIUDAD LINEAL";"444374";"4476619";"40.438366366748056";"-3.655874624005349";"";"";"";"/contenido/entidadesYorganismos/CentrosEspaciosDeporte/CamposEstadiosFutbol"
50262778;"Instalación Deportiva Municipal Básica San Pol de Mar";"";"";"Pista de baloncesto  Acceso libre.";"Metro: Príncipe Pío (líneas 6, 10 y R).  Renfe: Príncipe Pío (líneas C1, C7 y C10).";"";"0";"http://www.madrid.es/sites/v/index.jsp?vgnextchannel=bfa48ab43d6bb410VgnVCM100000171f5a0aRCRD&vgnextoid=7e4d0781c2a1d910VgnVCM200000f921e388RCRD";"SAN POL DE MAR";"CALLE";"V";"15";"";"";"";"";"MADRID";"MADRID";"28008";"1";"CASA DE CAMPO";"9";"MONCLOA-ARAVACA";"438305";"4474997";"40.42331959834507";"-3.727271896252184";"";"";"";"/contenido/entidadesYorganismos/CentrosEspaciosDeporte/InstalacionesDeportivasBasicas"
50320909;"Instalación Deportiva Municipal Básica San Ruperto";"";"";"Tenis de mesa  Acceso libre.";"Metro: Hospital 12 de Octubre (línea 3).  Cercanías: Hospital 12 de Octubre (línea C5).";"";"2";"http://www.madrid.es/sites/v/index.jsp?vgnextchannel=bfa48ab43d6bb410VgnVCM100000171f5a0aRCRD&vgnextoid=57504bfa0b36e910VgnVCM200000f921e388RCRD";"CARABELOS";"CALLE";"V";"";"";"";"";"";"MADRID";"MADRID";"28026";"4";"ALMENDRALES";"12";"USERA";"440579";"4470254";"40.37670677090736";"-3.69098146524972";"";"";"";"/contenido/entidadesYorganismos/CentrosEspaciosDeporte/InstalacionesDeportivasBasicas"
4669899;"Instalación Deportiva Municipal Básica Sanchinarro I";"";"";"Pista polideportiva  Acceso libre.";"Metro: Álvarez de Villaamil (línea ML1).";"";"2";"http://www.madrid.es/sites/v/index.jsp?vgnextchannel=bfa48ab43d6bb410VgnVCM100000171f5a0aRCRD&vgnextoid=0a518a43c67c5110VgnVCM1000000b205a0aRCRD";"INFANTA CATALINA MICAELA";"CALLE";"V";"33";"";"";"";"";"MADRID";"MADRID";"28050";"6";"VALDEFUENTES";"16";"HORTALEZA";"444696";"4482267";"40.489264668183516";"-3.6525692195472987";"";"";"";"/contenido/entidadesYorganismos/CentrosEspaciosDeporte/InstalacionesDeportivasBasicas"
4669966;"Instalación Deportiva Municipal Básica Sanchinarro II";"";"";"Pista polideportiva  Acceso libre.";"Metro: Álvarez de Villaamil (línea ML1).";"";"2";"http://www.madrid.es/sites/v/index.jsp?vgnextchannel=bfa48ab43d6bb410VgnVCM100000171f5a0aRCRD&vgnextoid=1ac39569387c5110VgnVCM1000000b205a0aRCRD";"INFANTA CATALINA MICAELA";"CALLE";"V";"23";"";"";"";"";"MADRID";"MADRID";"28050";"6";"VALDEFUENTES";"16";"HORTALEZA";"444605";"4481969";"40.48657421685518";"-3.653608862541836";"";"";"";"/contenido/entidadesYorganismos/CentrosEspaciosDeporte/InstalacionesDeportivasBasicas"
4669976;"Instalación Deportiva Municipal Básica Sanchinarro III";"";"";"Pista polideportiva  Acceso libre.";"Metro: María Tudor (línea ML1).";"";"2";"http://www.madrid.es/sites/v/index.jsp?vgnextchannel=bfa48ab43d6bb410VgnVCM100000171f5a0aRCRD&vgnextoid=20682a96097c5110VgnVCM1000000b205a0aRCRD";"MARIA TUDOR";"CALLE";"V";"10";"";"";"";"";"MADRID";"MADRID";"28050";"6";"VALDEFUENTES";"16";"HORTALEZA";"443976";"4482705";"40.49316433760569";"-3.6611026501926625";"";"";"";"/contenido/entidadesYorganismos/CentrosEspaciosDeporte/InstalacionesDeportivasBasicas"
4669997;"Instalación Deportiva Municipal Básica Sanchinarro IV";"";"";"Pista de skate  Acceso libre.";"Metro: Álvarez de Villaamil (línea LM1).";"";"2";"http://www.madrid.es/sites/v/index.jsp?vgnextchannel=bfa48ab43d6bb410VgnVCM100000171f5a0aRCRD&vgnextoid=eb702a96097c5110VgnVCM1000000b205a0aRCRD";"NICETO ALCALA ZAMORA";"AVENIDA";"V";"12";"";"";"";"";"MADRID";"MADRID";"28050";"6";"VALDEFUENTES";"16";"HORTALEZA";"445305";"4482200";"40.48869693430128";"-3.645393006068992";"";"";"";"/contenido/entidadesYorganismos/CentrosEspaciosDeporte/InstalacionesDeportivasBasicas"
4580475;"Instalación Deportiva Municipal Básica Sanchorreja";"";"";"Campo de fútbol 7 de tierra Pista polideportiva  Acceso libre.";"Metro: Casa de Campo (línea 5 y 10).";"";"0";"http://www.madrid.es/sites/v/index.jsp?vgnextchannel=bfa48ab43d6bb410VgnVCM100000171f5a0aRCRD&vgnextoid=8bbe87011f2b2110VgnVCM1000000b205a0aRCRD";"SANCHORREJA";"CALLE";"V";"8";"";"";"";"";"MADRID";"MADRID";"28011";"3";"LUCERO";"10";"LATINA";"435812";"4472702";"40.40244721879577";"-3.7564266531216193";"";"";"";"/contenido/entidadesYorganismos/CentrosEspaciosDeporte/CamposEstadiosFutbol"
11350896;"Instalación Deportiva Municipal Básica Santa Eugenia";"";"";"2 campos de fútbol 11 de césped artificial  Acceso controlado.";"Renfe: Santa Eugenia (líneas C2, C7 y C8).";"";"2";"http://www.madrid.es/sites/v/index.jsp?vgnextchannel=bfa48ab43d6bb410VgnVCM100000171f5a0aRCRD&vgnextoid=5f1aca5e0de58710VgnVCM2000001f4a900aRCRD";"CERRO DE ALMODOVAR";"CALLE";"V";"13";"";"";"";"";"MADRID";"MADRID";"28031";"1";"SANTA EUGENIA";"19";"VILLA DE VALLECAS";"448620";"4470797";"40.37912850581515";"-3.600919204614895";"";"";"";"/contenido/entidadesYorganismos/CentrosEspaciosDeporte/CamposEstadiosFutbol"
4547254;"Instalación Deportiva Municipal Básica Santa Hortensia";"";"";"Pista de baloncesto Pista de fútbol sala  Acceso libre.";"Metro: Alfonso XIII (línea 4).";"";"2";"http://www.madrid.es/sites/v/index.jsp?vgnextchannel=bfa48ab43d6bb410VgnVCM100000171f5a0aRCRD&vgnextoid=c9e6df1554291110VgnVCM1000000b205a0aRCRD";"SANTA HORTENSIA";"CALLE";"V";"34";"";"";"";"";"MADRID";"MADRID";"28002";"2";"PROSPERIDAD";"5";"CHAMARTIN";"443605";"4477227";"40.443784076908294";"-3.6650091208692905";"";"";"";"/contenido/entidadesYorganismos/CentrosEspaciosDeporte/PistaFutbolSala"
4560398;"Instalación Deportiva Municipal Básica Santa Marca";"";"";"Pista de fútbol sala  Acceso libre.";"Metro: Concha Espina , Alfonso XIII (líneas 4 y 9).";"";"2";"http://www.madrid.es/sites/v/index.jsp?vgnextchannel=bfa48ab43d6bb410VgnVCM100000171f5a0aRCRD&vgnextoid=8aa5f5e49c802110VgnVCM1000000b205a0aRCRD";"PRADILLO";"CALLE";"V";"23";"";"";"";"";"MADRID";"MADRID";"28002";"3";"CIUDAD JARDIN";"5";"CHAMARTIN";"442933";"4477821";"40.449080253816504";"-3.672985961911911";"";"";"";"/contenido/entidadesYorganismos/CentrosEspaciosDeporte/PistaFutbolSala"
4542483;"Instalación Deportiva Municipal Básica Santa Petronila";"";"";"Pista de baloncesto 6 pistas de bolos y petanca Pista polideportiva  Acceso libre.";"Metro: Villaverde Bajo Cruce (línea 3).";"";"0";"http://www.madrid.es/sites/v/index.jsp?vgnextchannel=bfa48ab43d6bb410VgnVCM100000171f5a0aRCRD&vgnextoid=9d79c83035e61110VgnVCM1000000b205a0aRCRD";"SANTA PETRONILA";"CALLE";"V";"21";"";"";"";"";"MADRID";"MADRID";"28021";"4";"LOS ROSALES";"17";"VILLAVERDE";"441219";"4466649";"40.348330169939615";"-3.692150371389017";"";"";"";"/contenido/entidadesYorganismos/CentrosEspaciosDeporte/PistaBolosPetancaCalvaChito"
4545645;"Instalación Deportiva Municipal Básica Santa Rita";"";"";"Campo de fútbol 11 de tierra  Acceso libre.";"Consulta los siguientes enlaces.";"";"0";"http://www.madrid.es/sites/v/index.jsp?vgnextchannel=bfa48ab43d6bb410VgnVCM100000171f5a0aRCRD&vgnextoid=56095ff1d9e71110VgnVCM1000000b205a0aRCRD";"ALBA DE TORMES";"CALLE";"V";"2";"";"";"";"";"MADRID";"MADRID";"28025";"5";"PUERTA BONITA";"11";"CARABANCHEL";"436959";"4470124";"40.379320040842394";"-3.7426675730199714";"";"";"";"/contenido/entidadesYorganismos/CentrosEspaciosDeporte/CamposEstadiosFutbol"
4542126;"Instalación Deportiva Municipal Básica Santa Virgilia";"";"";"Pista polideportiva  Acceso libre.";"Metro: Parque Santa María (línea 4), San Lorenzo (línea 4).";"";"2";"http://www.madrid.es/sites/v/index.jsp?vgnextchannel=bfa48ab43d6bb410VgnVCM100000171f5a0aRCRD&vgnextoid=1b3308d335a61110VgnVCM1000000b205a0aRCRD";"SANTA VIRGILIA";"CALLE";"V";"19";"";"";"";"CUBIERTA P.A.R.";"MADRID";"MADRID";"28033";"4";"PINAR DEL REY";"16";"HORTALEZA";"445657";"4480894";"40.4769610526154";"-3.6411068959479977";"";"";"";"/contenido/entidadesYorganismos/CentrosEspaciosDeporte/InstalacionesDeportivasBasicas"
10967946;"Instalación Deportiva Municipal Básica Santuario de Valverde";"";"";"Pista de baloncesto Pista de hockey patines  Acceso libre.";"Metro: Antonio Machado (línea 7).";"";"0";"http://www.madrid.es/sites/v/index.jsp?vgnextchannel=bfa48ab43d6bb410VgnVCM100000171f5a0aRCRD&vgnextoid=61cf99d98fc2b610VgnVCM1000001d4a900aRCRD";"SANTUARIO DE VALVERDE";"AVENIDA";"V";"41";"";"";"";"";"MADRID";"MADRID";"28049";"8";"EL GOLOSO";"8";"FUENCARRAL-EL PARDO";"440904";"4484283";"40.50715972029972";"-3.6974983196434885";"";"";"";"/contenido/entidadesYorganismos/CentrosEspaciosDeporte/CamposHockey"
4627940;"Instalación Deportiva Municipal Básica Sepúlveda";"";"";"Pista de fútbol sala Pista de baloncesto Pista de patinaje Circuito de bicicletas Rocódromo  Acceso libre.";"Consulta los siguientes enlaces.";"";"0";"http://www.madrid.es/sites/v/index.jsp?vgnextchannel=bfa48ab43d6bb410VgnVCM100000171f5a0aRCRD&vgnextoid=ff20383ed8784110VgnVCM1000000b205a0aRCRD";"SEPULVEDA";"CALLE";"V";"220";"";"";"";"";"MADRID";"MADRID";"28011";"3";"LUCERO";"10";"LATINA";"435856";"4472298";"40.39882022766974";"-3.755867569618557";"";"";"";"/contenido/entidadesYorganismos/CentrosEspaciosDeporte/PistasPatinaje"
4566220;"Instalación Deportiva Municipal Básica Seseña";"";"";"11 pistas de bolos y petanca  Acceso libre.";"Consulta los siguientes enlaces.";"";"0";"http://www.madrid.es/sites/v/index.jsp?vgnextchannel=bfa48ab43d6bb410VgnVCM100000171f5a0aRCRD&vgnextoid=055c7c0076d22110VgnVCM1000000b205a0aRCRD";"SESEÑA";"CALLE";"V";"2";"";"";"";"";"MADRID";"MADRID";"28024";"4";"ALUCHE";"10";"LATINA";"435697";"4472170";"40.397645805419295";"-3.757739811336285";"";"";"";"/contenido/entidadesYorganismos/CentrosEspaciosDeporte/PistaBolosPetancaCalvaChito"
50326209;"Instalación Deportiva Municipal Básica Sierra Elvira";"";"";"Parque de calistenia  Acceso libre.";"Consulta los siguientes enlaces:";"";"0";"http://www.madrid.es/sites/v/index.jsp?vgnextchannel=bfa48ab43d6bb410VgnVCM100000171f5a0aRCRD&vgnextoid=ce21d9211828e910VgnVCM200000f921e388RCRD";"SIERRA ELVIRA";"CALLE";"V";"37";"";"";"";"";"MADRID";"MADRID";"28038";"6";"NUMANCIA";"13";"PUENTE DE VALLECAS";"443972";"4472929";"40.4050924984197";"-3.6602796563059483";"";"";"";"/contenido/entidadesYorganismos/CentrosEspaciosDeporte/Calistenia"
4582306;"Instalación Deportiva Municipal Básica Sierra del Valle";"";"";"Pista de patinaje Parque de calistenia  Acceso libre.";"Metro: Portazgo (línea 1).";"";"0";"http://www.madrid.es/sites/v/index.jsp?vgnextchannel=bfa48ab43d6bb410VgnVCM100000171f5a0aRCRD&vgnextoid=16d7c6962b8b2110VgnVCM1000000b205a0aRCRD";"ARROYO DEL OLIVAR";"CALLE";"V";"96";"";"";"";"";"MADRID";"MADRID";"28018";"3";"PALOMERAS BAJAS";"13";"PUENTE DE VALLECAS";"444061";"4471342";"40.39080361326829";"-3.659099924430581";"";"";"";"/contenido/entidadesYorganismos/CentrosEspaciosDeporte/PistasPatinaje"
50320774;"Instalación Deportiva Municipal Básica Silvina";"";"";"Pista de patinaje  Acceso libre.";"Metro: San Fermín - Orcasur (línea 3).";"";"2";"http://www.madrid.es/sites/v/index.jsp?vgnextchannel=bfa48ab43d6bb410VgnVCM100000171f5a0aRCRD&vgnextoid=68ee47290936e910VgnVCM200000f921e388RCRD";"SILVINA";"CALLE";"V";"26";"";"";"";"";"MADRID";"MADRID";"28041";"3";"SAN FERMIN";"12";"USERA";"441382";"4468519";"40.36506081790947";"-3.690997318126388";"";"";"";"/contenido/entidadesYorganismos/CentrosEspaciosDeporte/PistasPatinaje"
4528344;"Instalación Deportiva Municipal Básica Sinesio Delgado";"";"";"2 pistas de patinaje Pista polideportiva (fútbol sala y balonmano) Pista de voleibol  Acceso libre.";"Metro: Valdezarza (línea 7).";"";"0";"http://www.madrid.es/sites/v/index.jsp?vgnextchannel=bfa48ab43d6bb410VgnVCM100000171f5a0aRCRD&vgnextoid=e3b3f65542201110VgnVCM1000000b205a0aRCRD";"ISLA DE OZA";"CALLE";"V";"61";"";"";"";"";"MADRID";"MADRID";"28035";"4";"VALDEZARZA";"9";"MONCLOA-ARAVACA";"438862";"4479495";"40.46387990945949";"-3.7211400901596057";"";"";"";"/contenido/entidadesYorganismos/CentrosEspaciosDeporte/PistasPatinaje"
50267899;"Instalación Deportiva Municipal Básica Skate El Espinillo";"";"";"Pista de skate   Acceso libre.";"Metro: Ciudad de los Ángeles (línea 3).";"";"0";"http://www.madrid.es/sites/v/index.jsp?vgnextchannel=bfa48ab43d6bb410VgnVCM100000171f5a0aRCRD&vgnextoid=0605456371f2d910VgnVCM200000f921e388RCRD";"UNANIMIDAD";"CALLE";"V";"21";"";"";"";"";"MADRID";"MADRID";"28041";"4";"LOS ROSALES";"17";"VILLAVERDE";"441758";"4468126";"40.36167465565925";"-3.6859413105264314";"";"";"";"/contenido/entidadesYorganismos/CentrosEspaciosDeporte/InstalacionesDeportivasBasicas"
7108009;"Instalación Deportiva Municipal Básica Skate Ignacio Echeverría";"";"De lunes a domingo de 10 a 22 horas.";"Pista de patinaje Pista de skate  Pista de skate bowl   Acceso libre.";"Metro: Legazpi (línea 3 y 6).";"";"0";"http://www.madrid.es/sites/v/index.jsp?vgnextchannel=bfa48ab43d6bb410VgnVCM100000171f5a0aRCRD&vgnextoid=b86ed13813031410VgnVCM2000000c205a0aRCRD";"CHOPERA";"PASEO";"V";"2";"";"";"";"(PARQUE DE LA ARGANZUELA)";"MADRID";"MADRID";"28045";"3";"CHOPERA";"2";"ARGANZUELA";"440403";"4471945";"40.39597895536184";"-3.702246193715387";"";"";"";"/contenido/entidadesYorganismos/CentrosEspaciosDeporte/PistasPatinaje"
12032893;"Instalación Deportiva Municipal Básica Skate Orcasur";"";"";"Pista de skate  Acceso libre.";"Consulta los siguientes enlaces.";"";"0";"http://www.madrid.es/sites/v/index.jsp?vgnextchannel=bfa48ab43d6bb410VgnVCM100000171f5a0aRCRD&vgnextoid=93884e19aba98810VgnVCM2000001f4a900aRCRD";"FERNANDO ORTIZ";"CALLE";"V";"2";"";"";"";"";"MADRID";"MADRID";"28041";"2";"ORCASUR";"12";"USERA";"440383";"4468719";"40.36691994788192";"-3.7021841923202885";"";"";"";"/contenido/entidadesYorganismos/CentrosEspaciosDeporte/InstalacionesDeportivasBasicas"
50313608;"Instalación Deportiva Municipal Básica Skate Park Rosa de la Paz";"";"";"Pista de skate   Acceso libre.";"Metro: Herrera Oria (línea 9).";"";"0";"http://www.madrid.es/sites/v/index.jsp?vgnextchannel=bfa48ab43d6bb410VgnVCM100000171f5a0aRCRD&vgnextoid=d1b04694aea3e910VgnVCM100000891ecb1aRCRD";"PEDRO RICO";"CALLE";"V";"12";"";"";"";"";"MADRID";"MADRID";"";"";"";"";"FUENCARRAL-EL PARDO";"441507";"4481207";"40.48401671668248";"-3.698629298889913";"";"";"";"/contenido/entidadesYorganismos/CentrosEspaciosDeporte/InstalacionesDeportivasBasicas"
12034775;"Instalación Deportiva Municipal Básica Skate Plaza";"";"";"2 pistas de bolos y petanca Pista de skate  Acceso libre.";"Consulta los siguientes enlaces.";"";"2";"http://www.madrid.es/sites/v/index.jsp?vgnextchannel=bfa48ab43d6bb410VgnVCM100000171f5a0aRCRD&vgnextoid=d04cd29da3fa8810VgnVCM2000001f4a900aRCRD";"MIRAMELINDOS";"CALLE";"V";"5";"";"";"";"";"MADRID";"MADRID";"28029";"5";"VALDEACEDERAS";"6";"TETUAN";"439740";"4480162";"40.46982082147306";"-3.7096168048393428";"";"";"";"/contenido/entidadesYorganismos/CentrosEspaciosDeporte/PistaBolosPetancaCalvaChito"
50267906;"Instalación Deportiva Municipal Básica Skate Plaza de los Metales";"";"";"Pista de skate   Acceso libre.";"Renfe: San Cristóbal de los Ángeles (línea C3).";"";"0";"http://www.madrid.es/sites/v/index.jsp?vgnextchannel=bfa48ab43d6bb410VgnVCM100000171f5a0aRCRD&vgnextoid=0256456371f2d910VgnVCM200000f921e388RCRD";"METALES";"PLAZA";"V";"2";"";"";"";"";"MADRID";"MADRID";"28021";"3";"BUTARQUE";"17";"VILLAVERDE";"442651";"4465794";"40.340723942285315";"-3.6752127786790756";"";"";"";"/contenido/entidadesYorganismos/CentrosEspaciosDeporte/InstalacionesDeportivasBasicas"
50324215;"Instalación Deportiva Municipal Básica Skatepark Manolito Gafotas";"";"";"Pista de skate  Pista de skate bowl   Acceso libre.";"Metro: La Peseta (línea 11).";"";"0";"http://www.madrid.es/sites/v/index.jsp?vgnextchannel=bfa48ab43d6bb410VgnVCM100000171f5a0aRCRD&vgnextoid=09de9add47e6e910VgnVCM200000f921e388RCRD";"PINAR DE SAN JOSE";"CALLE";"V";"";"";"";"";"";"MADRID";"MADRID";"28025";"7";"PESETA";"11";"CARABANCHEL";"438832";"4470553";"40.36014907509698";"-3.7684636612762903";"";"";"";"/contenido/entidadesYorganismos/CentrosEspaciosDeporte/InstalacionesDeportivasBasicas"
4555827;"Instalación Deportiva Municipal Básica Soto Hidalgo";"";"";"Pista de baloncesto Pista de fútbol sala cubierta  Acceso libre.";"Metro: Alameda de Osuna (línea 5).";"";"1";"http://www.madrid.es/sites/v/index.jsp?vgnextchannel=bfa48ab43d6bb410VgnVCM100000171f5a0aRCRD&vgnextoid=5cfca5b6020e1110VgnVCM1000000b205a0aRCRD";"RIAÑO";"CALLE";"V";"1";"";"";"";"";"MADRID";"MADRID";"28042";"1";"ALAMEDA DE OSUNA";"21";"BARAJAS";"450877";"4479114";"40.46124483748552";"-3.5794097699469845";"";"";"";"/contenido/entidadesYorganismos/CentrosEspaciosDeporte/PistaFutbolSala"
11358872;"Instalación Deportiva Municipal Básica Stela Maris";"";"";"Pista de minibaloncesto  Acceso libre.";"Metro: Congosto (línea 1).";"";"0";"http://www.madrid.es/sites/v/index.jsp?vgnextchannel=bfa48ab43d6bb410VgnVCM100000171f5a0aRCRD&vgnextoid=346a6635ec288710VgnVCM1000001d4a900aRCRD";"PEÑARANDA DE BRACAMONTE";"CALLE";"V";"7";"";"";"";"";"MADRID";"MADRID";"28051";"3";"ENSANCHE DE VALLECAS";"18";"VILLA DE VALLECAS";"448710";"4469592";"40.37533906377627";"-3.604183911642277";"";"";"";"/contenido/entidadesYorganismos/CentrosEspaciosDeporte/InstalacionesDeportivasBasicas"
6342598;"Instalación Deportiva Municipal Básica Talbot Bicitrial";"";"";"Pista bicitrial 2 tenis de mesa   Acceso controlado.";"Consulta los siguientes enlaces.";"";"0";"http://www.madrid.es/sites/v/index.jsp?vgnextchannel=bfa48ab43d6bb410VgnVCM100000171f5a0aRCRD&vgnextoid=3c9cda3da4ce5310VgnVCM1000000b205a0aRCRD";"TALBOT";"CALLE";"V";"10";"";"";"";"";"MADRID";"MADRID";"28041";"1";"ORCASITAS";"12";"USERA";"439632";"4468534";"40.36520066772978";"-3.711013254644153";"";"";"";"/contenido/entidadesYorganismos/CentrosEspaciosDeporte/TenisMesa"
50320752;"Instalación Deportiva Municipal Básica Talbot Seguridad Vial";"";"";"Circuito de seguridad vial  Acceso libre.";"Cercanías: Orcasitas (línea C5).";"";"2";"http://www.madrid.es/sites/v/index.jsp?vgnextchannel=bfa48ab43d6bb410VgnVCM100000171f5a0aRCRD&vgnextoid=0c27be12d736e910VgnVCM200000f921e388RCRD";"TALBOT";"CALLE";"V";"10";"";"";"";"";"MADRID";"MADRID";"28026";"4";"ALMENDRALES";"12";"USERA";"440997";"4470593";"40.365196648952896";"-3.7113778405295914";"";"";"";"/contenido/entidadesYorganismos/CentrosEspaciosDeporte/InstalacionesDeportivasBasicas"
50320924;"Instalación Deportiva Municipal Básica Tenis de mesa Pablo Ortiz";"";"";"2 tenis de mesa  Acceso libre.";"Metro: Usera (línea 6).";"";"2";"http://www.madrid.es/sites/v/index.jsp?vgnextchannel=bfa48ab43d6bb410VgnVCM100000171f5a0aRCRD&vgnextoid=abb54bfa0b36e910VgnVCM200000f921e388RCRD";"PABLO ORTIZ";"CALLE";"V";"12";"";"";"";"";"MADRID";"MADRID";"28026";"7";"PRADOLONGO";"12";"USERA";"439957";"4470634";"40.38420991294185";"-3.7073136515557974";"";"";"";"/contenido/entidadesYorganismos/CentrosEspaciosDeporte/InstalacionesDeportivasBasicas"
4659289;"Instalación Deportiva Municipal Básica Tercio Terol";"";"";"Pista de baloncesto Tenis de mesa  Acceso libre.";"Metro: Urgel (línea 5).";"";"0";"http://www.madrid.es/sites/v/index.jsp?vgnextchannel=bfa48ab43d6bb410VgnVCM100000171f5a0aRCRD&vgnextoid=5069b8463aa65110VgnVCM1000000b205a0aRCRD";"TULGA";"CALLE";"V";"2";"";"";"";"";"MADRID";"MADRID";"28019";"3";"SAN ISIDRO";"11";"CARABANCHEL";"438138";"4471821";"40.39469849292072";"-3.7289305782038196";"";"";"";"/contenido/entidadesYorganismos/CentrosEspaciosDeporte/InstalacionesDeportivasBasicas"
11358863;"Instalación Deportiva Municipal Básica Tomás Sánchez Ruiz 'Buba'";"";"";"Pista de skate  Acceso libre.";"Metro: Villa de Vallecas (línea 1).";"";"2";"http://www.madrid.es/sites/v/index.jsp?vgnextchannel=bfa48ab43d6bb410VgnVCM100000171f5a0aRCRD&vgnextoid=fa2a6635ec288710VgnVCM1000001d4a900aRCRD";"REAL DE ARGANDA";"CALLE";"V";"53";"";"";"";"";"MADRID";"MADRID";"28031";"2";"SANTA EUGENIA";"18";"VILLA DE VALLECAS";"447786";"4470059";"40.37949103344629";"-3.6150999353765094";"";"";"";"/contenido/entidadesYorganismos/CentrosEspaciosDeporte/InstalacionesDeportivasBasicas"
4548903;"Instalación Deportiva Municipal Básica Torrelaguna";"";"";"Pista de baloncesto  Acceso libre.";"Metro: Avenida de la Paz (línea 4).";"";"0";"http://www.madrid.es/sites/v/index.jsp?vgnextchannel=bfa48ab43d6bb410VgnVCM100000171f5a0aRCRD&vgnextoid=b477d49f5ec91110VgnVCM1000000b205a0aRCRD";"TORRELAGUNA";"CALLE";"V";"121";"";"";"";"";"MADRID";"MADRID";"28043";"6";"SAN JUAN BAUTISTA";"15";"CIUDAD LINEAL";"443973";"4478180";"40.452397268197146";"-3.6607320790967304";"";"";"";"/contenido/entidadesYorganismos/CentrosEspaciosDeporte/InstalacionesDeportivasBasicas"
6210334;"Instalación Deportiva Municipal Básica Torrespaña (Fuente del Berro)";"";"";"Unidades deportivas cubiertas:   5 salas multiusos Sala de musculación   Unidades deportivas al aire libre:   Campo de fútbol 7 de césped artifcial Circuito de bicicletas Circuito de vida 3 pistas de pádel  2 pistas polideportivas  Pista de tenis  Acceso controlado.";"Metro: O'Donnell (línea 6).";"";"1";"http://www.madrid.es/sites/v/index.jsp?vgnextchannel=bfa48ab43d6bb410VgnVCM100000171f5a0aRCRD&vgnextoid=ca93d9d0f9f33310VgnVCM2000000c205a0aRCRD";"ALCALDE SAINZ DE BARANDA";"CALLE";"V";"94";"";"";"";"";"MADRID";"MADRID";"28007";"3";"FUENTE DEL BERRO";"4";"SALAMANCA";"443945";"4474719";"40.42121783502117";"-3.6607653462118437";"917 654 330";"";"";"/contenido/entidadesYorganismos/CentrosEspaciosDeporte/CircuitoVida"
4549867;"Instalación Deportiva Municipal Básica Trece Rosas";"";"";"Campo de fútbol 11 césped artificial 2 pistas de baloncesto Pista polideportiva  Acceso controlado.";"Consulta los siguientes enlaces.";"";"0";"http://www.madrid.es/sites/v/index.jsp?vgnextchannel=bfa48ab43d6bb410VgnVCM100000171f5a0aRCRD&vgnextoid=140a5e8f052a1110VgnVCM1000000b205a0aRCRD";"SANTA GENOVEVA";"CALLE";"V";"7";"";"";"";"";"MADRID";"MADRID";"28017";"1";"VENTAS";"15";"CIUDAD LINEAL";"444948";"4474889";"40.42281594369456";"-3.6489488619219927";"";"";"";"/contenido/entidadesYorganismos/CentrosEspaciosDeporte/CamposEstadiosFutbol"
50243273;"Instalación Deportiva Municipal Básica Tres Olivos";"";"";"Pista de baloncesto Pista de voleibol Parque de calistenia  Acceso libre.";"Metro: Tres Olivos (línea 10).";"";"0";"http://www.madrid.es/sites/v/index.jsp?vgnextchannel=bfa48ab43d6bb410VgnVCM100000171f5a0aRCRD&vgnextoid=fb43ef80813bc910VgnVCM200000f921e388RCRD";"CABALLERO DE LA TRISTE FIGURA";"CALLE";"V";"6";"";"";"";"";"MADRID";"MADRID";"28034";"6";"VALVERDE";"8";"FUENCARRAL-EL PARDO";"441245";"4483541";"40.50356195702386";"-3.6903246842355535";"";"";"";"/contenido/entidadesYorganismos/CentrosEspaciosDeporte/PistaVoleibol"
4547468;"Instalación Deportiva Municipal Básica Tres Olivos II";"";"";"Campo de rugby de césped artificial  Acceso controlado.";"Metro: Tres Olivos (línea 10).";"";"0";"http://www.madrid.es/sites/v/index.jsp?vgnextchannel=bfa48ab43d6bb410VgnVCM100000171f5a0aRCRD&vgnextoid=889615a3f1391110VgnVCM2000000c205a0aRCRD";"CAMPO DE CALATRAVA";"AVENIDA";"V";"3";"";"";"";"";"MADRID";"MADRID";"28034";"6";"VALVERDE";"8";"FUENCARRAL-EL PARDO";"441245";"4483541";"40.500490781292115";"-3.6934087819699295";"";"";"";"/contenido/entidadesYorganismos/CentrosEspaciosDeporte/InstalacionesDeportivasBasicas"
4669172;"Instalación Deportiva Municipal Básica Tribaldos I";"";"";"2 pistas de baloncesto  Acceso libre.";"Metro: Mar de Cristal (líneas 4 y 8).";"";"2";"http://www.madrid.es/sites/v/index.jsp?vgnextchannel=bfa48ab43d6bb410VgnVCM100000171f5a0aRCRD&vgnextoid=591a16c6b58b5110VgnVCM1000000b205a0aRCRD";"TRIBALDOS";"CALLE";"V";"39";"";"";"";"";"MADRID";"MADRID";"28043";"3";"CANILLAS";"16";"HORTALEZA";"445787";"4479794";"40.46706170530566";"-3.6394831969012325";"";"";"";"/contenido/entidadesYorganismos/CentrosEspaciosDeporte/InstalacionesDeportivasBasicas"
4541945;"Instalación Deportiva Municipal Básica Tribaldos II";"";"";"Pista de patinaje  Acceso libre.";"Metro: Mar de Cristal (líneas 4 y 8).";"";"2";"http://www.madrid.es/sites/v/index.jsp?vgnextchannel=bfa48ab43d6bb410VgnVCM100000171f5a0aRCRD&vgnextoid=01a39e32fe961110VgnVCM1000000b205a0aRCRD";"TRIBALDOS";"CALLE";"V";"34";"";"";"";"";"MADRID";"MADRID";"28043";"3";"CANILLAS";"16";"HORTALEZA";"446117";"4479865";"40.467706247348325";"-3.6356019707978606";"";"";"";"/contenido/entidadesYorganismos/CentrosEspaciosDeporte/PistasPatinaje"
4541972;"Instalación Deportiva Municipal Básica Trinquete";"";"";"Campo de fútbol 11 césped artificial  Acceso controlado.";"Metro: Hortaleza (línea 4).";"";"2";"http://www.madrid.es/sites/v/index.jsp?vgnextchannel=bfa48ab43d6bb410VgnVCM100000171f5a0aRCRD&vgnextoid=bd483eb1ff961110VgnVCM1000000b205a0aRCRD";"VELACHO BAJO";"CALLE";"V";"3";"";"";"";"";"MADRID";"MADRID";"28033";"5";"APOSTOL SANTIAGO";"16";"HORTALEZA";"444204";"4480418";"40.472578003657866";"-3.658209520963392";"";"";"";"/contenido/entidadesYorganismos/CentrosEspaciosDeporte/CamposEstadiosFutbol"
50261543;"Instalación Deportiva Municipal Básica Trombones";"";"";"Pista de softball Ground golf  Acceso controlado.";"Consulta los siguientes enlaces.";"";"0";"http://www.madrid.es/sites/v/index.jsp?vgnextchannel=bfa48ab43d6bb410VgnVCM100000171f5a0aRCRD&vgnextoid=65c172a7fca0d910VgnVCM100000891ecb1aRCRD";"TROMBONES";"CALLE";"V";"1";"";"";"";"";"MADRID";"MADRID";"28054";"6";"CUATRO VIENTOS";"10";"LATINA";"435139";"4469155";"40.370138926995395";"-3.7630431414128496";"";"";"";"/contenido/entidadesYorganismos/CentrosEspaciosDeporte/CamposGolf"
4642633;"Instalación Deportiva Municipal Básica UVA Pan Bendito";"";"";"2 pistas mini baloncesto Pista de fútbol sala  Acceso libre.";"Metro: Pan Bendito (línea 11).";"";"0";"http://www.madrid.es/sites/v/index.jsp?vgnextchannel=bfa48ab43d6bb410VgnVCM100000171f5a0aRCRD&vgnextoid=627268171cef4110VgnVCM1000000b205a0aRCRD";"ALLOZ";"PLAZA";"V";"4";"";"";"";"";"MADRID";"MADRID";"28025";"5";"PUERTA BONITA";"11";"CARABANCHEL";"437399";"4469758";"40.37606252542236";"-3.737435720171612";"";"";"";"/contenido/entidadesYorganismos/CentrosEspaciosDeporte/PistaFutbolSala"
4539815;"Instalación Deportiva Municipal Básica UVA de Vallecas";"";"";"Unidades deportivas cubiertas:  Pista de minibaloncesto Pista polideportiva cubierta  Acceso libre.";"Metro: Villa de Vallecas (línea 1).";"";"2";"http://www.madrid.es/sites/v/index.jsp?vgnextchannel=bfa48ab43d6bb410VgnVCM100000171f5a0aRCRD&vgnextoid=c4fa3b9c7c451110VgnVCM1000000b205a0aRCRD";"MONTE DE MONTJUICH";"CALLE";"V";"9";"";"";"";"";"MADRID";"MADRID";"28031";"2";"SANTA EUGENIA";"18";"VILLA DE VALLECAS";"447728";"4470179";"40.380551636449354";"-3.6158152393748777";"";"";"";"/contenido/entidadesYorganismos/CentrosEspaciosDeporte/InstalacionesDeportivasBasicas"
6309976;"Instalación Deportiva Municipal Básica Urbanización Arroyo del Santo";"";"";"Pista polideportiva Pista baloncesto  Acceso libre.";"Consulta los siguientes enlaces.";"";"0";"http://www.madrid.es/sites/v/index.jsp?vgnextchannel=bfa48ab43d6bb410VgnVCM100000171f5a0aRCRD&vgnextoid=a223e08340d35310VgnVCM2000000c205a0aRCRD";"PRUNOS";"AVENIDA";"V";"100";"";"";"";"";"MADRID";"MADRID";"28042";"1";"PALOMAS";"16";"HORTALEZA";"447600";"4478339";"40.454070707473555";"-3.6179726170504694";"";"";"";"/contenido/entidadesYorganismos/CentrosEspaciosDeporte/InstalacionesDeportivasBasicas"
12030071;"Instalación Deportiva Municipal Básica Valdebebas";"";"";"2 pistas polideportivas Rocódromo  Acceso libre.";"Metro: Mar de Cristal (líneas 4 y 8).  Cercanías: Valdebebas (línea C1).";"";"2";"http://www.madrid.es/sites/v/index.jsp?vgnextchannel=bfa48ab43d6bb410VgnVCM100000171f5a0aRCRD&vgnextoid=92a34c60dca88810VgnVCM2000001f4a900aRCRD";"JOSE ANTONIO FERNANDEZ ORDOÑEZ";"CALLE";"V";"25";"";"";"";"";"MADRID";"MADRID";"28055";"6";"VALDEFUENTES";"16";"HORTALEZA";"448361";"4482496";"40.491562982872125";"-3.609344241196309";"";"";"";"/contenido/entidadesYorganismos/CentrosEspaciosDeporte/InstalacionesDeportivasBasicas"
50220184;"Instalación Deportiva Municipal Básica Valdebebas Sur";"";"";"Pista polideportiva  Acceso libre.";"Metro: Barajas (línea 8).";"";"1";"http://www.madrid.es/sites/v/index.jsp?vgnextchannel=bfa48ab43d6bb410VgnVCM100000171f5a0aRCRD&vgnextoid=379c8edc1914c910VgnVCM200000f921e388RCRD";"ANIBAL GONZALEZ";"GLORIETA";"V";"";"";"";"";"";"MADRID";"MADRID";"28042";"1";"ALAMEDA DE OSUNA";"21";"BARAJAS";"449179";"4478356";"40.48146551632614";"-3.6058572551547607";"";"";"";"/contenido/entidadesYorganismos/CentrosEspaciosDeporte/InstalacionesDeportivasBasicas"
4527695;"Instalación Deportiva Municipal Básica Valdelasierra";"";"";"Pista polideportiva  Acceso libre.";"Consulta los siguientes enlaces.";"";"0";"http://www.madrid.es/sites/v/index.jsp?vgnextchannel=bfa48ab43d6bb410VgnVCM100000171f5a0aRCRD&vgnextoid=28ecd923c4df0110VgnVCM1000000b205a0aRCRD";"VALDELASIERRA";"CALLE";"V";"7";"";"";"";"";"MADRID";"MADRID";"28005";"2";"ACACIAS";"2";"ARGANZUELA";"440105";"4472163";"40.39791145116776";"-3.7058004250760788";"";"";"";"/contenido/entidadesYorganismos/CentrosEspaciosDeporte/InstalacionesDeportivasBasicas"
4541401;"Instalación Deportiva Municipal Básica Valderribas";"";"";"Pista de baloncesto  Acceso libre.";"Metro: Puerta de Arganda (línea 9).  Renfe: Vicálvaro (líneas C2, C7 y C8).";"";"0";"http://www.madrid.es/sites/v/index.jsp?vgnextchannel=bfa48ab43d6bb410VgnVCM100000171f5a0aRCRD&vgnextoid=31663e25c8a51110VgnVCM1000000b205a0aRCRD";"GRAN VIA DEL ESTE";"AVENIDA";"V";"14";"";"";"";"";"MADRID";"MADRID";"28032";"1";"CASCO H.VICALVARO";"19";"VICALVARO";"449261";"4472465";"40.401249355834835";"-3.5979267062108393";"";"";"";"/contenido/entidadesYorganismos/CentrosEspaciosDeporte/InstalacionesDeportivasBasicas"
4528554;"Instalación Deportiva Municipal Básica Valderromán";"";"";"Pista de baloncesto Pista de fútbol sala  Acceso libre.";"Metro: Antonio Machado (línea 7).";"";"0";"http://www.madrid.es/sites/v/index.jsp?vgnextchannel=bfa48ab43d6bb410VgnVCM100000171f5a0aRCRD&vgnextoid=433a7dff2c201110VgnVCM1000000b205a0aRCRD";"VALDERROMAN";"CALLE";"V";"22";"";"";"";"CUBIERTA DEL P.A.R.";"MADRID";"MADRID";"28035";"4";"VALDEZARZA";"9";"MONCLOA-ARAVACA";"438815";"4480266";"40.470812884486634";"-3.7217686807231587";"";"";"";"/contenido/entidadesYorganismos/CentrosEspaciosDeporte/PistaFutbolSala"
4542740;"Instalación Deportiva Municipal Básica Valdetorres";"";"";"Pista polideportiva  Acceso libre.";"Metro: Mar de Cristal (líneas 4 y 8).";"";"2";"http://www.madrid.es/sites/v/index.jsp?vgnextchannel=bfa48ab43d6bb410VgnVCM100000171f5a0aRCRD&vgnextoid=48cb553e30f61110VgnVCM1000000b205a0aRCRD";"ESTRECHO DE ORMUZ";"CALLE";"V";"8";"";"";"";"";"MADRID";"MADRID";"28033";"4";"PINAR DEL REY";"16";"HORTALEZA";"445472";"4480209";"40.47077638585165";"-3.643232300875178";"";"";"";"/contenido/entidadesYorganismos/CentrosEspaciosDeporte/InstalacionesDeportivasBasicas"
4547454;"Instalación Deportiva Municipal Básica Valdeyeros";"";"";"Campo de fútbol 11 de césped artificial Campo de fútbol 7 de césped artificial Pista polideportiva  Acceso controlado.";"Consulta los siguientes enlaces.";"";"0";"http://www.madrid.es/sites/v/index.jsp?vgnextchannel=bfa48ab43d6bb410VgnVCM100000171f5a0aRCRD&vgnextoid=372b15a3f1391110VgnVCM2000000c205a0aRCRD";"ROSALIA DE CASTRO";"CALLE";"V";"77";"";"";"";"";"MADRID";"MADRID";"28035";"3";"PEÑA GRANDE";"8";"FUENCARRAL-EL PARDO";"438071";"4481722";"40.483873867477364";"-3.7306867873299594";"";"";"";"/contenido/entidadesYorganismos/CentrosEspaciosDeporte/CamposEstadiosFutbol"
4564299;"Instalación Deportiva Municipal Básica Valle Inclán";"";"";"Pista de fútbol sala Pista de patinaje  Acceso libre.";"Consulta los siguientes enlaces.";"";"0";"http://www.madrid.es/sites/v/index.jsp?vgnextchannel=bfa48ab43d6bb410VgnVCM100000171f5a0aRCRD&vgnextoid=789cd59375322110VgnVCM1000000b205a0aRCRD";"VALLE INCLAN";"CALLE";"V";"68";"";"";"";"";"MADRID";"MADRID";"28044";"7";"LAS AGUILAS";"10";"LATINA";"434154";"4469794";"40.376137828296976";"-3.7756517969720798";"";"";"";"/contenido/entidadesYorganismos/CentrosEspaciosDeporte/PistasPatinaje"
4547326;"Instalación Deportiva Municipal Básica Vereda de Ganapanes";"";"";"2 campos de fútbol 11 de césped artificial Campo de minipitch de césped artificial Pista de fútbol sala de césped artificial 2 tenis de mesa  Acceso controlado.";"Metro: Antonio Machado (línea 7).";"";"0";"http://www.madrid.es/sites/v/index.jsp?vgnextchannel=bfa48ab43d6bb410VgnVCM100000171f5a0aRCRD&vgnextoid=1ac236f24b291110VgnVCM2000000c205a0aRCRD";"BECERREA";"CALLE";"V";"4";"";"";"";"";"MADRID";"MADRID";"28029";"4";"EL PILAR";"8";"FUENCARRAL-EL PARDO";"439555";"4480316";"40.471317409058955";"-3.7130564782441233";"";"";"";"/contenido/entidadesYorganismos/CentrosEspaciosDeporte/CamposEstadiosFutbol"
4544562;"Instalación Deportiva Municipal Básica Victoria Hernández";"";"Horarios:   De lunes a vienes, de 9 a 14 horas y de 16 a 23:30 horas. Fines de semana y festivos, de 8:30 a 23 horas.";"Campo de fútbol 7 césped artificial Pista polideportiva 3 pistas de tenis 2 tenis mesa 2 pistas de pádel  Acceso controlado.";"Metro: Ciudad de los Ángeles (línea 3).";"Consulta más información de la instalación en el siguiente enlace";"0";"http://www.madrid.es/sites/v/index.jsp?vgnextchannel=bfa48ab43d6bb410VgnVCM100000171f5a0aRCRD&vgnextoid=e9375cb6b2971110VgnVCM1000000b205a0aRCRD";"CONSENSO";"CALLE";"V";"5";"";"";"";"";"MADRID";"MADRID";"28041";"4";"LOS ROSALES";"17";"VILLAVERDE";"441734";"4468008";"40.36060552171134";"-3.686214416479886";"659 251 077";"";"info@polideportivovictoriahernandez.es";"/contenido/entidadesYorganismos/CentrosEspaciosDeporte/CamposEstadiosFutbol"
4668039;"Instalación Deportiva Municipal Básica Villa de Pons - Avenida de San Luis";"";"";"Pista de baloncesto cubierta 2 tenis de mesa  Acceso libre.";"Metro: Hortaleza (línea 4).";"";"2";"http://www.madrid.es/sites/v/index.jsp?vgnextchannel=bfa48ab43d6bb410VgnVCM100000171f5a0aRCRD&vgnextoid=11609b5eec2b5110VgnVCM1000000b205a0aRCRD";"SAN LUIS";"AVENIDA";"V";"23";"";"";"";"";"MADRID";"MADRID";"28033";"4";"PINAR DEL REY";"16";"HORTALEZA";"444436";"4480282";"40.47136038521955";"-3.6554609574613073";"";"";"";"/contenido/entidadesYorganismos/CentrosEspaciosDeporte/InstalacionesDeportivasBasicas"
4556651;"Instalación Deportiva Municipal Básica Villabona";"";"";"Pista polideportiva  Acceso libre.";"Consulta los siguientes enlaces.";"";"2";"http://www.madrid.es/sites/v/index.jsp?vgnextchannel=bfa48ab43d6bb410VgnVCM100000171f5a0aRCRD&vgnextoid=53422414d35e1110VgnVCM1000000b205a0aRCRD";"VILLABONA";"CALLE";"V";"4";"";"";"";"";"MADRID";"MADRID";"28041";"1";"ORCASITAS";"12";"USERA";"439333";"4468942";"40.36884826418275";"-3.7145784474448007";"";"";"";"/contenido/entidadesYorganismos/CentrosEspaciosDeporte/InstalacionesDeportivasBasicas"
4544577;"Instalación Deportiva Municipal Básica Villalonso";"";"";"Pista de fútbol sala  Acceso libre.";"Renfe: Puente Alcocer (línea C5).";"";"0";"http://www.madrid.es/sites/v/index.jsp?vgnextchannel=bfa48ab43d6bb410VgnVCM100000171f5a0aRCRD&vgnextoid=6a31cc28c3971110VgnVCM1000000b205a0aRCRD";"VILLALONSO";"CALLE";"V";"8";"";"";"";"";"MADRID";"MADRID";"28021";"";"SAN ANDRES";"";"VILLAVERDE";"439876";"4466806";"40.34963625511252";"-3.7079934408457023";"";"";"";"/contenido/entidadesYorganismos/CentrosEspaciosDeporte/PistaFutbolSala"
4528593;"Instalación Deportiva Municipal Básica Virgen de la Estrella";"";"";"Pista de baloncesto  Acceso libre.";"Metro: Conde de Casal (línea 6).";"";"0";"http://www.madrid.es/sites/v/index.jsp?vgnextchannel=bfa48ab43d6bb410VgnVCM100000171f5a0aRCRD&vgnextoid=d6a360206d201110VgnVCM1000000b205a0aRCRD";"VIRGEN DE LA ESTRELLA";"PLAZUELA";"V";"1";"";"";"";"";"MADRID";"MADRID";"28007";"3";"ESTRELLA";"3";"RETIRO";"443310";"4473319";"40.408549764339305";"-3.668127133397626";"";"";"";"/contenido/entidadesYorganismos/CentrosEspaciosDeporte/InstalacionesDeportivasBasicas"
4544631;"Instalación Deportiva Municipal Básica Virgen de los Remedios - P.A.R. Antonio López";"";"";"Pista de baloncesto Pista de fútbol sala  Acceso controlado.";"Metro: Marqués de Vadillo (línea 5).";"";"0";"http://www.madrid.es/sites/v/index.jsp?vgnextchannel=bfa48ab43d6bb410VgnVCM100000171f5a0aRCRD&vgnextoid=647b204ea5971110VgnVCM1000000b205a0aRCRD";"ANTONIO LOPEZ";"CALLE";"V";"19";"";"";"";"CUBIERTA DE P.A.R.";"MADRID";"MADRID";"28019";"1";"COMILLAS";"11";"CARABANCHEL";"439465";"4472039";"40.39675778108713";"-3.7133155438748937";"";"";"";"/contenido/entidadesYorganismos/CentrosEspaciosDeporte/PistaFutbolSala"
4542820;"Instalación Deportiva Municipal Básica Virgen del Cortijo - A.D. Oña Sanchinarro";"";"";"Campo de fútbol 11 césped artificial  Acceso controlado.";"Consulta los siguientes enlaces.";"";"2";"http://www.madrid.es/sites/v/index.jsp?vgnextchannel=bfa48ab43d6bb410VgnVCM100000171f5a0aRCRD&vgnextoid=4e713da191f61110VgnVCM1000000b205a0aRCRD";"FRANCISCO PI Y MARGALL";"AVENIDA";"V";"77";"";"";"";"";"MADRID";"MADRID";"28050";"6";"VALDEFUENTES";"16";"HORTALEZA";"444078";"4482425";"40.49064119231097";"-3.659875125066339";"";"";"";"/contenido/entidadesYorganismos/CentrosEspaciosDeporte/CamposEstadiosFutbol"
4549174;"Instalación Deportiva Municipal Básica Vital Aza";"";"";"1 pista de minibaloncesto  Acceso libre.";"Metro: Ascao (línea 7), Quintana (línea 5).";"";"0";"http://www.madrid.es/sites/v/index.jsp?vgnextchannel=bfa48ab43d6bb410VgnVCM100000171f5a0aRCRD&vgnextoid=9edd9c02f6d91110VgnVCM1000000b205a0aRCRD";"VITAL AZA";"CALLE";"V";"10";"";"";"";"C/V EZEQUIEL SOLANA. CUBIERTA P.A.R.";"MADRID";"MADRID";"28017";"2";"PUEBLO NUEVO";"15";"CIUDAD LINEAL";"445315";"4475771";"40.43078332610559";"-3.644704265233669";"";"";"";"/contenido/entidadesYorganismos/CentrosEspaciosDeporte/InstalacionesDeportivasBasicas"
50266492;"Instalación Deportiva Municipal Básica Vivero de la Pilarica";"";"";"3 pistas polideportivas  Acceso libre.";"Metro: Vicálvaro (línea 9).";"";"0";"http://www.madrid.es/sites/v/index.jsp?vgnextchannel=bfa48ab43d6bb410VgnVCM100000171f5a0aRCRD&vgnextoid=b8f37ec22b92d910VgnVCM100000891ecb1aRCRD";"VIVERO DE LA PILARICA";"CALLE";"V";"3";"";"";"";"";"MADRID";"MADRID";"28032";"1";"CASCO H.VICALVARO";"19";"VICALVARO";"448865";"4473579";"40.41121744174593";"-3.6122735467207288";"";"";"";"/contenido/entidadesYorganismos/CentrosEspaciosDeporte/InstalacionesDeportivasBasicas"
50256516;"Instalación Deportiva Municipal Básica Voleibol Parque Sur";"";"";"Pista de voleibol  Acceso libre.";"Metro: Abrantes (línea 11).";"";"0";"http://www.madrid.es/sites/v/index.jsp?vgnextchannel=bfa48ab43d6bb410VgnVCM100000171f5a0aRCRD&vgnextoid=a24fd3d1e27ec910VgnVCM100000891ecb1aRCRD";"VIA LUSITANA";"CALLE";"V";"";"";"";"";"PARQUE SUR";"MADRID";"MADRID";"28025";"7";"ABRANTES";"11";"CARABANCHEL";"438832";"4470553";"40.383324557147205";"-3.720633039981772";"";"";"";"/contenido/entidadesYorganismos/CentrosEspaciosDeporte/PistaVoleibol"
4545662;"Instalación Deportiva Municipal Básica Vía Lusitana";"";"";"4 pistas de bolos y petanca 2 campos de fútbol 11 césped artificial Pista hockey patines Pista fútbol sala  Acceso libre.";"Metro: Abrantes , Pan Bendito (línea 11).";"";"0";"http://www.madrid.es/sites/v/index.jsp?vgnextchannel=bfa48ab43d6bb410VgnVCM100000171f5a0aRCRD&vgnextoid=2389d2c08ae71110VgnVCM1000000b205a0aRCRD";"VIA LUSITANA";"CALLE";"V";"19";"";"";"";"PARQUE SUR";"MADRID";"MADRID";"28025";"7";"ABRANTES";"11";"CARABANCHEL";"438143";"4469914";"40.37751706497499";"-3.7286883543217897";"";"";"";"/contenido/entidadesYorganismos/CentrosEspaciosDeporte/CamposEstadiosFutbol"
5567439;"Instalación Deportiva Municipal Básica Yesero";"";"";"Pista polideportiva Rocódromo  Acceso libre.";"Renfe: Vallecas (líneas C2, C7 y C8).";"";"0";"http://www.madrid.es/sites/v/index.jsp?vgnextchannel=bfa48ab43d6bb410VgnVCM100000171f5a0aRCRD&vgnextoid=274995356cd96210VgnVCM2000000c205a0aRCRD";"EL YESERO";"CALLE";"V";"1";"";"";"";"";"MADRID";"MADRID";"28031";"4";"PALOMERAS SURESTE";"13";"PUENTE DE VALLECAS";"446537";"4470280";"40.38140237449108";"-3.6298348671059406";"";"";"";"/contenido/entidadesYorganismos/CentrosEspaciosDeporte/InstalacionesDeportivasBasicas"
4527222;"Instalación Deportiva Municipal Básica Yeserías";"";"";"Pista de frontón corto Pista de chito  Acceso libre.";"Metro: Pirámides (línea 5).  Renfe: Pirámides (líneas C1 y C10).";"";"0";"http://www.madrid.es/sites/v/index.jsp?vgnextchannel=bfa48ab43d6bb410VgnVCM100000171f5a0aRCRD&vgnextoid=4ece124827ee0110VgnVCM1000000b205a0aRCRD";"YESERIAS";"PASEO";"V";"1";"";"";"";"";"MADRID";"MADRID";"28005";"2";"ACACIAS";"2";"ARGANZUELA";"439519";"4472465";"40.40060409154897";"-3.712719914790534";"";"";"";"/contenido/entidadesYorganismos/CentrosEspaciosDeporte/PistaBolosPetancaCalvaChito"
4539144;"Instalación Deportiva Municipal Básica Zazuar";"";"";"Pista de baloncesto  Acceso libre.";"Renfe: Santa Eugenia (línea C2, C7 y C8).";"";"2";"http://www.madrid.es/sites/v/index.jsp?vgnextchannel=bfa48ab43d6bb410VgnVCM100000171f5a0aRCRD&vgnextoid=8bd14584cff41110VgnVCM1000000b205a0aRCRD";"ZAZUAR";"CALLE";"V";"1";"";"";"";"";"MADRID";"MADRID";"28031";"2";"SANTA EUGENIA";"18";"VILLA DE VALLECAS";"448609";"4470397";"40.38257934400676";"-3.6054546139177392";"";"";"";"/contenido/entidadesYorganismos/CentrosEspaciosDeporte/InstalacionesDeportivasBasicas"
12027441;"Instalación Deportiva Municipal Básica Zofio";"";"";"Campo fútbol 11 césped artificial  Acceso controlado.";"Metro: Plaza Elíptica (línea 6 y 11).";"";"2";"http://www.madrid.es/sites/v/index.jsp?vgnextchannel=bfa48ab43d6bb410VgnVCM100000171f5a0aRCRD&vgnextoid=321dadfed8678810VgnVCM1000001d4a900aRCRD";"RICARDO BELTRAN Y ROZPIDE";"CALLE";"V";"12";"";"";"";"";"MADRID";"MADRID";"28026";"6";"ZOFIO";"12";"USERA";"439065";"4470266";"40.380759821416405";"-3.7178564539558754";"";"";"";"/contenido/entidadesYorganismos/CentrosEspaciosDeporte/CamposEstadiosFutbol"
4564065;"Instalación Deportiva Municipal Básica Óscar y Jesús";"";"";"Campo de fútbol 11 césped artificial Pista polideportiva Tenis de mesa  Acceso controlado.";"Consulta los siguientes enlaces.";"";"0";"http://www.madrid.es/sites/v/index.jsp?vgnextchannel=bfa48ab43d6bb410VgnVCM100000171f5a0aRCRD&vgnextoid=98bb53a201322110VgnVCM1000000b205a0aRCRD";"SOLEDAD CAZORLA";"CALLE";"V";"24";"";"";"";"";"MADRID";"MADRID";"28044";"7";"LAS AGUILAS";"10";"LATINA";"434603";"4469663";"40.37498855527891";"-3.770352737745443";"";"";"";"/contenido/entidadesYorganismos/CentrosEspaciosDeporte/CamposEstadiosFutbol"
