PK;NOMBRE;DESCRIPCION-ENTIDAD;HORARIO;EQUIPAMIENTO;TRANSPORTE;DESCRIPCION;ACCESIBILIDAD;CONTENT-URL;NOMBRE-VIA;CLASE-VIAL;TIPO-NUM;NUM;PLANTA;PUERTA;ESCALERAS;ORIENTACION;LOCALIDAD;PROVINCIA;CODIGO-POSTAL;COD-BARRIO;BARRIO;COD-DISTRITO;DISTRITO;COORDENADA-X;COORDENADA-Y;LATITUD;LONGITUD;TELEFONO;FAX;EMAIL;TIPO
10183549;"Centro Deportivo Municipal Alcántara";"";"Horario de uso de las instalaciones deportivas  Para saber el horario de apertura de las distintas instalaciones del centro deportivo, les rogamos lo consulten con el propio centro.  Horario de taquilla   De lunes a viernes: de 7 a 23 horas.   Sábados: de 9 a 20 horas. Domingos y festivos: de 9 a 15 horas.   Cierre completo del centro   Los  días 1 de enero, 1 de mayo y 25 de diciembre.";"Clases y escuelas deportivas    Pre-infantiles: matronatación.  Escuelas infantiles: bailes, defensa personal y natación.  Jóvenes y personas adultas: natación.  Mayores de 65 años: natación.  Personas con discapacidad: natación.   Equipamientos     Superficie total de las instalaciones: 3.725 metros cuadrados.   Unidades deportivas cubiertas: piscina (vaso de 25 metros y vaso de enseñanza), sala ciclo, 5 salas multiusos, sauna y spa.   Unidades deportivas al aire libre:  piscina recreo.    Acceso controlado.";"Metro: Lista (línea 4), Manuel Becerra (líneas 2 y 6).  Bicicletas:  El centro dispone de aparca bicicletas exterior con capacidad para 12 bicicletas.  Servicio Bicimad, para consultar la estación más cercana, acceda al mapa de geolocalización de las estaciones.";"";"1";"http://www.madrid.es/sites/v/index.jsp?vgnextchannel=bfa48ab43d6bb410VgnVCM100000171f5a0aRCRD&vgnextoid=a949235892f28510VgnVCM1000001d4a900aRCRD";"ALCANTARA";"CALLE";"V";"26";"";"";"";"";"MADRID";"MADRID";"28006";"2";"GOYA";"4";"SALAMANCA";"442851";"4475492";"40.42810291538114";"-3.6737317205040503";"917 373 641";"";"alcantara@viding.es";"/contenido/entidadesYorganismos/CentrosEspaciosDeporte/Sauna"
114782;"Centro Deportivo Municipal Alfredo Goyeneche";"";"Horario de uso de las instalaciones deportivas  Para saber el horario de apertura de las distintas instalaciones del centro deportivo, les rogamos lo consulten con el propio centro.    Horario de taquilla   De lunes a viernes: de 9 a 21 horas Sábados y domingos: de 9 a 13:30 horas Festivos: cerrado    Cierre completo del centro  Los fines de semana por la tarde, festivos, semana santa, fines de semana del mes de julio, mes de agosto, y los días 24, 25 y 31 de diciembre, 1 de enero y 1 de mayo.";"Clases y escuelas deportivas    Estas son las modalidades deportivas que se ofrecen en los Centros Deportivos Municipales. Dichas modalidades pueden sufrir modificaciones a lo largo del curso. Le rogamos que consulte con su Centro Deportivo Municipal para confirmar si se ha producido algún cambio.   Equipamientos    Superficie total de las instalaciones: 13.505 metros cuadrados.  Unidades deportivas cubiertas: piscina cubierta (vaso de 25 m y vaso de enseñanza), pabellón, 2 salas multiusos y sala musculación.  Unidades deportivas al aire libre: parque de calistenia, 5 pistas de pádel y 2 pistas de tenis.  Ayudas técnicas para la accesibilidad: 1 ascensor, 1 plataforma y 1 grúa de piscina.  Columna de rescate cardíaco.   Acceso controlado.";"Renfe: Aravaca (líneas C7 y C10).  Bicicleta: El centro dispone de aparca bicicletas exterior con capacidad para 5 bicicletas.";"";"1";"http://www.madrid.es/sites/v/index.jsp?vgnextchannel=bfa48ab43d6bb410VgnVCM100000171f5a0aRCRD&vgnextoid=789fe8ae8d81c010VgnVCM1000000b205a0aRCRD";"ARROYO DE POZUELO";"CALLE";"V";"99";"";"";"";"";"MADRID";"MADRID";"28023";"7";"ARAVACA";"9";"MONCLOA-ARAVACA";"433581";"4478234";"40.45212135012858";"-3.783283203719198";"913 571 228";"";"idmagoyeneche@madrid.es";"/contenido/entidadesYorganismos/CentrosEspaciosDeporte/PistasTenisBadminton"
4696;"Centro Deportivo Municipal Aluche";"";"Horario de uso de las instalaciones deportivas Para saber el horario de apertura de las distintas instalaciones del centro deportivo, les rogamos lo consulten con el propio centro.  Horario de taquilla   De lunes a domingos y festivos de 8:30 a 20:30 horas.   Cierre completo del centro    Días 24, 25 y 31 de diciembre, 1 de enero y 1 de mayo.";"Clases y escuelas deportivas   Estas son las modalidades deportivas que se ofrecen en los Centros Deportivos Municipales. Dichas modalidades pueden sufrir modificaciones a lo largo del curso. Le rogamos que consulte con su Centro Deportivo Municipal para confirmar si se ha producido algún cambio.   Equipamientos    Superficie total de las instalaciones:  13.960 metros cuadrados  Unidades deportivas cubiertas: pabellón, piscina (vaso de 50 metros y vaso de 25 metros), sala de artes marciales, salas multiusos, sala de musculación y 2 saunas.  Unidades deportivas al aire libre: 2 frontones cortos, campo de fútbol de césped artificial, circuito de seguridad vial, piscina (vaso de gemelas y vaso infantil), pista de atletismo, pista de baloncesto, pista de hockey patines cubierta, 6 pistas de fútbol sala, 4 pistas de pádel, pista de patinaje cubierta, pista de patinódromo, pista polideportiva, 9 pistas de tenis, 2 pistas de voley playa, 10 tenis de mesa y Cubo Gym.  Servicio de medicina deportiva: Acondicionamiento cardiovascular, reconocimientos médicos para deportistas.  Ayudas técnicas para la accesibilidad: 1 grúa de piscina.   Oficina de promoción deportiva: responsable de la coordinación de Juegos deportivos municipales, torneos y circuitos municipales, copas de primavera, información en las escuelas de promoción deportiva.   Columna de rescate cardíaco.   Acceso controlado.";"Metro: Aluche (línea 5).  Cercanías Renfe: Maestra Justa Freire - Polideportivo Aluche (línea C5).   Bicicletas: el centro dispone de aparca bicicletas exterior  con capacidad para 6 bicicletas.";"";"1";"http://www.madrid.es/sites/v/index.jsp?vgnextchannel=bfa48ab43d6bb410VgnVCM100000171f5a0aRCRD&vgnextoid=4506b0c40971c010VgnVCM1000000b205a0aRCRD";"DE LAS AGUILAS";"AVENIDA";"V";"14";"";"";"";"";"MADRID";"MADRID";"28044";"7";"LAS AGUILAS";"10";"LATINA";"434332";"4470525";"40.382720517194784";"-3.773653600881568";"917 062 868";"";"idmaluche@madrid.es";"/contenido/entidadesYorganismos/CentrosEspaciosDeporte/TenisMesa"
4678;"Centro Deportivo Municipal Ángel Nieto";"";"Horario de uso de las instalaciones deportivas  Para saber el horario de apertura de las distintas instalaciones del centro deportivo, les rogamos lo consulten con el propio centro.  Horario de taquilla   De lunes a viernes, de 8:30 a 20:45 horas. Sábados, domingos y festivos cerrado.   Cierre completo del centro   El mes de agosto y los días 24, 25 y 31 de diciembre, 1 de enero y 1 de mayo.";"Clases y escuelas deportivas   Estas son las modalidades deportivas que se ofrecen en los Centros Deportivos Municipales. Dichas modalidades pueden sufrir modificaciones a lo largo del curso. Le rogamos que consulte con su Centro Deportivo Municipal para confirmar si se ha producido algún cambio.   Equipamientos    Superficie total de las instalaciones: 1.565 metros cuadrados.  Unidades deportivas cubiertas: piscina cubierta (vaso de 25 m y vaso de enseñanza), pabellón, 2 salas multiusos, sala de musculación y 4 pistas de squash.  Ayuda técnica para la accesibilidad: 1 grúa de piscina.  Columna de rescate cardíaco.   Acceso controlado.";"Metro: Portazgo (línea 1).  Bicicleta:  el centro dispone de  aparca bicicletas exterior  con capacidad para 4 bicicletas.   Servicio Bicimad , para consultar la estación más cercana, acceda al  mapa de geolocalización de las estaciones .";"";"1";"http://www.madrid.es/sites/v/index.jsp?vgnextchannel=bfa48ab43d6bb410VgnVCM100000171f5a0aRCRD&vgnextoid=fb1b42be9971c010VgnVCM1000000b205a0aRCRD";"PAYASO FOFO";"CALLE";"V";"7";"";"";"";"";"MADRID";"MADRID";"28018";"3";"PALOMERAS BAJAS";"13";"PUENTE DE VALLECAS";"443998";"4471417";"40.39146194707861";"-3.6598636029775866";"914 781 492";"";"idmpvallecas@madrid.es";"/contenido/entidadesYorganismos/CentrosEspaciosDeporte/PistasSquash"
4624404;"Centro Deportivo Municipal Antonio Díaz Miguel";"";"Horario de uso de las instalaciones deportivas   Para saber el horario de apertura de las distintas instalaciones del centro deportivo, les rogamos lo consulten con el propio centro.  Horario de taquilla   De lunes a viernes: de 7 a 14:30 y de 15:30 a 22 horas. Sábados: de 9 a 14 y de 15  a 19 horas. Domingos y festivos: 9 a 14 horas.   Cierre completo del centro  Días 24, 25 y 31 de diciembre, 1 de enero y 1 de mayo.";"Clases y escuelas deportivas   Estas son las modalidades deportivas que se ofrecen en los Centros Deportivos Municipales. Dichas modalidades pueden sufrir modificaciones a lo largo del curso. Le rogamos que consulte con su Centro Deportivo Municipal para confirmar si se ha producido algún cambio.   Equipamientos    Superficie: 8.455,41 metros cuadrados  Unidades deportivas cubiertas: piscina cubierta (vaso de 25 m y vaso de enseñanza), pabellón, sala ciclo, 3 salas multiusos y sala de musculación.  Accesibilidad: instalación adaptada con 2 ascensores y 1 grúa de piscina  Acceso controlado.";"Metro: Ventilla (línea 9).";"";"1";"http://www.madrid.es/sites/v/index.jsp?vgnextchannel=bfa48ab43d6bb410VgnVCM100000171f5a0aRCRD&vgnextoid=c90342b9fda34110VgnVCM1000000b205a0aRCRD";"JOAQUIN DICENTA";"CALLE";"V";"1";"";"";"";"";"MADRID";"MADRID";"28029";"4";"ALMENARA";"6";"TETUAN";"441058";"4480296";"40.471254265861454";"-3.6953256978963807";"913 145 437";"";"idmadm@madrid.es";"/contenido/entidadesYorganismos/CentrosEspaciosDeporte/SalaCiclo"
99578;"Centro Deportivo Municipal Barajas";"";"Horario de uso de las instalaciones deportivas  Para saber el horario de apertura de las distintas instalaciones del centro deportivo, les rogamos lo consulten con el propio centro.  Horario de taquilla   De lunes a viernes: mañanas de 8:30 a 9:45 y de 10:15 a 14:00 horas. Tardes de 15 a 19 y de 19:30 a 20:30 horas. Sábados, domingos: de 8:30 a 9:45 y de 10:15 a 14:15 horas.   Cierre completo del centro   Los días 24, 25 y 31 de diciembre, 1 de enero y 1 de mayo.";"Clases y escuelas deportivas   Estas son las modalidades deportivas que se ofrecen en los Centros Deportivos Municipales. Dichas modalidades pueden sufrir modificaciones a lo largo del curso. Le rogamos que consulte con su Centro Deportivo Municipal para confirmar si se ha producido algún cambio.   Equipamientos    Superficie: 17.346 metros cuadrados.   Unidades deportivas cubiertas: pabellón deportivo, piscina cubierta (vaso de 25 m y vaso de enseñanza), sala multiusos y sala de musculación.  Unidades deportivas al aire libre: Cubo Gym, pista de hockey patines cubierta, 4 pistas de pádel cubiertas, parque de calistenia y 4 pistas de tenis cubiertas.   Oficina de promoción deportiva: responsable de la coordinación de Juegos Deportivos Municipales, Torneos y Circuitos Municipales  y Copas de Primavera. Además, ofrece información sobre las Escuelas de Promoción Deportiva.   Ayudas técnicas para la accesibilidad: 1 ascensor y 1 grúa de piscina.   Columna de rescate cardíaco.   Acceso controlado.";"Metro: Barajas (línea 8), Alameda de Osuna (línea 5).  Bicicleta: el centro dispone de aparcabicicletas exterior con capacidad para 6 bicicletas.";"";"1";"http://www.madrid.es/sites/v/index.jsp?vgnextchannel=bfa48ab43d6bb410VgnVCM100000171f5a0aRCRD&vgnextoid=b86c79262ef5d010VgnVCM1000000b205a0aRCRD";"LOGROÑO";"AVENIDA";"NUM";"70";"";"";"";"";"MADRID";"MADRID";"28042";"1";"ALAMEDA DE OSUNA";"21";"BARAJAS";"450176";"4479315";"40.46301382809657";"-3.587693324074623";"913 290 602";"";"idmbarajas@madrid.es";"/contenido/entidadesYorganismos/CentrosEspaciosDeporte/PistasTenisBadminton"
4695;"Centro Deportivo Municipal Blanca Fernández Ochoa";"";"Horario de uso de las instalaciones deportivas  Para saber el horario de apertura de las distintas instalaciones del centro deportivo, les rogamos lo consulten con el propio centro.  Horario de taquilla de verano   De lunes a domingo, de 9 a 14 y de 14:15 a 20 h. La taquilla podrá cerrar de 10:15 a 10:45 y de 18 a 18:30 horas.   Horario de taquilla de invierno   De lunes a viernes: de 9 a 20 horas. Sábados, domingos y festivos: de 9 a 14:30 horas.   Cierre completo del centro   Días 24, 25 y 31 de diciembre, 1 de enero y 1 de mayo.";"Clases y escuelas deportivas   Estas son las modalidades deportivas que se ofrecen en los Centros Deportivos Municipales. Dichas modalidades pueden sufrir modificaciones a lo largo del curso. Le rogamos que consulte con su Centro Deportivo Municipal para confirmar si se ha producido algún cambio.   Equipamientos    Superficie total de las instalaciones: 33.295 metros cuadrados.  Unidades deportivas cubiertas: piscina cubierta (vaso de 25 m y vaso de enseñanza), pabellón, sala multiusos, sala de musculación y 4 pistas de squash.  Unidades deportivas al aire libre: piscina al aire libre (vaso de 50 m, vaso de recreo y vaso infantil), frontón corto, pista de fútbol sala, 2 pistas de pádel, pista polideportiva cubierta y Cubo Gym.   Oficina de promoción deportiva: juegos deportivos municipales, torneos y circuitos municipales, copas de primavera, información sobre escuelas de promoción deportiva.     Ayudas técnicas de la accesibilidad:  instalación adaptada, con grúa de piscina.     Columna de rescate cardíaco.    Acceso controlado.";"Metro: Carabanchel , Eugenia de Montijo (línea 5).  Bicicleta:  el centro dispone de  aparca bicicletas exterior  con capacidad para  4  bicicletas.   Servicio Bicimad , para consultar la estación más cercana, acceda al  mapa de geolocalización de las estaciones .";"";"1";"http://www.madrid.es/sites/v/index.jsp?vgnextchannel=bfa48ab43d6bb410VgnVCM100000171f5a0aRCRD&vgnextoid=930942be9971c010VgnVCM1000000b205a0aRCRD";"MONSEÑOR OSCAR ROMERO";"CALLE";"V";"41";"";"";"";"";"MADRID";"MADRID";"28025";"4";"VISTA ALEGRE";"11";"CARABANCHEL";"436639";"4470466";"40.38238220944523";"-3.746452142917399";"914 661 278                                                                     
914 661 732";"";"idmblancafo@madrid.es";"/contenido/entidadesYorganismos/CentrosEspaciosDeporte/PiscinaVerano"
4705;"Centro Deportivo Municipal Casa de Campo";"";"Horario de uso de las instalaciones deportivas  Para saber el horario de apertura de las distintas instalaciones del centro deportivo, les rogamos lo consulten con el propio centro.  Horario de taquilla:  Horario de invierno, de lunes a viernes, de 9 a 20:30 horas.Horario de verano, de lunes a domingo, de 9:30 a 20:30 horas.  Horario de sala multitrabajo (musculación):  Horario de lunes a viernes, de 9 a 21 horas.  Cierre completo del Centro:  Los días 24, 25 y 31 de diciembre, 1 de enero y 1 de mayo.";"Clases y escuelas deportivas   Estas son las modalidades deportivas que se ofrecen en los Centros Deportivos Municipales. Dichas modalidades pueden sufrir modificaciones a lo largo del curso. Le rogamos que consulte con su Centro Deportivo Municipal para confirmar si se ha producido algún cambio.   Equipamientos    Superficie total de las instalaciones: 24.800 metros cuadrados.  Unidades deportivas cubiertas: piscina cubierta (vaso de 25 m y vaso de enseñanza), sala multiusos y sala de musculación.  Unidades deportivas al aire libre:   piscinas al aire libre (2 vasos de recreo y vaso infantil) y     Cubo Gym  .   Ayudas técnicas para la accesibilidad:  2 grúas de piscina.  Acceso controlado.";"Metro: Lago (línea 10), Puerta del Ángel (línea 6).  Bicicleta: el centro dispone de aparca bicicletas exterior con capacidad para 10 bicicletas.  Servicio Bicimad , para consultar la estación más cercana, acceda al  mapa de geolocalización de las estaciones";"";"1";"http://www.madrid.es/sites/v/index.jsp?vgnextchannel=bfa48ab43d6bb410VgnVCM100000171f5a0aRCRD&vgnextoid=3876b0c40971c010VgnVCM1000000b205a0aRCRD";"PUERTA DEL ANGEL";"PASEO";"V";"7";"";"";"";"";"MADRID";"MADRID";"28011";"1";"CASA DE CAMPO";"9";"MONCLOA-ARAVACA";"437768";"4474204";"40.41612628789201";"-3.733536573641621";"914 630 050 / 914 649 889";"";"idmccampo@madrid.es";"/contenido/entidadesYorganismos/CentrosEspaciosDeporte/PiscinaVerano"
12022187;"Centro Deportivo Municipal Cea Bermúdez";"";"Horario de uso de las instalaciones deportivas  Para saber el horario de apertura de las distintas instalaciones del centro deportivo, les rogamos lo consulten con el propio centro.  Horario de taquilla   De lunes a viernes: de 7 a 23 horas. Sábados, domingos, festivos: 8:30 a 21:30 horas.   Cierre completo del centro    Días 1 de enero, 1 de mayo y 25 de diciembre.";"Servicio de Asesoriamiento Técnico Personalizado   Clases y escuelas deportivas    Pre-infantil: predeporte.  Infantiles (edad, según modalidades): polideportiva.  Jóvenes y personas adultas: acondicionamiento físico, baile, ciclo sala, gimnasia acuática (aquagym).  Mayores 65 años: acondicionamiento físico y baile.  Personas con discapacidad: natación.   Equipamientos    Superficie total de las instalaciones:    4.808,30 metros cuadrados.  Unidades deportivas cubiertas: piscina cubierta (vaso de 25 m), sala ciclo, pabellón, 2 salas multiusos y sala de musculación.   Ayudas técnicas para la accesibilidad: una grúa móvil para personas con movilidad reducida, 1 ascensor y vestuarios adaptados a personas con discapacidad.  Columna de rescate cardíaco: disponibilidad de desfibriladores semiautomáticos en el recinto deportivo.  Acceso controlado.";"Metro:  Canal (línea 2 y 7) y Ríos Rosas (línea 1).  Servicio Bicimad, para consultar la estación más cercana, acceda al mapa de geolocalización de las estaciones .";"&amp;iexcl;Ya estamos abiertos!  Si quieres inscribirte puedes hacerlo online  AQUÍ";"1,5";"http://www.madrid.es/sites/v/index.jsp?vgnextchannel=bfa48ab43d6bb410VgnVCM100000171f5a0aRCRD&vgnextoid=40d41946bf658810VgnVCM2000001f4a900aRCRD";"CEA BERMUDEZ";"CALLE";"V";"3";"";"";"";"PARQUE MÓVIL";"MADRID";"MADRID";"28003";"2";"ARAPILES";"7";"CHAMBERI";"440114";"4476676";"40.43857964605446";"-3.706107413184514";"918314312";"";"info@cdmceabermudez.com";"/contenido/entidadesYorganismos/CentrosEspaciosDeporte/SalaCiclo"
78960;"Centro Deportivo Municipal Centro Integrado Arganzuela";"";"Horario de uso de las instalaciones deportivas   El centro abre de lunes a domingo. Para saber el horario de apertura de las distintas instalaciones del centro deportivo, les rogamos lo consulten con el propio centro.  Horario de taquilla   De lunes a viernes: de 8:30 a 20:30 horas. Sábados, domingos y festivos de apertura: de 08:30 a 14:30 horas.   Cierre completo del centro   Mes de agosto, 24, 25 y 31 de diciembre, 1, 6 de enero y 1, 2 de mayo.";"Clases y escuelas deportivas   Estas son las modalidades deportivas que se ofrecen en los Centros Deportivos Municipales. Dichas modalidades pueden sufrir modificaciones a lo largo del curso. Le rogamos que consulte con su Centro Deportivo Municipal para confirmar si se ha producido algún cambio.   Equipamientos    Superficie total de todas las instalaciones: 4.900 metros cuadrados.  Unidades deportivas cubiertas:    piscina cubierta (vaso de 25 m y vaso de enseñanza), f     isio-hidroterapia, p     abellón, s     ala multiusos y s     ala de musculación.     Unidades deportivas al aire libre: 4 pistas de pádel.  Columna de rescate cardíaco: 2.  Servicio de Medicina Deportiva: enfermería (turno de mañana) y fisioterapia (turno de mañana).   Acceso controlado.";"Metro: Palos de la Frontera (línea 3).   Renfe: Delicias (líneas C1 y C10).  Bicicleta: el centro dispone de aparca bicicletas exterior con capacidad para 6 bicicletas.   Servicio Bicimad , para consultar la estación más cercana, acceda al  mapa de geolocalización de las estaciones .";"";"1";"http://www.madrid.es/sites/v/index.jsp?vgnextchannel=bfa48ab43d6bb410VgnVCM100000171f5a0aRCRD&vgnextoid=0fd38ed67151c010VgnVCM2000000c205a0aRCRD";"PALOS DE LA FRONTERA";"CALLE";"V";"40";"";"";"";"";"MADRID";"MADRID";"28045";"6";"PALOS DE LA FRONTERA";"2";"ARGANZUELA";"440991";"4472718";"40.40298456819409";"-3.695392618470702";"915 273 938";"";"idmestacionsur@madrid.es";"/contenido/entidadesYorganismos/CentrosEspaciosDeporte/PistasPadel"
4687;"Centro Deportivo Municipal Cerro Almodóvar";"";"Horario de uso de las instalaciones deportivas  Para saber el horario de apertura de las distintas instalaciones del centro deportivo, les rogamos lo consulten con el propio centro.   Horario de taquilla  De lunes a viernes: de 8:30 a 14 horas y de 14:30 a 20:30 horas.Sábados, domingos y festivos: cerrado  Cierre completo del centro   Días 24, 25 y 31 de diciembre, 1 de enero y 1 de mayo";"Clases y escuelas deportivas   Estas son las modalidades deportivas que se ofrecen en los Centros Deportivos Municipales. Dichas modalidades pueden sufrir modificaciones a lo largo del curso. Le rogamos que consulte con su Centro Deportivo Municipal para confirmar si se ha producido algún cambio.   Equipamientos    Superficie total de las instalaciones: 61.600  metros cuadrados.  Unidades deportivas cubiertas: pabellón, piscina (vaso de 25 m y vaso de enseñanza), sala de halterofilia, 2 salas multiusos, sala de musculación y 2 pistas cubiertas de voley playa.  Unidades deportivas al aire libre: frontón corto, piscina (vaso de 46 metros, vaso de recreo y vaso infantil), 4 pistas de pádel cubiertas, pista polideportiva, pista de tenis, 2 tenis de mesa y 2 pistas de voley playa.   Ayudas técnicas para la accesibilidad:  1 grúa de piscina.  Columna de rescate cardíaco.   Acceso controlado.";"Renfe: Santa Eugenia (líneas C2, C7 y C8).";"";"1";"http://www.madrid.es/sites/v/index.jsp?vgnextchannel=bfa48ab43d6bb410VgnVCM100000171f5a0aRCRD&vgnextoid=8e96b0c40971c010VgnVCM1000000b205a0aRCRD";"CERRO DE ALMODOVAR";"CALLE";"V";"9";"";"";"";"";"MADRID";"MADRID";"28031";"2";"SANTA EUGENIA";"18";"VILLA DE VALLECAS";"448872";"4470296";"40.38168820146643";"-3.602327770076511";"913 314 047";"";"idmcalmodovar@madrid.es";"/contenido/entidadesYorganismos/CentrosEspaciosDeporte/TenisMesa"
4700;"Centro Deportivo Municipal Chamartín";"";"Horario de uso de las instalaciones deportivas  Para saber el horario de apertura de las distintas instalaciones del centro deportivo, les rogamos lo consulten con el propio centro.  Horario taquilla   De lunes a viernes de 7 a 22:45 horas, sábados de 8 a 21 horas, domingos y festivos de 8 a 17 horas.   Cierre completo del centro    Días 25 de diciembre, 1 de enero y 1 de mayo.";"Clases y escuelas deportivas   Estas son las modalidades deportivas que se ofrecen en los Centros Deportivos Municipales. Dichas modalidades pueden sufrir modificaciones a lo largo del curso. Le rogamos que consulte con su Centro Deportivo Municipal para confirmar si se ha producido algún cambio.   Equipamientos    Superficie total de las instalaciones: 6.172 metros cuadrados.  Unidades deportivas cubiertas:   piscina cubierta (vaso de 50 m), p   abellón, 4 s   alas multiusos y 3 s   alas de musculación.    Servicio de medicina deportiva:  fisioterapia deportiva y escuela de espalda.   Ayudas técnicas para la accesibilidad:  instalación adaptada, con 1 ascensor y 1 grúa de piscina.   Acceso controlado.";"Metro: Pío XII (línea 9).  Bicicleta:  El centro dispone de aparcabicicletas interior con capacidad para 12 bicicletas.  Servicio Bicimad, para consultar la estación más cercana, acceda al mapa de geolocalización de las estaciones.";"";"1";"http://www.madrid.es/sites/v/index.jsp?vgnextchannel=bfa48ab43d6bb410VgnVCM100000171f5a0aRCRD&vgnextoid=5f8c79262ef5d010VgnVCM1000000b205a0aRCRD";"PIO XII";"AVENIDA";"V";"2";"";"";"";"";"MADRID";"MADRID";"28016";"5";"NUEVA ESPAÑA";"5";"CHAMARTIN";"442779";"4479368";"40.46113349830694";"-3.676208246061129";"91 359 33 39";"";"infochamartin@forus.es";"/contenido/entidadesYorganismos/CentrosEspaciosDeporte/Pabellon"
4672;"Centro Deportivo Municipal Concepción";"";"Horario de uso de las instalaciones deportivas   Para saber el horario de apertura de las distintas instalaciones del centro deportivo, les rogamos lo consulten con el propio centro.  Horario de taquilla   De lunes a viernes, de 8:30 a 14:30 y de 14:45 a 20:30 horas. Sábados, domingos: de 8:30 a 14 horas. Festivos cerrada en temporada de invierno (de septiembre al 14 de mayo).    Cierre completo del centro   Días 24, 25 y 31 de diciembre, 1 de enero y 1 de mayo.";"Clases y escuelas deportivas   Estas son las modalidades deportivas que se ofrecen en los Centros Deportivos Municipales. Dichas modalidades pueden sufrir modificaciones a lo largo del curso. Le rogamos que consulte con su Centro Deportivo Municipal para confirmar si se ha producido algún cambio.   Equipamientos    Superficie  total de las instalaciones: 36.277 metros cuadrados.   Unidades deportivas cubiertas: pabellón polideportivo, piscina cubierta (vaso de 25 metros) y sala de musculación.  Unidades deportivas al aire libre: campo de fútbol 11 césped artificial, 2 frontones cortos, piscina aire libre (vaso de 25 metros y vaso infantil), pista de atletismo, 2 pistas de pádel, pista de patinaje, 2 pistas polideportivas, 4 pistas de tenis y 3 tenis de mesa.  Oficina de Promoción Deportiva: responsable de la coordinación de Juegos Deportivos Municipales, Torneos y Circuitos municipales y Copas de Primavera. Además, ofrece información sobre Escuelas de Promoción Deportiva.  Servicio de Medicina deportiva:acondicionamiento cardio-vascular y reconocimiento médico.  Ayudas técnicas para la accesibilidad: 1 ascensor, 1 montacargas, 2 plataformas y 2 grúas de piscina.  Columna de rescate cardíaco.   Acceso controlado.";"Metro: Barrio de la Concepción (línea 7), Pueblo Nuevo (líneas 5 y 7), Quintana (línea 5).  Bicicleta: el centro dispone de aparca bicicletas,    exterior con capacidad para 11 bicicletas.  interior con capacidad para 6 bicicletas.    Servicio Bicimad , para consultar la estación más cercana, acceda al  mapa de geolocalización de las estaciones .";"";"0";"http://www.madrid.es/sites/v/index.jsp?vgnextchannel=bfa48ab43d6bb410VgnVCM100000171f5a0aRCRD&vgnextoid=f5bc79262ef5d010VgnVCM1000000b205a0aRCRD";"JOSE DEL HIERRO";"CALLE";"V";"5";"";"";"";"";"MADRID";"MADRID";"28027";"4";"CONCEPCION";"15";"CIUDAD LINEAL";"445003";"4476493";"40.43725652047252";"-3.6484498132292025";"914 039 020                                                                                     
914 039 021
914 058 719";"";"idmconcepcion@madrid.es";"/contenido/entidadesYorganismos/CentrosEspaciosDeporte/TenisMesa"
12724992;"Centro Deportivo Municipal Cuatro Caminos";"";"Horario de uso de las instalaciones deportivas   De lunes a viernes, de 7 a 23 horas; sábados, domingos y festivos, de 7 a 24 horas.   Horario taquilla    De lunes a viernes, de 7 a 23 horas; sábados, domingos y festivos, de 7 a 24 horas.    Cierre completo del centro    Días 25 de diciembre, 1 de enero y 1 de mayo.";"Clases y escuelas deportivas    Pre-infantiles (0 a 3 años) y de (3 a 5 años): matronatación, natación peques.  Infantiles (de 6 a 14 años): natación, calistenia y baile K-Pop. Polideportiva (Family gym, Gym Kid y Play Kid)  Jóvenes y personas adultas:  (De 15 a 26 años): aeróbic (zumba, dance), ciclo sala, fitness (body combat) tonificación (body pump), gimnasia suave (body balance, Pilates, Yoga, fuerza general (Total Training), gimnasia acuática (aquafit) y Escuelas deportivas natación. Actividades de sala (Bootcamp Ceremony, Calistenia, CrossTraining, Fuerza+HBX, Myrox, Pilates Club, Pilates Implementos, Pilates Reformer, Yoga Club, Yoga Vinyasa).       (De 21 a 64 años): aeróbic (zumba, dance), ciclo sala, fitness (body combat) tonificación (body pump), gimnasia suave (body balance, Pilates, Yoga, fuerza general (Total Training), gimnasia acuática (aquafit) y Escuelas deportivas natación. Actividades de sala (Bootcamp Ceremony, Calistenia, CrossTraining, Fuerza+HBX, Myrox, Pilates Club, Pilates Implementos, Pilates Reformer, Yoga Club, Yoga Vinyasa).    Mayores de 65 años: acondicionamiento físico (Gimnasia activa, movilidad activa) y gimnasia acuática (aquagym y aquapilates), escuela de natación.  Actividades para personas con discapacidad: natación.   Equipamientos    Superficie total de las instalaciones: 9.200 metros cuadrados.  Unidades deportivas cubiertas:   piscina cubierta (vaso de 25 m y vaso de enseñanza), s   ala ciclo, 6 s   alas multiusos y s   ala de musculación.    Otros equipamientos:  zona de fisioterapia.    Ayudas técnicas para la accesibilidad:  ascensor y grúa móvil piscina.   Acceso controlado.";"Metro: Cuatro Caminos (líneas 1, 2 y 6), Guzmán el Bueno (líneas 6 y 7), Islas Filipinas (línea 7), Alvarado (línea 1) Canal (líneas 2 y 7).  Bicicleta:   Servicio Bicimad: Estación 132 de calle Santa Engracia 168 y estación 204 de calle Doctor Santero 1.para consultar la estación más cercana, acceda al mapa de geolocalización de las estaciones.";"";"2,4";"http://www.madrid.es/sites/v/index.jsp?vgnextchannel=bfa48ab43d6bb410VgnVCM100000171f5a0aRCRD&vgnextoid=5184a4ba934a5910VgnVCM1000001d4a900aRCRD";"BRAVO MURILLO";"CALLE";"V";"107";"";"";"";"INTERIOR PARCELA";"MADRID";"MADRID";"28020";"1";"BELLAS VISTAS";"6";"TETUAN";"440298";"4477714";"40.44793969377676";"-3.7040303744815635";"91 117 71 07";"";"info@sportrade.es";"/contenido/entidadesYorganismos/CentrosEspaciosDeporte/SalaCiclo"
134059;"Centro Deportivo Municipal Daoíz y Velarde 1";"";"Horario de uso de las instalaciones deportivas  Para saber el horario de apertura de las distintas instalaciones del centro deportivo, les rogamos lo consulten con el propio centro.  Horario de taquilla    De lunes a viernes de 9 a 20:30 horas. Sábados, domingos y festivos de 9 a 14:30 horas.   Cierre completo del centro     Mes de agosto y los días 24, 25 y 31 de diciembre, 1 de enero y 1 de mayo.";"Clases y escuelas deportivas   Estas son las modalidades deportivas que se ofrecen en los Centros Deportivos Municipales. Dichas modalidades pueden sufrir modificaciones a lo largo del curso. Le rogamos que consulte con su Centro Deportivo Municipal para confirmar si se ha producido algún cambio.   Equipamientos    Superficie total de las instalaciones: 9.496 metros cuadrados.  Unidades deportivas cubiertas: piscina cubierta (vaso de 25 m y vaso de enseñanza), fisio, pabellón, sala ciclo, 2 salas multiusos y sala musculación.  Unidades deportivas al aire libre: pista de padel.  Oficina de promoción deportiva: responsable de la coordinación de Juegos Deportivos Municipales, Torneos y Circuitos Municipales, Copas de Primavera. Además, ofrece información sobre las escuelas de promoción deportiva.   Servicio de Medicina Deportiva: acondicionamiento cardiovascular, fisioterapia deportiva, reconocimientos médicos deportivos y servicio de fisioterapia.  Ayudas técnicas para la accesibilidad: 1 ascensor y 1 grúa de piscina.  C olumna de rescate cardíaco.   Acceso controlado.";"Metro: Pacífico (líneas 1 y 6), Menéndez Pelayo (línea 1).  Renfe: Méndez Alvaro, Atocha (todas las líneas de cercanías).  Bicicleta: el centro dispone de aparcabicicletas exterior con capacidad para 5 bicicletas.   Servicio Bicimad, para consultar la estación más cercana, acceda al mapa de geolocalización de las estaciones.";"";"1,5,6";"http://www.madrid.es/sites/v/index.jsp?vgnextchannel=bfa48ab43d6bb410VgnVCM100000171f5a0aRCRD&vgnextoid=380d5f463b81c010VgnVCM1000000b205a0aRCRD";"DAOÍZ Y VELARDE";"PLAZA";"V";"5";"";"";"";"";"MADRID";"MADRID";"28007";"1";"PACIFICO";"3";"RETIRO";"442528";"4472638";"40.40236990974131";"-3.6772808932293217";"914 338 950                                                                                  
914 338 770";"";"idmdvelarde@madrid.es";"/contenido/entidadesYorganismos/CentrosEspaciosDeporte/SalaCiclo"
140197;"Centro Deportivo Municipal El Espinillo";"";"Horario de uso de las instalaciones deportivas  Para saber el horario de apertura de las distintas instalaciones del centro deportivo, les rogamos lo consulten con el propio centro.  Horario de taquilla:   Lunes a Viernes de 8:45 a 20:30 horas. Sábados y domingos de 8:45 a 14 horas. Festivos cerrado.   Cierre completo del centro:   Mes de agosto y los días 24, 25 y 31 de diciembre, 1 de enero y 1 de mayo.";"Clases y escuelas deportivas   Estas son las modalidades deportivas que se ofrecen en los Centros Deportivos Municipales. Dichas modalidades pueden sufrir modificaciones a lo largo del curso. Le rogamos que consulte con su Centro Deportivo Municipal para confirmar si se ha producido algún cambio.   Equipamientos    Superficie total de las instalaciones: 11.350 metros cuadrados.  Unidades deportivas cubiertas: piscina cubierta (vaso de 25 m y vaso de enseñanza) y 2 salas multiusos.  Unidades deportivas al aire libre: Cubo Gym.  Oficina de promoción deportiva: responsable de la coordinación de Juegos Deportivos Municipales, Torneos y Circuitos Municipales, Copas de Primavera. Además, ofrece información sobre las escuelas de promoción deportiva.  Servicio deportivo sanitario: enfermería deportiva.  Ayudas técnicas para la accesibilidad: 1 ascensor y 1 grúa de piscina.  Columna de rescate cardíaco.   Acceso controlado.";"Metro: Villaverde Bajo Cruce (línea 3).  Renfe: Villaverde Bajo (líneas C3 y C4).  Bicicleta: el centro dispone de aparca bicicletas interior con capacidad para 4 bicicletas.";"";"1";"http://www.madrid.es/sites/v/index.jsp?vgnextchannel=bfa48ab43d6bb410VgnVCM100000171f5a0aRCRD&vgnextoid=9cdc79262ef5d010VgnVCM1000000b205a0aRCRD";"VILLAVERDE A VALLECAS";"CARRETERA";"V";"19";"";"";"";"";"MADRID";"MADRID";"28041";"4";"LOS ROSALES";"17";"VILLAVERDE";"441698";"4467536";"40.35634193991933";"-3.686595141820635";"913 603 265";"";"idmespinillo@madrid.es";"/contenido/entidadesYorganismos/CentrosEspaciosDeporte/CuboGym"
4676;"Centro Deportivo Municipal Entrevías";"";"Horario de uso de las instalaciones deportivas   Para saber el horario de apertura de las distintas instalaciones del centro deportivo, les rogamos lo consulten con el propio centro.  Horario de taquilla    De lunes a viernes: de 8:30 a 14:30 y de 14:45 a 20:30 horas.  Sabádos, domingos y festivos: de 8:30 a 14:30 horas.     Cierre completo del centro      Los días 24, 25 y 31 de diciembre, 1 de enero y 1 de mayo.";"Clases y escuelas deportivas   Estas son las modalidades deportivas que se ofrecen en los Centros Deportivos Municipales. Dichas modalidades pueden sufrir modificaciones a lo largo del curso. Le rogamos que consulte con su Centro Deportivo Municipal para confirmar si se ha producido algún cambio.   Equipamientos    Superficie total de las instalaciones: 41.800 metros cuadrados.  Unidades deportivas cubiertas: piscina cubierta (vaso de 25 m y vaso de enseñanza), pabellón, 2 salas multiusos y sala de musculación.  Unidades deportivas al aire libre: campo de fútbol 11 césped artificial, 2 pistas de pádel, pista polideportiva cubierta, rocódromo, 2 pistas de tenis y CuboGym.  Oficina de promoción deportiva:  responsable de la coordinación de Juegos Deportivos Municipales, Torneos y Circuitos Municipales, Copas de Primavera. Además, ofrece información sobre las escuelas de promoción deportiva.  Ayuda técnica para la accesibilidad:  1 ascensor y 1 grúa de piscina.  Columna de rescate cardíaco.   Acceso controlado.";"Renfe: Asamblea de Madrid - Entrevías (líneas C2, C7 y C8).  Bicicleta:  El centro dispone de aparca bicicletas exterior con capacidad para 5 bicicletas.  Servicio Bicimad, para consultar la estación más cercana, acceda al mapa de geolocalización de las estaciones.";"";"1";"http://www.madrid.es/sites/v/index.jsp?vgnextchannel=bfa48ab43d6bb410VgnVCM100000171f5a0aRCRD&vgnextoid=1e57b0c40971c010VgnVCM1000000b205a0aRCRD";"SUR";"RONDA";"V";"4";"";"";"";"";"MADRID";"MADRID";"28053";"1";"ENTREVIAS";"13";"PUENTE DE VALLECAS";"442741";"4469977";"40.378413212706285";"-3.674532317137481";"917 854 214";"";"idmentrevias@madrid.es";"/contenido/entidadesYorganismos/CentrosEspaciosDeporte/CamposEstadiosFutbol"
6486044;"Centro Deportivo Municipal Escuelas de San Antón";"";"Horario de uso de las instalaciones deportivas:   Para saber el horario de apertura de las distintas instalaciones del centro deportivo, les rogamos lo consulten con el propio centro.  Horario de taquilla   De lunes a viernes, de 7 a 22:30 horas. Sábados, de 8 a 20:30 horas. Domingos y festivos, de 9 a 18:30 horas.   Cierre completo del centro   Los días 24, 25 y 31 de diciembre, 1 de enero y 1 de mayo.";"Clases y escuelas deportivas   Estas son las modalidades deportivas que se ofrecen en los Centros Deportivos Municipales. Dichas modalidades pueden sufrir modificaciones a lo largo del curso. Le rogamos que consulte con su Centro Deportivo Municipal para confirmar si se ha producido algún cambio.   Equipamientos    Superficie total de las instalaciones:   Planta tercera: 971,29 metros cuadrados. Planta cuarta: 976,21 metros cuadrados. Entreplanta cuarta: 291,28 metros cuadrados.    Unidades deportivas cubiertas: piscina cubierta (vaso de 25 m y vaso de enseñanza), sala multiusos, sala de musculación, sauna y spa.  Solárium.   Ayudas técnicas para la accesibilidad:  1 ascensor y 1 grúa de piscina.    Columna de rescate cardíaco.    Acceso controlado.";"Metro: Chueca y Tribunal (líneas 1, 5 y 10).  Bicicleta:   Servicio Bicimad, para consultar la estación más cercana, acceda al mapa de geolocalización de las estaciones.";"";"1";"http://www.madrid.es/sites/v/index.jsp?vgnextchannel=bfa48ab43d6bb410VgnVCM100000171f5a0aRCRD&vgnextoid=4f9aad5078828310VgnVCM1000000b205a0aRCRD";"FARMACIA";"CALLE";"V";"13";"";"";"";"";"MADRID";"MADRID";"28004";"4";"JUSTICIA";"1";"CENTRO";"440704";"4475035";"40.42382670120857";"-3.699010103263697";"918 289 006";"";"info@cdmescuelassananton.com";"/contenido/entidadesYorganismos/CentrosEspaciosDeporte/Sauna"
4622862;"Centro Deportivo Municipal Fabián Roncero";"";"Horario de uso de las instalaciones deportivas  Para saber el horario de apertura de las distintas instalaciones del centro deportivo, le rogamos lo consulten con el propio centro.    Horario de taquilla   De lunes a viernes: de 7 a 23 horas. Sábados: de 9 a 20 horas. Domingos y festivos: de 9 a 15 horas.   Cierre completo del centro    Días 25 de diciembre, 1 de enero y 1 de mayo.";"Clases y escuelas deportivas   Estas son las modalidades deportivas que se ofrecen en los Centros Deportivos Municipales. Dichas modalidades pueden sufrir modificaciones a lo largo del curso. Le rogamos que consulte con su Centro Deportivo Municipal para confirmar si se ha producido algún cambio.     Equipamientos      Superficie total de las instalaciones:   4.400 metros cuadrados.     Unidades deportivas cubiertas: piscina cubierta (vaso de 25 m y vaso de enseñanza), 2 salas multiusos y sala de musculación.  Unidades deportivas al aire libre: circuito de entrenamiento (cross training) 14m x 9m (126 m2).  Columna de rescate cardíaco.     Acceso controlado.";"Metro: Canillejas (línea 5).  Bicicleta:   El centro dispone de aparcabicicletas exterior con capacidad para 25 bicicletas. Servicio Bicimad, para consultar la estación más cercana, acceda al mapa de geolocalización de las estaciones.";"";"1";"http://www.madrid.es/sites/v/index.jsp?vgnextchannel=bfa48ab43d6bb410VgnVCM100000171f5a0aRCRD&vgnextoid=887e306502624110VgnVCM1000000b205a0aRCRD";"SEPTIMA";"AVENIDA";"V";"68";"";"";"";"";"MADRID";"MADRID";"28022";"6";"REJAS";"20";"SAN BLAS-CANILLEJAS";"449327";"4477838";"40.44965684114441";"-3.597577201182505";"917 462 995";"";"recepcionfr@thinkingup.fitness";"/contenido/entidadesYorganismos/CentrosEspaciosDeporte/SalaMusculacion"
120275;"Centro Deportivo Municipal Faustina Valladolid";"";"Horario de uso de las instalaciones deportivas   Para saber el horario de apertura de las distintas instalaciones del centro deportivo, les rogamos lo consulten con el propio centro.  Horario de taquilla   De lunes a domingo, de 9 a 20:30 horas. Festivos:  Lunes a viernes, cerrado. Sábados y domingos, de 9 a 20:30 horas.     Cierre completo del centro   Festivos, y fines de semana del mes agosto, y los días 24, 25 y 31 de diciembre, 1 de enero y 1 de mayo.";"Clases y escuelas deportivas   Estas son las modalidades deportivas que se ofrecen en los Centros Deportivos Municipales. Dichas modalidades pueden sufrir modificaciones a lo largo del curso. Le rogamos que consulte con su Centro Deportivo Municipal para confirmar si se ha producido algún cambio.   Equipamientos    Superficie total de las instalaciones: 47.000 metros cuadrados.  Unidades deportivas cubiertas: piscina cubierta (vaso de 25 m y vaso de enseñanza), pabellón, sala de artes marciales, sala multiusos, sala de armas y sala de musculación.   Unidades deportivas al aire libre: campo de fútbol 11 césped artificial, 2 campos de fútbol 7 césped artificial, 10 pistas de pádel, 2 pistas polideportivas (tenis y pickleball) y 7 pistas de tenis.  Ayuda técnica para la accesibilidad: 1 ascensor y 2 grúas de piscina.  Columna de rescate cardíaco.   Acceso controlado.";"Metro: Valdebernardo (línea 9).  Bicicleta:  el centro dispone de  aparca bicicletas exterior  con capacidad para 5bicicletas.   Servicio Bicimad , para consultar la estación más cercana, acceda al  mapa de geolocalización de las estaciones .";"";"1,5,6";"http://www.madrid.es/sites/v/index.jsp?vgnextchannel=bfa48ab43d6bb410VgnVCM100000171f5a0aRCRD&vgnextoid=a64f79262ef5d010VgnVCM1000000b205a0aRCRD";"LADERA DE LOS ALMENDROS";"CALLE";"V";"2";"";"";"";"";"MADRID";"MADRID";"28032";"1";"CASCO H.VICALVARO";"19";"VICALVARO";"447145";"4472806";"40.40418961057298";"-3.622901144863193";"917 723 591";"";"idmvaldebernardo@madrid.es";"/contenido/entidadesYorganismos/CentrosEspaciosDeporte/CamposEstadiosFutbol"
4703;"Centro Deportivo Municipal Fernando Martín";"";"Horario de uso de las instalaciones deportivas:  Para saber el horario de apertura de las distintas instalaciones del centro deportivo, les rogamos lo consulten con el propio centro.  Horario de taquilla  De lunes a viernes, de 8:30 a 20:30 horas.Sábados, domingos y festivos (primeros y últimos de mes), de 8:30 a 14:30 horas.  Cierre completo del Centro:  El mes de agosto y los días 24, 25 y 31 de diciembre, 1 de enero y 1 de mayo.";"Clases y escuelas deportivas   Estas son las modalidades deportivas que se ofrecen en los Centros Deportivos Municipales. Dichas modalidades pueden sufrir modificaciones a lo largo del curso. Le rogamos que consulte con su Centro Deportivo Municipal para confirmar si se ha producido algún cambio.   Equipamientos    Superficie total de las instalaciones: 11.200 metros cuadrados.  Unidades deportivas cubiertas: piscina cubierta (vaso de 25 m), pabellón, sala multiusos y sala de musculación.  Unidades deportivas al aire libre:    4 pistas de pádel y 2 p     istas de tenis.           Oficina de promoción deportiva: juegos deportivos municipales, torneos y circuitos municipales y copas de primavera información sobre escuelas de promoción deportiva.  Columna de rescate cardíaco.   Acceso controlado.";"Metro: Francos Rodríguez (línea 7).";"";"1";"http://www.madrid.es/sites/v/index.jsp?vgnextchannel=bfa48ab43d6bb410VgnVCM100000171f5a0aRCRD&vgnextoid=baa7b0c40971c010VgnVCM1000000b205a0aRCRD";"SANTO ANGEL DE LA GUARDA";"AVENIDA";"V";"6";"";"";"";"";"MADRID";"MADRID";"28039";"4";"VALDEZARZA";"9";"MONCLOA-ARAVACA";"439619";"4479162";"40.460935404623164";"-3.7121918299288628";"914 507 344 - 914 505 530";"";"idmfmartin@madrid.es";"/contenido/entidadesYorganismos/CentrosEspaciosDeporte/PistasTenisBadminton"
4623547;"Centro Deportivo Municipal Francisco Fernández Ochoa";"";"Horario de uso de las instalaciones deportivas  Para saber el horario de apertura de la distintas instalaciones del centro deportivo, les rogamos lo consulten con el propio centro.  Horario de taquilla   De lunes a viernes: de 8 a 21 horas. Sábados, domingos y festivos: de 8 a 20 horas.   Cierre completo del centro    Días 1 de enero, 1 de mayo, 24, 25 y 31 de diciembre.  La piscina permanecerá cerrada del 1 al 31 de agosto.";"Clases y escuelas deportivas   Estas son las modalidades deportivas que se ofrecen en los Centros Deportivos Municipales. Dichas modalidades pueden sufrir modificaciones a lo largo del curso. Le rogamos que consulte con su Centro Deportivo Municipal para confirmar si se ha producido algún cambio.   Equipamientos    Superficie total de las instalaciones: 7.706,41 metros cuadrados  Unidades deportivas cubiertas: piscina cubierta (vaso de 50 m, y vaso de enseñanza), pabellón, 3 salas multiusos, sala de musculación y spa.  Unidades deportivas al aire libre: 2 campos de fútbol 7 césped artificial, 8 pistas de pádel, pista de patinaje cubierta, 6 pistas de tenis, 2 tenis mesa y CuboGym.  Ayudas técnicas para la accesibilidad: 2 ascensores y 2 grúas de piscina.  Servicio de Medicina Deportiva: fisioterapia del deporte.  Acceso controlado.";"Metro: La Peseta , San Francisco (línea 11).  Bicicleta:  El centro dispone de aparcabicicletas interior con capacidad para 15 bicicletas.";"Consulta listado de actividades:   Presencialmente: en el centro deportivo municipal  donde se desarrolla la actividad que se solicita, y dentro de los plazos establecidos.  En linea:  a través de Deportes/web y descargándote la app Avisos Madrid, a través de uno de los siguientes enlaces.  Para Android, a traves de Google Play  Para iOs, a través de Apple Store";"1";"http://www.madrid.es/sites/v/index.jsp?vgnextchannel=bfa48ab43d6bb410VgnVCM100000171f5a0aRCRD&vgnextoid=aea1249dbda24110VgnVCM1000000b205a0aRCRD";"CATORCE OLIVAS";"CALLE";"V";"1";"";"";"";"";"MADRID";"MADRID";"28054";"6";"BUENAVISTA";"11";"CARABANCHEL";"437097";"4468625";"40.36581776978113";"-3.740893980533789";"915 883 623 
915 883 731";"";"idmffochoa@madrid.es";"/contenido/entidadesYorganismos/CentrosEspaciosDeporte/TenisMesa"
50257984;"Centro Deportivo Municipal Fúcar";"";"Horario de uso de las instalaciones deportivas  Para saber el horario de apertura de las distintas instalaciones del centro deportivo, les rogamos lo consulten con el propio centro.";"Equipamientos    Superficie total de las instalaciones:  7.190 metros cuadrados.  Unidades deportivas cubiertas: piscina cubierta (vaso de 25 m y vaso de enseñanza), pabellón y 2 salas multiusos.   Acceso controlado.";"Metro: Antón Martín (línea 1).  Bicicleta:  Servicio Bicimad, para consultar la estación más cercana, acceda al mapa de geolocalización de las estaciones.";"";"1";"http://www.madrid.es/sites/v/index.jsp?vgnextchannel=bfa48ab43d6bb410VgnVCM100000171f5a0aRCRD&vgnextoid=db853cfd927fc910VgnVCM200000f921e388RCRD";"FUCAR";"CALLE";"V";"8";"";"";"";"";"MADRID";"MADRID";"28014";"3";"CORTES";"1";"CENTRO";"440974";"4473708";"40.41190656538047";"-3.6956829307125605";"";"";"";"/contenido/entidadesYorganismos/CentrosEspaciosDeporte/Pabellon"
4623697;"Centro Deportivo Municipal Fuente del Berro";"";"Horario de uso de las instalaciones deportivas  Para saber el horario de apertura de las distintas instalaciones del centro deportivo, les rogamos lo consulten con el propio centro.  Horario de taquilla     De lunes a domingo, de 9 a 14 y de 17 a 21 horas.    Cierre completo del centro    Días 24, 25 de diciembre, 31 y 1 de enero y 1 de mayo.";"Clases y escuelas deportivas   Estas son las modalidades deportivas que se ofrecen en los Centros Deportivos Municipales. Dichas modalidades pueden sufrir modificaciones a lo largo del curso. Le rogamos que consulte con su Centro Deportivo Municipal para confirmar si se ha producido algún cambio.     Equipamientos      Superficie total de las instalaciones: 2.845,79 metros cuadrados.  Unidades deportivas cubiertas: piscina (vaso de 25 metros), sala multiusos y sala de musculación.  Solarium.      Accesibilidad:  1 ascensor y 1 grúa de piscina.          Columna de rescate cardíaco.          Acceso controlado.";"Metro: O'Donnell (línea 6).  Bicicleta: el centro dispone de aparca bicicletas exterior con capacidad para 8 bicicletas.   Servicio Bicimad, para consultar la estación más cercana, acceda al mapa de geolocalización de las estaciones.";"";"1";"http://www.madrid.es/sites/v/index.jsp?vgnextchannel=bfa48ab43d6bb410VgnVCM100000171f5a0aRCRD&vgnextoid=f4a2318c05b24110VgnVCM1000000b205a0aRCRD";"ELVIRA";"CALLE";"V";"36";"";"";"";"";"MADRID";"MADRID";"28028";"3";"FUENTE DEL BERRO";"4";"SALAMANCA";"443566";"4474779";"40.42171956854877";"-3.6652515154670167";"915 881 369";"";"idmfuentedelberro@madrid.es";"/contenido/entidadesYorganismos/CentrosEspaciosDeporte/SalaMusculacion"
4698;"Centro Deportivo Municipal Gallur";"";"Horario de uso de las instalaciones deportivas  Para saber el horario de apertura de las distintas instalaciones del centro deportivo, les rogamos lo consulten con el propio centro.  Horario de taquilla   De lunes a viernes: de 8:30 a 20:30 horas. Sábados, domingos y festivos: de 8:30 a 14:30 horas. Festivos cerrado.  Por organización del servicio, se cierra fin de semana y festivos de 10 a 10:30 horas (esto puede verse modificado por las necesidades del servicio).   Cierre completo del centro   Mes de agosto, días 24, 25 y 31 de diciembre, 1 de enero y 1 de mayo.";"Clases y escuelas deportivas   Estas son las modalidades deportivas que se ofrecen en los Centros Deportivos Municipales. Dichas modalidades pueden sufrir modificaciones a lo largo del curso. Le rogamos que consulte con su Centro Deportivo Municipal para confirmar si se ha producido algún cambio.   Equipamientos     Superficie total de las instalaciones: 63.896 metros cuadrados.    Unidades deportivas cubiertas: pabellón polideportivo, piscina (vaso de 25 metros y vaso de enseñanza), sala de ciclo, sala de musculación y pista de atletismo cubierta.    Unidades deportivas al aire libre: frontón largo, 10 pistas de tenis, 12 pistas de padel, 14 pistas de pickleball, campo de futbol 11 césped artificial, pista de fútbol sala, pista de fútbol sala de césped artificial, pista de vóley playa, mesas de teqball.    Oficina de promoción deportiva:  responsable de la coordinación de Juegos Deportivos Municipales, Torneos y Circuitos Municipales, Copas de Primavera. Además, ofrece información sobre las escuelas de promoción deportiva.    Ayudas técnicas a la accesibilidad: 2 ascensores y 1 grúa de piscina.    Columna de rescate cardíaco.    Acceso controlado.";"Metro: Carpetana, Laguna (línea 6).  Renfe: Laguna (línea C5).  Bicicleta: el centro dispone de aparca bicicletas exterior con capacidad para 8 bicicletas.  Servicio Bicimad, para consultar la estación más cercana, acceda al mapa de geolocalización de las estaciones.";"";"1";"http://www.madrid.es/sites/v/index.jsp?vgnextchannel=bfa48ab43d6bb410VgnVCM100000171f5a0aRCRD&vgnextoid=d92d79262ef5d010VgnVCM1000000b205a0aRCRD";"GALLUR";"CALLE";"V";"2";"";"";"";"";"MADRID";"MADRID";"28047";"1";"LOS CARMENES";"10";"LATINA";"437595";"4472245";"40.398474762124025";"-3.735371180736436";"915 089 401
915 251 059";"";"idmgallur@madrid.es";"/contenido/entidadesYorganismos/CentrosEspaciosDeporte/CamposEstadiosFutbol"
51661;"Centro Deportivo Municipal Gimnasio Moscardó";"";"Horario de uso de las instalaciones deportivas    Para saber el horario de apertura de las distintas instalaciones del centro deportivo, les rogamos lo consulten con el propio centro.  Horario de taquilla    De lunes a viernes: de 8:30 a 20:30 horas. Sábados, domingos y festivos: de 9 a 14:30 horas.   Cierre completo del centro    El mes de agosto y los días 24, 25 y 31 de diciembre, 1 de enero y 1 mayo.";"Clases y escuelas deportivas   Estas son las modalidades deportivas que se ofrecen en los Centros Deportivos Municipales. Dichas modalidades pueden sufrir modificaciones a lo largo del curso. Le rogamos que consulte con su Centro Deportivo Municipal para confirmar si se ha producido algún cambio.   Equipamientos    Superficie: 4.650 metros cuadrados.  Unidades deportivas cubiertas: 2 piscinas de 25 metros y 1 vaso de enseñanza, sala de fisio-hidroterapia, 2 pabellones, 2 salas multiusos y sala de musculación.  Unidades deportivas al aire libre: pista de pádel, pista de tenis y pista de mini tenis.  Ayudas técnicas para la accesibilidad: 2 ascensores, 1 plataforma y 1 grúa de piscina.  Columna de rescate cardíaco.   Acceso controlado.";"Metro: Avenida de América (líneas 4, 6, 7 y 9), Cartagena (línea 7), Diego de León (líneas 4, 5 y 6).  Bicicleta:  El centro dispone de aparcabicicletas  exterior con capacidad para 25 bicicletas.  Servicio Bicimad, para consultar la estación más cercana, acceda al mapa de geolocalización de las estaciones.";"";"1";"http://www.madrid.es/sites/v/index.jsp?vgnextchannel=bfa48ab43d6bb410VgnVCM100000171f5a0aRCRD&vgnextoid=c7cee7510551c010VgnVCM2000000c205a0aRCRD";"PILAR DE ZARAGOZA";"CALLE";"V";"93";"";"";"";"";"MADRID";"MADRID";"28028";"4";"GUINDALERA";"4";"SALAMANCA";"442795";"4476586";"40.437945289676996";"-3.674502029997267";"913 553 201 -  919 246 793";"";"idmgmoscardo@madrid.es";"/contenido/entidadesYorganismos/CentrosEspaciosDeporte/PistasTenisBadminton"
4680;"Centro Deportivo Municipal Hortaleza";"";"Horario de uso de las instalaciones deportivas   Para conocer el horario de apertura de las distintas instalaciones del centro deportivo, rogamos lo consulten directamente con el propio centro.  Horario de taquilla:     De lunes a viernes: de 8:30 a 20:30 horas. Sábados y domingos: de 8:30 a 14:30 horas.   Del 15 de mayo al 6 de septiembre el horario de taquilla es de 8:30 a 20:30 horas, de lunes a domingo.  Cierre completo del centro   Días 24, 25 y 31 de diciembre, 1 y 6 de enero y 1 de mayo.";"Clases y escuelas deportivas   Estas son las modalidades deportivas que se ofrecen en los Centros Deportivos Municipales. Dichas modalidades pueden sufrir modificaciones a lo largo del curso. Le rogamos que consulte con su Centro Deportivo Municipal para confirmar si se ha producido algún cambio.     Equipamientos      Superficie total de las instalaciones: 46.956 metros cuadrados.  Unidades deportivas cubiertas: pabellón, piscina cubierta (vaso de 25 metros), sala ciclo, 2 salas multiusos y 2 salas de musculación.   Unidades deportivas al aire libre:  piscina aire libre (2 vasos de 50 metros y vaso infantil), 4 pistas de pádel, pista fútbol sala césped artificial, pista de tenis y Cubo Gym     Accesibilidad:  2 grúas de piscina.   Columna de rescate cardíaco.   Acceso controlado.";"Metro: Parque de Santa María (línea 4), Hortaleza (línea 4).  Bicicleta: el centro dispone de aparca bicicletas exterior con capacidad para 5 bicicletas.   Servicio Bicimad, para consultar la estación más cercana, acceda al mapa de geolocalización de las estaciones.";"";"1";"http://www.madrid.es/sites/v/index.jsp?vgnextchannel=bfa48ab43d6bb410VgnVCM100000171f5a0aRCRD&vgnextoid=705d79262ef5d010VgnVCM1000000b205a0aRCRD";"ESTACION DE HORTALEZA";"CARRETERA";"V";"11";"";"";"";"";"MADRID";"MADRID";"28033";"5";"APOSTOL SANTIAGO";"16";"HORTALEZA";"444784";"4481305";"40.4787279264401";"-3.6527183525553006";"913818260";"";"idmhortaleza@madrid.es";"/contenido/entidadesYorganismos/CentrosEspaciosDeporte/PiscinaVerano"
4704;"Centro Deportivo Municipal José María Cagigal";"";"Horario de uso de las instalaciones deportivas  Para saber el horario de apertura de las distintas instalaciones del centro deportivo, les rogamos lo consulten con el propio centro.  Horario de taquilla   De lunes a domingo de 8:30 a 20:30 horas.   Cierre completo del centro      Los días 24, 25 y 31 de diciembre, 1 de enero y 1 de mayo.";"Clases y escuelas deportivas   Estas son las modalidades deportivas que se ofrecen en los Centros Deportivos Municipales. Dichas modalidades pueden sufrir modificaciones a lo largo del curso. Le rogamos que consulte con su Centro Deportivo Municipal para confirmar si se ha producido algún cambio.   Equipamientos    Superficie total de instalaciones: 18.850 metros cuadrados.  Unidades deportivas cubiertas: piscina cubierta (vaso de 25 m y vaso de enseñanza), fisio-hidroterapia, pabellón, 4 salas multiusos y sala de musculación.  Unidades deportivas al aire libre: piscina al aire libre (vaso de 50 m, vaso de recreo y vaso infantil), 3 pistas de pádel y 3 pistas de tenis.  Servicio de medicina deportiva: reconocimientos médicos y rehabilitación cardiaca.  Servicio de fisioterapia: sala de fisioterapia e hidroterapia deportiva.  Unidades auxiliares: auditorio y sala de lectura (gestión Junta Municipal).  Oficina de promoción deportiva:   responsable de la coordinación de Juegos Deportivos Municipales, Torneos y Circuitos Municipales, Copas de Primavera. Además, ofrece información sobre las escuelas de promoción deportiva.    Ayudas técnicas para la accesibilidad: 3 ascensores, rampas de acceso y grúa de piscinas.  Columna de rescate cardíaco.   Acceso controlado.";"Bicicleta: el centro dispone de aparca bicicletas exterior con capacidad para 5 bicicletas.  Servicio Bicimad , para consultar la estación más cercana, acceda al mapa de geolocalización de las estaciones  .";"";"1";"http://www.madrid.es/sites/v/index.jsp?vgnextchannel=bfa48ab43d6bb410VgnVCM100000171f5a0aRCRD&vgnextoid=177d79262ef5d010VgnVCM1000000b205a0aRCRD";"SANTA POLA";"CALLE";"V";"22";"";"";"";"";"MADRID";"MADRID";"28008";"1";"CASA DE CAMPO";"9";"MONCLOA-ARAVACA";"437491";"4475985";"40.43214955342785";"-3.7369645992831364";"608268794";"";"idmjmcagigal@madrid.es";"/contenido/entidadesYorganismos/CentrosEspaciosDeporte/PiscinaVerano"
11580683;"Centro Deportivo Municipal Juan de Dios Román";"";"Horario de uso de las instalaciones deportivas:   Para saber el horario de apertura de las distintas instalaciones del centro deportivo, les rogamos lo consulten con el propio centro.  Horario de taquilla   De lunes a viernes de 8:30 a 21:30 horas. Sábados, domingos y festivos de 9 a 20 horas.   Cierre completo del Centro    Días 1 de enero, 1 de mayo y 25 de diciembre.";"Clases y escuelas deportivas   Estas son las modalidades deportivas que se ofrecen en los Centros Deportivos Municipales. Dichas modalidades pueden sufrir modificaciones a lo largo del curso. Le rogamos que consulte con su Centro Deportivo Municipal para confirmar si se ha producido algún cambio.   Equipamientos    Superficie total de las instalaciones: 15.673 metros cuadrados.  Unidades deportivas cubiertas, piscina cubierta 25 metros y vaso de enseñanza, sala de musculación, sala multiusos y sala ciclo.  Unidades deportivas al aire libre, 4 pistas de pádel, 4 pistas de padel cubiertas y 2 pistas polideportivas cubiertas.  Ayudas técnicas para la accesibilidad: 1 grúa de piscina.  Columna de rescate cardiaco.   Acceso controlado.";"Metro: Las Suertes (línea 1).  Bicicleta:  el centro dispone de  aparca bicicletas dentro del recinto de la instalación  con capacidad para 6 bicicletas.    Servicio Bicimad, para consultar la estación más cercana, acceda al mapa de geolocalización de las estaciones .";"";"1,5";"http://www.madrid.es/sites/v/index.jsp?vgnextchannel=bfa48ab43d6bb410VgnVCM100000171f5a0aRCRD&vgnextoid=2ec21fc9c969e710VgnVCM1000001d4a900aRCRD";"JOSE GUTIERREZ MAROTO";"CALLE";"V";"34";"";"";"";"";"MADRID";"MADRID";"28051";"3";"ENSANCHE DE VALLECAS";"18";"VILLA DE VALLECAS";"448616";"4468325";"40.36391581480007";"-3.60518607500416";"91 4801231";"";"idmjdroman@madrid.es";"/contenido/entidadesYorganismos/CentrosEspaciosDeporte/SalaCiclo"
4623700;"Centro Deportivo Municipal La Almudena";"";"Horario de uso de las instalaciones deportivas  Para saber el horario de apertura de las distintas instalaciones del centro deportivo, les rogamos lo consulten con el propio centro.  Horario de  taquilla    De lunes a viernes, de 7:30 a 22:30 horas. Sábados, domingos y festivos, de 8 a 21:45 horas.   Apertura y cierre del centro    De lunes a viernes, de 7:30 a 23:30 horas. Sábados, domingos y festivos: de 8 a 22 horas.   Cierre completo del centro    Días 24, 25 y 31 de diciembre, 1 de enero y 1 de mayo.";"Clases y escuelas deportivas   Estas son las modalidades deportivas que se ofrecen en los Centros Deportivos Municipales. Dichas modalidades pueden sufrir modificaciones a lo largo del curso. Le rogamos que consulte con su Centro Deportivo Municipal para confirmar si se ha producido algún cambio.     Equipamientos      Superficie total de las instalaciones: 6.903,80 metros cuadrados.  Unidades deportivas cubiertas: piscina cubierta (vaso de 25 metros y vaso de enseñanza), sala de fisio-hidroterapia y 2 salas multiusos.  Unidades deportivas al aire libre: 2 pistas de pádel.  Programas médico-deportivos: fisioterapia deportiva y escuela de espalda.  Accesibilidad:  1 grúa de piscina.            Acceso controlado.";"Metro: Alsacia (línea 2).  Bicicleta: el centro dispone de aparca bicicletas exterior con capacidad para 4 bicicletas.   Servicio Bicimad, para consultar la estación más cercana, acceda al mapa de geolocalización de las estaciones.";"";"1";"http://www.madrid.es/sites/v/index.jsp?vgnextchannel=bfa48ab43d6bb410VgnVCM100000171f5a0aRCRD&vgnextoid=ff13318c05b24110VgnVCM1000000b205a0aRCRD";"NICOLAS SALMERÓN";"CALLE";"V";"8";"";"";"";"";"MADRID";"MADRID";"28017";"2";"PUEBLO NUEVO";"15";"CIUDAD LINEAL";"446349";"4474634";"40.42060649869604";"-3.6324237307227616";"91 588 23 55 / 91 513 37 45";"";"idmalmudena@madrid.es";"/contenido/entidadesYorganismos/CentrosEspaciosDeporte/PistasPadel"
11820127;"Centro Deportivo Municipal La Cebada";"";"Horario de uso de las instalaciones deportivas  Para saber el horario de apertura de las distintas instalaciones del centro deportivo, les rogamos lo consulten con el propio centro.  Horario de taquilla   De lunes a domingo de 7 a 24 horas.   Cierre completo del centro    Días 1 de enero, 1 de mayo y 25 de diciembre.";"Servicio de asesoramiento técnico personalizado   Clases y escuelas deportivas   Estas son las modalidades deportivas que se ofrecen en los Centros Deportivos Municipales. Dichas modalidades pueden sufrir modificaciones a lo largo del curso. Le rogamos que consulte con su Centro Deportivo Municipal para confirmar si se ha producido algún cambio.   Equipamientos    Superficie total de las instalaciones:  7.720 metros cuadrados.  Unidades deportivas cubiertas: piscina cubierta (vaso 25 m y vaso de enseñanza), fisio-hidroterapia, pabellón, 2 salas multiusos y sala musculación.  Unidades deportivas exteriores: rocódromo y atletismo calles.   Ayudas técnicas para la accesibilidad: una grúa móvil para personas con movilidad reducida, ascensores para todas las plantas y vestuarios adaptados a personas con discapacidad.  Columna de rescate cardíaco: disponibilidad de desfibriladores semiautomáticos en el recinto deportivo.  Acceso controlado.";"Metro: La Latina (línea 5).  Servicio Bicimad, para consultar la estación más cercana, acceda al mapa de geolocalización de las estaciones .";"";"1,5";"http://www.madrid.es/sites/v/index.jsp?vgnextchannel=bfa48ab43d6bb410VgnVCM100000171f5a0aRCRD&vgnextoid=b52f49ccf35d3810VgnVCM1000001d4a900aRCRD";"CEBADA";"PLAZA";"V";"15";"";"";"";"";"MADRID";"MADRID";"28005";"1";"PALACIO";"1";"CENTRO";"439809";"4473567";"40.410546084176566";"-3.70940146763504";"Por ahora solo WhatsApp: 697121149";"";"info@cdmlacebada.com";"/contenido/entidadesYorganismos/CentrosEspaciosDeporte/Pabellon"
104235;"Centro Deportivo Municipal La Masó - Luis de la Fuente";"";"Horario de uso de las instalaciones deportivas:  Para saber el horario de apertura de las distintas instalaciones del centro deportivo, les rogamos lo consulten con el propio centro.  Horario del centro deportivo:   Lunes a viernes de 8 a 23:30 horas. Sábados, domingos y festivos de 8:45 a 22 horas.   Horario de taquilla:   Lunes a viernes de 8:30 a 21 horas. Sabados, domingos y festivos de 8:30 a 14:30 horas.   Cierre completo del centro Del 1 al 31 de agosto y los días 24, 25 y 31 de diciembre, 1 de enero y 1 de mayo.";"Clases y escuelas deportivas   Estas son las modalidades deportivas que se ofrecen en los Centros Deportivos Municipales. Dichas modalidades pueden sufrir modificaciones a lo largo del curso. Le rogamos que consulte con su Centro Deportivo Municipal para confirmar si se ha producido algún cambio.     Equipamientos      Superficie total de las instalaciones: 41.700 metros cuadrados.  Unidades deportivas cubiertas: piscina cubierta (vaso de 25 m y vaso de enseñanza), fisio-hidroterapia, pabellón, sala multiusos y sala de musculación.   Unidades deportivas al aire libre:    campo de fútbol 11 de césped artificial,      Cubo Gym, p     ista polideportiva, r     ocódromo y p     arque de calistenia    .    Oficina de promoción deportiva:  responsable de la coordinación de Juegos Deportivos Municipales, Torneos y Circuitos Municipales, Copas de Primavera. Además, ofrece información sobre las escuelas de promoción deportiva.   Ayudas técnicas para la accesibilidad: 1 ascensor y 1 grúa de piscina.  Columna de rescate cardíaco.   Servicio de medicina deportiva: fisioterapia del deporte.  Acceso controlado.";"Metro: Herrera Oria (línea 9), Lacoma (línea 7), Avenida de la Ilustración (línea 7).  Bicicleta: el centro dispone de aparca bicicletas exterior con capacidad para 4 bicicletas.   Servicio Bicimad , para consultar la estación más cercana, acceda al  mapa de geolocalización de las estaciones .     Parking  público gratuito.";"";"1,5,6";"http://www.madrid.es/sites/v/index.jsp?vgnextchannel=bfa48ab43d6bb410VgnVCM100000171f5a0aRCRD&vgnextoid=15efe8ae8d81c010VgnVCM1000000b205a0aRCRD";"MASO";"CALLE";"V";"80";"";"";"";"";"MADRID";"MADRID";"28034";"7";"MIRASIERRA";"8";"FUENCARRAL-EL PARDO";"439451";"4481771";"40.48442599932086";"-3.7144222564719858";"917 397 555";"";"idmlamaso@madrid.es";"/contenido/entidadesYorganismos/CentrosEspaciosDeporte/CamposEstadiosFutbol"
4538574;"Centro Deportivo Municipal Las Cruces";"";"Horario de uso de las instalaciones deportivas   Para saber el horario de apertura de las distintas instalaciones del centro deportivo, les rogamos lo consulten con el propio centro.  Horario de taquilla   De lunes a viernes de 7 a 14 y de 15 a 22 horas. Sábados de 9 a 19  horas. Domingos y festivos de 9 a 14 horas.   Cierre completo del Centro    Días 1 de enero, 1 de mayo, 24, 25 y 31 de diciembre.";"Clases y escuelas deportivas   Estas son las modalidades deportivas que se ofrecen en los Centros Deportivos Municipales. Dichas modalidades pueden sufrir modificaciones a lo largo del curso. Le rogamos que consulte con su Centro Deportivo Municipal para confirmar si se ha producido algún cambio.   Equipamientos    Superficie total de las instalaciones:  31.529,58  metros cuadrados.  Unidades deportivas cubiertas: pabellón polideportivo, piscina (vaso de 25 m y vaso de enseñanza), sala de ciclo, 2 salas multiusos y sala de musculación.   Unidades deportivas al aire libre: campo de fútbol 11 (césped artificial), 2 campos de fútbol 7 (césped artificial), 8 pistas de pádel, 5 pistas de tenis y Cubo Gym.  Solárium (no disponible).    Ayudas técnicas para la accesibilidad:  1 ascensor y 1 grúa de piscina.   Acceso controlado.";"Metro: Aluche, Eugenia de Montijo (línea 5).  Renfe: Aluche (línea C5).  Bicicleta:  El centro dispone de aparca bicicletas exterior con capacidad para 4 bicicletas.  Servicio Bicimad, para consultar la estación más cercana, acceda al mapa de geolocalización de las estaciones.";"";"1";"http://www.madrid.es/sites/v/index.jsp?vgnextchannel=bfa48ab43d6bb410VgnVCM100000171f5a0aRCRD&vgnextoid=6a6952ff55b41110VgnVCM1000000b205a0aRCRD";"POBLADOS";"AVENIDA";"V";"72";"";"";"";"PARQUE DE LAS CRUCES";"MADRID";"MADRID";"28044";"7";"LAS AGUILAS";"10";"LATINA";"435803";"4470082";"40.3788548435727";"-3.7562612113384777";"915 888 600";"";"idmlascruces@madrid.es";"/contenido/entidadesYorganismos/CentrosEspaciosDeporte/CamposEstadiosFutbol"
4619937;"Centro Deportivo Municipal Los Prunos";"";"Horario de uso de las instalaciones deportivas  Para saber el horario de apertura de las distintas instalaciones del centro deportivo, les rogamos lo consulten con el propio centro.  Horario de taquilla   De lunes a viernes de 7 a 22 horas. Excepto el mes de agosto que es de 8 a 22 horas. Sábados, Domingos y festivos de 9 a 15 horas.  Los días 24,31 y 5 de enero se consideran como festivo.  Cierre completo del centro   Día 25 de diciembre, 1 y 6 de enero";"Clases y escuelas deportivas   Cardiovascular, tonificación, combinado tono y cardio, cuerpo y mente, y pádel.   Equipamientos     Unidades deportivas cubiertas: piscina (vaso de 25 metros y vaso de enseñanza), fisio-hidroterapia, 4 salas multiusos, sala de musculación, 2 saunas y spa.   Unidades deportivas al aire libre: pista de baloncesto, pista de fútbol sala y 8 pistas de pádel y 4 pistas de pádel cubiertas.    Ayudas técnicas para la accesibilidad: con 1 ascensor.  Acceso controlado.";"Metro: Feria de Madrid (línea 8).  Bicicleta:  El centro dispones de aparcabicicletas exterior con capacidad para 6 bicicletas.";"Forma de gestión: indirecta, por medio de concesión de la gestión de los servicios deportivos Los Prunos   Para acceder a este centro deportivo municipal de gestión indirecta únicamente serán válidos los abonos adquiridos en este centro. Se recomienda consultar los precios de  utilización de las zonas termales y de spa, en las oficinas del centro deportivo.";"1";"http://www.madrid.es/sites/v/index.jsp?vgnextchannel=bfa48ab43d6bb410VgnVCM100000171f5a0aRCRD&vgnextoid=e705dfa167204110VgnVCM1000000b205a0aRCRD";"PETUNIAS";"CALLE";"V";"30";"";"";"";"";"MADRID";"MADRID";"28042";"1";"PALOMAS";"16";"HORTALEZA";"447540";"4478250";"40.453257453448046";"-3.6186956428199863";"917 432 001";"917 432 002";"recepcion@aqalosprunos.com";"/contenido/entidadesYorganismos/CentrosEspaciosDeporte/Sauna"
4681;"Centro Deportivo Municipal Luis Aragonés";"";"Horario de uso de las instalaciones deportivas:    Para saber el horario de apertura de las distintas instalaciones del centro deportivo, les rogamos lo consulten con el propio centro.  Horario de taquilla    Invierno: laborables, de 8:30 a 20:30 horas, sábados, domingos y festivos, cerrado.  Verano: de lunes a domingo, de 8:30 a 20:30 horas.   Cierre completo del centro   Días 24, 25 y 31 de diciembre, 1 de enero y 1 de mayo.";"Clases y escuelas deportivas   Estas son las modalidades deportivas que se ofrecen en los Centros Deportivos Municipales. Dichas modalidades pueden sufrir modificaciones a lo largo del curso. Le rogamos que consulte con su Centro Deportivo Municipal para confirmar si se ha producido algún cambio.     Equipamientos      Superficie total de las instalaciones: 61.500 metros cuadrados.  Unidades deportivas cubiertas: piscina (vaso de 25 metros y vaso de enseñanza), sala de artes marciales, sala multiusos y sala de musculación.     Unidades deportivas al aire libre: 2 campos de fútbol 11 de césped artificial, 2 campos de fútbol 7 de césped artificial, piscina (vaso 50 metros, 2 vasos de recreo y 1 vaso infantil), 4 pistas de pádel, pista de vóley playa, 3 pistas de tenis, 4 tenis de mesa, rocódromo y Cubo Gym.        Oficina de promoción deportiva:   responsable de la coordinación de Juegos Deportivos Municipales, Torneos y Circuitos Municipales, Copas de Primavera. Además, ofrece información sobre las escuelas de promoción deportiva.            Ayudas técnicas para la accesibilidad:  1 grúa de piscina.        Columna de rescate cardíaco.   Acceso controlado.";"Metro: Canillas (línea 4).  Bicicleta:  el centro dispone de  aparca bicicletas exterior  con capacidad para10 bicicletas.    Servicio Bicimad, para consultar la estación más cercana, acceda al mapa de geolocalización de las estaciones.";"";"1,5,6";"http://www.madrid.es/sites/v/index.jsp?vgnextchannel=bfa48ab43d6bb410VgnVCM100000171f5a0aRCRD&vgnextoid=64cd79262ef5d010VgnVCM1000000b205a0aRCRD";"EL PROVENCIO";"CALLE";"V";"20";"";"";"";"";"MADRID";"MADRID";"28043";"3";"CANILLAS";"16";"HORTALEZA";"446795";"4479520";"40.464650948053816";"-3.6275877145025817";"913 003 612";"";"idmlaragones@madrid.es";"/contenido/entidadesYorganismos/CentrosEspaciosDeporte/TenisMesa"
4688;"Centro Deportivo Municipal Margot Moles";"";"Horario de uso de las instalaciones deportivas  Para saber el horario de apertura de las distintas instalaciones del centro deportivo, les rogamos lo consulten con el propio centro.  Horario de taquilla    Hasta apertura piscina de verano, de lunes a viernes de 9 a 14:30 y de 14:45 a 20:30 horas. Sábados y domingos, de 9 a 14:30 horas. Festivos cerrado, excepto en temporada de verano.   Cierre completo del centro   Los días 24, 25 y 31 de diciembre, 1 de enero y 1 de mayo.";"Clases y escuelas deportivas   Estas son las modalidades deportivas que se ofrecen en los Centros Deportivos Municipales. Dichas modalidades pueden sufrir modificaciones a lo largo del curso. Le rogamos que consulte con su Centro Deportivo Municipal para confirmar si se ha producido algún cambio.   Equipamientos    Superficie total de las instalaciones:82.400 metros cuadrados.  Unidades deportivas cubiertas: piscina cubierta (vaso de 25 my vaso de enseñanza) y pabellón.   Unidades deportivas al aire libre: piscina al aire libre (vaso de 50 m y vaso infantil), pista de atletismo, campo de fútbol 11 césped artificial, 2 campos de fútbol 7 césped artificial, Cubo Gym, 2 pistas de fútbol sala, pista de hockey patines, 4 pistas de pádel cubiertas, 2 pistas de tenis y 4 tenis de mesa.     Oficina de promoción deportiva:  responsable de la coordinación de Juegos Deportivos Municipales, Torneos y Circuitos Municipales, Copas de Primavera. Además, ofrece información sobre las escuelas de promoción deportiva.  Ayudas técnicas para la accesibilidad:  1 grúa de piscina.    Columna de rescate cardíaco.     Servicio de Medicina Deportiva: psicomotricidad infantil.  Acceso controlado.";"Metro: San Cipriano, Puerta de Arganda (línea 9).  Renfe: Vicálvaro (líneas C1, C2, C7 y C8).  Bicicleta:   El centro dispone de  aparca bicicletas exterior  con capacidad para 10 bicicletas.   Servicio Bicimad , para consultar la estación más cercana, acceda al  mapa de geolocalización de las estaciones .";"";"1";"http://www.madrid.es/sites/v/index.jsp?vgnextchannel=bfa48ab43d6bb410VgnVCM100000171f5a0aRCRD&vgnextoid=4d6f79262ef5d010VgnVCM1000000b205a0aRCRD";"POLIDEPORTIVO";"PASEO";"V";"3";"";"";"";"";"MADRID";"MADRID";"28032";"";"AMBROZ";"";"VICALVARO";"448815";"4473344";"40.40914061858403";"-3.603264732850392";"917 769 874";"";"idmvicalvaro@madrid.es";"/contenido/entidadesYorganismos/CentrosEspaciosDeporte/TenisMesa"
4707;"Centro Deportivo Municipal María Jesús Rosa";"";"Horario de uso de las instalaciones deportivas  Para saber el horario de apertura de las distintas instalaciones del centro deportivo, les rogamos lo consulten con el propio centro.  Horario de taquilla    De lunes a viernes, de 9 a 20:30 horas (horario de verano 9 a 14 horas).   Cierre completo del centro: Un mes natural en temporada estival y los siguientes días: 1 y 6 de enero, 2 y 3 de abril, 1, 2 y 15 de mayo, 15 de agosto, 12 de octubre, 2 y 9 de noviembre, 7, 8, 24, 25 y 31 de diciembre.";"Clases deportivas    Estas son las modalidades deportivas que se ofrecen en los Centros Deportivos Municipales. Dichas modalidades pueden sufrir modificaciones a lo largo del curso. Le rogamos que consulte con su Centro Deportivo Municipal para confirmar si se ha producido algún cambio.   Equipamientos    Superficie total de las instalaciones: 2.075 metros cuadrados.  Unidades deportivas cubiertas:    piscina cubierta (vaso de 25 m y vaso de enseñanza) y      sala de musculación.     Oficina de promoción deportiva:    responsable de la coordinación de Juegos Deportivos Municipales, Torneos y Circuitos Municipales, Copas de Primavera. Además, ofrece información sobre las Escuelas de Promoción Deportiva.    Ayudas técnicas para la accesibilidad: 1 grúa de piscina.   Acceso controlado.";"Metro: Barrio del Pilar (linea 9), Peñagrande (línea 7).";"";"1";"http://www.madrid.es/sites/v/index.jsp?vgnextchannel=bfa48ab43d6bb410VgnVCM100000171f5a0aRCRD&vgnextoid=e92942be9971c010VgnVCM1000000b205a0aRCRD";"MONFORTE DE LEMOS";"AVENIDA";"S/N";"38";"";"";"";"";"MADRID";"MADRID";"28029";"4";"EL PILAR";"8";"FUENCARRAL-EL PARDO";"439931";"4481139";"40.47876758357458";"-3.7086993281311904";"914 800 476 - idmlavaguada@madrid.es";"";"idmlavaguada@madrid.es";"/contenido/entidadesYorganismos/CentrosEspaciosDeporte/SalaMusculacion"
121729;"Centro Deportivo Municipal Marqués de Samaranch";"";"Horario de uso de las instalaciones deportivas:   Para saber el horario de apertura de las distintas instalaciones del centro deportivo, les rogamos lo consulten con el propio centro.  Horario de taquilla    De lunes a viernes, de 8:30 a 20:30 horas. Sábados y domingos, de 8:30 a 14:30 horas. Festivos, cerrado.   Cierre completo del centro   Mes de agosto y los días 24, 25, 26 y 31 de diciembre, 1 y 6 de enero y 1 de mayo.";"Clases y escuelas deportivas   Estas son las modalidades deportivas que se ofrecen en los Centros Deportivos Municipales. Dichas modalidades pueden sufrir modificaciones a lo largo del curso. Le rogamos que consulte con su Centro Deportivo Municipal para confirmar si se ha producido algún cambio.   Equipamientos    Unidades deportivas cubiertas: piscina cubierta (vaso de 25 m y vaso de enseñanza), fisio-hidroterapia, pabellón, 2 salas multiusos y sala de musculación.  Unidades deportivas al aire libre: campo fútbol 11 césped artificial, 6 pistas de pádel cubiertas, 4 pistas de tenis cubiertas y Cubo Gym.  Ayuda técnicas para la accesibilidad: 2 grúas de piscina.  Columna de rescate cardíaco.   Acceso controlado.";"Metro: Puerta de Toledo , Pirámides (línea 5).  Renfe: Pirámides (líneas C1 y C10).  Bicicleta:  el centro dispone de  aparca bicicletas exterior   con capacidad para 5 bicicletas.    Servicio Bicimad , para consultar la estación más cercana, acceda al  mapa de geolocalización de las estaciones .";"";"1,5,6";"http://www.madrid.es/sites/v/index.jsp?vgnextchannel=bfa48ab43d6bb410VgnVCM100000171f5a0aRCRD&vgnextoid=6b00e8ae8d81c010VgnVCM1000000b205a0aRCRD";"IMPERIAL";"PASEO";"V";"20";"";"";"";"";"MADRID";"MADRID";"28005";"1";"IMPERIAL";"2";"ARGANZUELA";"439131";"4473248";"40.40761501410649";"-3.7173807221939192";"914 220 344";"";"idmmsamaranch@madrid.es";"/contenido/entidadesYorganismos/CentrosEspaciosDeporte/CamposEstadiosFutbol"
4673;"Centro Deportivo Municipal Moratalaz";"";"Horario de uso de las instalaciones deportivas  Para saber el horario de apertura de las distintas instalaciones del centro deportivo, les rogamos lo consulten con el propio centro.  Horario de taquilla    De lunes a viernes, de 9 a 20:30 h. Sábados y domingos. de 9 a 14:30 h.   Cierre completo del centro   Los días 24, 25 y 31 de diciembre, 1 de enero y 1 de mayo.";"Clases y escuelas deportivas   Estas son las modalidades deportivas que se ofrecen en los Centros Deportivos Municipales. Dichas modalidades pueden sufrir modificaciones a lo largo del curso. Le rogamos que consulte con su Centro Deportivo Municipal para confirmar si se ha producido algún cambio.   Equipamientos    Superficie total de las instalaciones: 108.300 metros cuadrados.  Unidades deportivas cubiertas:  pabellón, piscina (vaso de 25 metros), sala de musculación, sala de artes marciales y 2 salas multiusos.   Unidades deportivas al aire libre:  piscina (2 vasos de 50 metros, vaso de recreo y vaso infantil), pista de atletismo, pista de baloncesto,campo de fútbol 11 césped artificial, pista de fútbol sala y pista de fútbol sala césped artificial, 2 frontones largos, 4 pistas de pádel, campo de tiro con arco, pista de patinaje cubierta, 4 pistas de pickleball, pista polideportiva cubierta, 6 pistas de tenis, pista de vóley playa y Cubo Gym.   Oficina de promoción deportiva:  responsable de la coordinación de Juegos Deportivos Municipales, Torneos y Circuitos Municipales, Copas de Primavera. Además, ofrece información sobre las escuelas de promoción deportiva.    Servicio de medicina deportiva: reconocimientos médicos deportivos y acondicionamiento cardiovascular.    Unidades con servicios auxiliares:   sala de reconocimientos médicos.    Ayudas técnicas para la accesibilidad:  1 ascensor y 2 grúas de piscina.    Columna de rescate cardíaco.    Acceso controlado.";"Metro: Pavones (línea 9).  Bicicleta:  el centro dispone de  aparca bicicletas exterior  con capacidad para    interior (10), exterior (8) bicicletas.    Servicio Bicimad , para consultar la estación más cercana, acceda al  mapa de geolocalización de las estaciones .";"";"1";"http://www.madrid.es/sites/v/index.jsp?vgnextchannel=bfa48ab43d6bb410VgnVCM100000171f5a0aRCRD&vgnextoid=dc9942be9971c010VgnVCM1000000b205a0aRCRD";"VALDEBERNARDO";"CALLE";"V";"2";"";"";"";"";"MADRID";"MADRID";"28030";"1";"PAVONES";"14";"MORATALAZ";"446331";"4472220";"40.39885854572339";"-3.632432290214539";"917 727 100                                                                                                                                     
- 917 727 121";"";"idmmoratalaz@madrid.es";"/contenido/entidadesYorganismos/CentrosEspaciosDeporte/CamposEstadiosFutbol"
4691;"Centro Deportivo Municipal Moscardó";"";"Horario de uso de instalaciones deportivas  Para saber el horario de apertura de las distintas instalaciones del centro deportivo, les rogamos lo consulten con el propio centro.   Horario de taquilla   De lunes a viernes, de 9:30 a 20:30 horas, con cierre por descanso de 14:30 a 16:00 horas. Sábados, domingos y festivos, de 9:30 a 14:00 horas.   Cierre completo del centro    Días 24, 25 y 31 de diciembre, 1 de enero y 1 de mayo.";"Clases y escuelas deportivas   Estas son las modalidades deportivas que se ofrecen en los Centros Deportivos Municipales. Dichas modalidades pueden sufrir modificaciones a lo largo del curso. Le rogamos que consulte con su Centro Deportivo Municipal para confirmar si se ha producido algún cambio.   Equipamientos    Superficie total de las instalaciones: 13.800 metros cuadrados.  Unidades deportivas cubiertas: piscina cubierta (vaso de 25 m y vaso de enseñanza), sala multiusos y sala de musculación.  Unidades deportivas al aire libre: piscina aire libre (vaso de 50 m y vaso infantil), 3 pistas de pádel y pista de voley playa.   Acceso controlado.";"Metro: Usera (línea 6).";"";"1";"http://www.madrid.es/sites/v/index.jsp?vgnextchannel=bfa48ab43d6bb410VgnVCM100000171f5a0aRCRD&vgnextoid=23c942be9971c010VgnVCM1000000b205a0aRCRD";"ANDRES ARTEAGA";"CALLE";"V";"5";"";"";"";"";"MADRID";"MADRID";"28026";"5";"MOSCARDO";"12";"USERA";"440053";"4471118";"40.38850290426967";"-3.706303079808029";"919 241 472";"";"idmmoscardo@madrid.es";"/contenido/entidadesYorganismos/CentrosEspaciosDeporte/PiscinaVerano"
4693;"Centro Deportivo Municipal Orcasitas";"";"Horario de uso de las instalaciones deportivas  Para saber el horario de apertura de las distintas instalaciones del centro deportivo, les rogamos lo consulten con el propio centro.  Horario de taquilla   De lunes a domingo, de 9 a 20:30 horas.   Cierre completo del centro   Días 24, 25 y 31 de diciembre, 1 de enero y 1 de mayo.";"Clases y escuelas deportivas   Estas son las modalidades deportivas que se ofrecen en los Centros Deportivos Municipales. Dichas modalidades pueden sufrir modificaciones a lo largo del curso. Le rogamos que consulte con su Centro Deportivo Municipal para confirmar si se ha producido algún cambio.   Equipamientos    Superficie total de las instalaciones: 10.200 metros cuadrados.  Unidades deportivas cubiertas: piscina cubierta (vaso de 25 m y vaso de enseñanza), fisio-hidroterapia, pabellón, 3 salas multiusos y 2 salas de musculación.  Unidades deportivas al aire libre:   piscina aire libre (2 vasos de 50 m y vaso infantil), p     ista de atletismo, 3 c     ampos de fútbol 11 césped artficial, c     ampo de fútbol 7 césped artificial, 5 p     istas de pádel, 2 p     istas polideportivas, 8 p     istas de tenis y      Cubo Gym    .    Oficina de promoción deportiva:  responsable de la coordinación de Juegos Deportivos Municipales, Torneos y Circuitos Municipales, Copas de Primavera. Además, ofrece información sobre las escuelas de promoción deportiva.  Ayudas técnicas a la accesibilidad: instalación practicable, con 1 ascensor y 1 grúa de piscina.  Columna de rescate cardíaco.   Acceso controlado.";"Metro: Plaza Elíptica (líneas 6 y 11).  Renfe: Doce de Octubre, Orcasitas.  Bicicleta:  el centro dispone de  aparca bicicletas exterior   con capacidad para 10 bicicletas.    Servicio Bicimad , para consultar la estación más cercana, acceda al  mapa de geolocalización de las estaciones .";"";"2,5,6";"http://www.madrid.es/sites/v/index.jsp?vgnextchannel=bfa48ab43d6bb410VgnVCM100000171f5a0aRCRD&vgnextoid=a11e79262ef5d010VgnVCM1000000b205a0aRCRD";"RAFAELA YBARRA";"AVENIDA";"V";"52";"";"";"";"";"MADRID";"MADRID";"28026";"6";"ZOFIO";"12";"USERA";"439519";"4469689";"40.37558213858424";"-3.71245854352948";"914 692 374";"";"idmorcasitas@madrid.es";"/contenido/entidadesYorganismos/CentrosEspaciosDeporte/CamposEstadiosFutbol"
4690;"Centro Deportivo Municipal Orcasur";"";"Horario de uso de las instalaciones deportivas  Para saber el horario de apertura de las distintas instalaciones del centro deportivo, les rogamos lo consulten con el propio centro.  Horario de taquilla   De lunes a viernes, de 8:45 a 20:30 horas. Sábados, domingos y festivos, de 8:45 a 14:30 horas.   Cierre completo del centro   El mes de agosto y los días 24, 25 y 31 de diciembre, 1 de enero y 1 de mayo.";"Clases y escuelas deportivas   Estas son las modalidades deportivas que se ofrecen en los Centros Deportivos Municipales. Dichas modalidades pueden sufrir modificaciones a lo largo del curso. Le rogamos que consulte con su Centro Deportivo Municipal para confirmar si se ha producido algún cambio.   Equipamientos    Superficie total de las instalaciones: 22.500 metros cuadrados.  Unidades deportivas cubiertas: piscina cubierta (vaso de 25 m), pabellón, sala multiusos y sala de musculación.  Unidades deportivas al aire libre: campo de fútbol 11 césped artificial, frontón largo,  6 pistas de pádel, pista polideportiva cubierta, pista de tenis y 4 tenis mesa.   Ayudas técnicas para la accesibilidad:  1 grúa de piscina.   Acceso controlado.";"Renfe: Orcasitas (línea C5).  Metro:   San Fermín - Orcasur (línea 3).    Bicicleta:  el centro dispone de  aparca bicicletas exterior  con capacidad para 5 bicicletas.";"";"1";"http://www.madrid.es/sites/v/index.jsp?vgnextchannel=bfa48ab43d6bb410VgnVCM100000171f5a0aRCRD&vgnextoid=483e79262ef5d010VgnVCM1000000b205a0aRCRD";"MOREJA";"CALLE";"V";"11";"";"";"";"";"MADRID";"MADRID";"28041";"2";"ORCASUR";"12";"USERA";"440727";"4469292";"40.37021993373859";"-3.6994689006077444";"913 171 062";"";"idmorcasur@madrid.es";"/contenido/entidadesYorganismos/CentrosEspaciosDeporte/TenisMesa"
4675;"Centro Deportivo Municipal Palomeras";"";"Horario de uso de las instalaciones deportivas  Para saber el horario de apertura de las distintas instalaciones del centro deportivo, les rogamos lo consulten con el propio centro.  Horario de taquilla   De lunes a domingo, de 8:30 a 20:30 horas. Desde el 1 de noviembre la taquilla permanecerá cerrada los fines de semana por las tardes y los festivos mañana y tarde.   Cierre completo del centro   Los días 24, 25 y 31 de diciembre, 1 de enero y 1 de mayo.";"Clases y escuelas deportivas    Estas son las modalidades deportivas que se ofrecen en los Centros Deportivos Municipales. Dichas modalidades pueden sufrir modificaciones a lo largo del curso. Le rogamos que consulte con su Centro Deportivo Municipal para confirmar si se ha producido algún cambio.   Equipamientos    Superficie total de las instalaciones: 97.300 metros cuadrados.  Unidades deportivas cubiertas: piscina cubierta (vaso de 25 m y vaso de enseñanza), pabellón (3 pistas), sala de artes marciales, 3 salas multiusos, sala de musculación, sala de ciclo y sala boulder cubierto.  Unidades deportivas al aire libre: piscina aire libre (vaso de 50 m, 2 vasos de recreo y vaso infantil chapoteo), pista de atletismo, 2 campos de fútbol 11 césped artificial, frontón corto, 4 pistas de pádel cubierta, 4 pistas polideportivas, 2 pistas polideportivas cubiertas, rocódromo, 3 pistas de tenis, 2 pista de tenis cubiertas y 2 tenis de mesa.   Oficina de promoción deportiva:   responsable de la coordinación de Juegos Deportivos Municipales, Torneos y Circuitos Municipales, Copas de Primavera. Además, ofrece información sobre las escuelas de promoción deportiva.    Unidades con servicios auxiliares: aula, sala de acondicionamiento cardiovascular y reconocimiento médico.  Ayuda técnica para la accesibilidad  : instalación convertible, con 1 ascensor y 2 grúas de piscina.    Columna de rescate cardíaco.   Acceso controlado.";"Metro: Miguel Hernández, Sierra de Guadalupe (línea 1).  Renfe: Vallecas (líneas C2, C7 y C8).  Bicicleta:  el centro dispone de  aparca bicicletas exterior  con capacidad para 5 bicicletas.";"Este centro deportivo no dispone de cafetería.";"1";"http://www.madrid.es/sites/v/index.jsp?vgnextchannel=bfa48ab43d6bb410VgnVCM100000171f5a0aRCRD&vgnextoid=ee5e79262ef5d010VgnVCM1000000b205a0aRCRD";"TRANVIA DE ARGANDA";"CALLE";"V";"4";"";"";"";"";"MADRID";"MADRID";"28031";"4";"PALOMERAS SURESTE";"13";"PUENTE DE VALLECAS";"446209";"4470416";"40.38260362230282";"-3.6337151808372496";"917 774 901";"";"idmpalomeras@madrid.es";"/contenido/entidadesYorganismos/CentrosEspaciosDeporte/TenisMesa"
10630252;"Centro Deportivo Municipal Peñagrande GoFit";"";"Horario de uso de las instalaciones deportivas  Para saber el horario de apertura de las distintas instalaciones del centro deportivo, les rogamos lo consulten con el propio centro.  Horario de taquilla    De lunes a viernes, de 6 a 24 horas. Sábados, domingos y festivos, de 9 a 22 horas.   Cierre completo del centro   Días 25 de diciembre, 1 de enero y 1 de mayo.";"Clases y escuelas deportivas  Más información en el centro deportivo municipal.  Equipamientos    Superficie total de las instalaciones: 16.000 metros cuadrados.  Unidades deportivas cubiertas: piscina cubierta (vaso de 25 m y vaso de enseñanza), pabellón, sala ciclo, 4 salas multiusos, sala de musculación, sauna y spa.  Unidades deportivas al aire libre: piscina al aire libre (vaso recreo), 6 pistas de pádel cubiertas y 4 pistas de tenis.   Ayudas técnicas para la accesibilidad: rampas, ascensor, vestuarios, duchas y aseos adaptados.  Acceso controlado.";"Metro: Peñagrande (línea 7).";"";"1";"http://www.madrid.es/sites/v/index.jsp?vgnextchannel=bfa48ab43d6bb410VgnVCM100000171f5a0aRCRD&vgnextoid=6b2456babc1c1610VgnVCM1000001d4a900aRCRD";"MONFORTE DE LEMOS";"AVENIDA";"V";"184";"";"";"";"";"MADRID";"MADRID";"28035";"3";"PEÑA GRANDE";"8";"FUENCARRAL-EL PARDO";"439176";"4480925";"40.476792184653526";"-3.717566523014736";"910 884 262";"";"fuencarral@go-fit.es";"/contenido/entidadesYorganismos/CentrosEspaciosDeporte/PistasTenisBadminton"
4719;"Centro Deportivo Municipal Plata y Castañar";"";"Horario de uso de las instalaciones deportivas  Para saber el horario de apertura de las distintas instalaciones del centro deportivo, les rogamos lo consulten con el propio centro.  Horario de taquilla   De lunes a domingo, de 8:45 a 20:30 horas.   Cierre completo del Centro   Los días 24, 25 y 31 de diciembre, 1 de enero y 1 de mayo.";"Clases y escuelas deportivas   Estas son las modalidades deportivas que se ofrecen en los Centros Deportivos Municipales. Dichas modalidades pueden sufrir modificaciones a lo largo del curso. Le rogamos que consulte con su Centro Deportivo Municipal para confirmar si se ha producido algún cambio.   Equipamientos    Superficie total de las instalaciones: 66.013 metros cuadrados.  Unidades deportivas cubiertas: piscina cubierta (vaso de 25 m y vaso de enseñanza), fisio-hidroterapia, pabellón y sala multiusos.  Unidades deportivas al aire libre: piscina aire libre (vaso de 50 m, vaso de recreo y vaso infantil), pista BMX pump track, pista BMX flatland, campo de fútbol 11 césped artificial, campo de fútbol 7 césped artificial, 2 pistas de fútbol sala, pista de hockey patines cubierta, 4 pistas de pádel, pista de parkour, pista de skate bowl, 6 pistas de tenis, parque de calistenia y Cubo Gym.  Unidades con servicios auxiliares  : sala de físico e hidroterapia.      Servicio de medicina deportiva: acondicionamiento cardiovascular, fisioterapia del deporte y reconocimientos médicos.    Acceso controlado.";"Renfe: Puente Alcocer (línea C5).";"";"1";"http://www.madrid.es/sites/v/index.jsp?vgnextchannel=bfa48ab43d6bb410VgnVCM100000171f5a0aRCRD&vgnextoid=858e79262ef5d010VgnVCM1000000b205a0aRCRD";"PLATA Y CASTAÑAR";"PASEO";"V";"7";"";"";"";"";"MADRID";"MADRID";"28021";"";"SAN ANDRES";"";"VILLAVERDE";"439040";"4466852";"40.34998997348078";"-3.7178413073202856";"915 051 532                                                                 
915 051 195";"";"idmpcastanar@madrid.es";"/contenido/entidadesYorganismos/CentrosEspaciosDeporte/CamposEstadiosFutbol"
4718;"Centro Deportivo Municipal Playa Victoria";"";"Horario de uso de las instalaciones deportivas    Horario de taquilla:     De lunes  a viernes: de 8:30 a 21:00 horas. Sábados y domingos: de 9:00 a 14:00 horas. Festivos cerrada.   Horario del centro:     De lunes a viernes: de 8:30 a 22:00 horas. Sábados y domingos: de 9:00 a 14:00 horas. Festivos cerrado.";"Clases y escuelas deportivas   Estas son las modalidades deportivas que se ofrecen en los Centros Deportivos Municipales. Dichas modalidades pueden sufrir modificaciones a lo largo del curso. Le rogamos que consulte con su Centro Deportivo Municipal para confirmar si se ha producido algún cambio.   Equipamientos    Superficie total de las instalaciones: 5.640 metros cuadrados.  Unidades deportivas cubiertas: piscina cubierta (vaso de 25 m), sala multiusos y sala de musculación.     Unidades deportivas al aire libre: Cubo Gym y 2 p     istas de pádel (1 cubierta).     Ayudas técnicas para la accesibilidad:  1 plataforma y 1 ascensor.  Columna de rescate cardíaco.   Acceso controlado.";"Metro: Tetuán (línea 1).  Bicicleta:  el centro dispone de  aparca bicicletas exterior  con capacidad para  5   bicicletas.    Servicio Bicimad , para consultar la estación más cercana, acceda al  mapa de geolocalización de las estaciones .";"Cierre completo del centro    Días 24, 25 y 31 de diciembre, 1 de enero y 1 de mayo. Del 1 al 31 de agosto ambos inclusive. Festivos cerrado.";"1";"http://www.madrid.es/sites/v/index.jsp?vgnextchannel=bfa48ab43d6bb410VgnVCM100000171f5a0aRCRD&vgnextoid=c77e0a47f441f010VgnVCM2000000c205a0aRCRD";"HIERBABUENA";"CALLE";"V";"2";"";"";"";"";"MADRID";"MADRID";"28039";"6";"BERRUGUETE";"6";"TETUAN";"440472";"4478972";"40.4592763472204";"-3.7021136988422567";"915 701 841";"";"idmpvictoria@madrid.es";"/contenido/entidadesYorganismos/CentrosEspaciosDeporte/CuboGym"
4701;"Centro Deportivo Municipal Pradillo";"";"Horario de uso de las instalaciones deportivas  Para consultar el horario de apertura de las distintas instalaciones del centro deportivo, les rogamos lo consulten con el propio centro.  Horario de taquilla   De lunes a viernes: de 8:45 a 20:45 horas. Sábados y domingos: de 8:45 a 14:30 horas.   Cierre completo del centro    Festivos y días 24 y 31 de diciembre.";"Clases y escuelas deportivas   Estas son las modalidades deportivas que se ofrecen en los Centros Deportivos Municipales. Dichas modalidades pueden sufrir modificaciones a lo largo del curso. Le rogamos que consulte con su Centro Deportivo Municipal para confirmar si se ha producido algún cambio.   Equipamientos    Superficie total de las instalaciones: 12.350 metros cuadrados.  Unidades deportivas cubiertas: piscina cubierta (vaso de 25 m y vaso de enseñanza), fisio-hidroterapia, sala ciclo, 3 salas multiusos, sala de musculación y sauna.  Unidades deportivas al aire libre: campo de fútbol 7 de césped artifcial, 8 pistas de padel (4 cubiertas) y 2 pistas polideportivas.  Oficina de promoción deportiva: responsable de la coordinación de Juegos Deportivos Municipales, Torneos y Circuitos Municipales, Copas de Primavera. Además, ofrece información sobre las Escuelas de Promoción Deportiva.  Ayudas técnicas para la accesibilidad: 1 ascensor, 1 plataforma y 1 grúa de piscina.  Servicio de Medicina Deportiva: con cita previa, fisioterapia del deporte, y reconocimientos médicos para deportistas.   Columna de rescate cardíaco.   Acceso controlado.";"Metro: Alfonso XIII, Concha Espina (líneas 4 y 9).  Bicicleta:  El centro dispone de aparcabicicletas exterior   con   capacidad para 25 bicicletas.   Servicio Bicimad , para consultar la estación más cercana, acceda al  mapa de geolocalización de las estaciones .";"Señalización podotáctil sólo en el edificio de la piscina.";"1,5,6";"http://www.madrid.es/sites/v/index.jsp?vgnextchannel=bfa48ab43d6bb410VgnVCM100000171f5a0aRCRD&vgnextoid=2cae79262ef5d010VgnVCM1000000b205a0aRCRD";"PRADILLO";"CALLE";"V";"33";"";"";"";"";"MADRID";"MADRID";"28002";"3";"CIUDAD JARDIN";"5";"CHAMARTIN";"443049";"4477822";"40.44910622626739";"-3.671618277009419";"914 137 105";"";"idmpradillo@madrid.es";"/contenido/entidadesYorganismos/CentrosEspaciosDeporte/CamposEstadiosFutbol"
4720;"Centro Deportivo Municipal Pueblo Nuevo";"";"Horario de uso de las instalaciones deportivas  Para saber el horario de apertura de las distintas instalaciones del centro deportivo, les rogamos lo consulten con el propio centro.  Horario de taquilla   De lunes a viernes, de 9 a 20:30 horas (de septiembre a julio). Sábados y domingos, de 9 a 14 horas (de septiembre a junio). Festivos, cerrado.   Cierre completo del centro   Los días, 24, 25 y 31 de diciembre, 1 de enero, 1 de mayo, el mes de agosto y los fines de semana del mes de julio.";"Clases y escuelas deportivas   Estas son las modalidades deportivas que se ofrecen en los Centros Deportivos Municipales. Dichas modalidades pueden sufrir modificaciones a lo largo del curso. Le rogamos que consulte con su Centro Deportivo Municipal para confirmar si se ha producido algún cambio.   Equipamientos    Superficie total de las instalaciones: 3.300 metros cuadrados.  Unidades deportivas cubiertas: piscina (1 vaso de 25 metros y 1 vaso de enseñanza), sala multiusos, sala de musculación, sala ciclo y sauna.  Unidades deportivas aire libre: 3 tenis de mesa.  Ayuda técnica para la accesibilidad:  1 grúa de piscina.   Columna de rescate cardíaco.   Acceso controlado.";"Metro: Ascao (línea 7).";"";"1";"http://www.madrid.es/sites/v/index.jsp?vgnextchannel=bfa48ab43d6bb410VgnVCM100000171f5a0aRCRD&vgnextoid=a5fa42be9971c010VgnVCM1000000b205a0aRCRD";"FRANCISCO RIOJA";"CALLE";"V";"14";"";"";"";"";"MADRID";"MADRID";"28017";"2";"PUEBLO NUEVO";"15";"CIUDAD LINEAL";"445948";"4475892";"40.43003240158625";"-3.638536354805483";"913 770 251";"idmpnuevo@madrid.es";"";"/contenido/entidadesYorganismos/CentrosEspaciosDeporte/TenisMesa"
106242;"Centro Deportivo Municipal Raúl González";"";"Horario de uso de las instalaciones deportivas  Para saber el horario de apertura de las distintas instalaciones del centro deportivo, les rogamos lo consulten con el propio centro.  Horario de taquilla   De lunes a domingo, de 9 a 14:30 y de 14:45 a 20:30 horas.   Cierre completo del centro   El mes de agosto, y los días 24, 25 y 31 de diciembre, 1 de enero y 1 de mayo.";"Clases y escuelas deportivas   Estas son las modalidades deportivas que se ofrecen en los Centros Deportivos Municipales. Dichas modalidades pueden sufrir modificaciones a lo largo del curso. Le rogamos que consulte con su Centro Deportivo Municipal para confirmar si se ha producido algún cambio.   Equipamientos    Superficie total de las instalaciones: 33.900 metros cuadrados.  Unidades deportivas cubiertas: piscina cubierta (vaso de 25 m y vaso de enseñanza), pabellón y 2 salas multiusos.  Ayudas técnicas para la accesibilidad: 1 montacargas y 1 grúa de piscina.  Columna de rescate cardíaco.      Acceso controlado.";"Renfe: San Cristóbal (línea C3).  Metro:   San Cristóbal (línea 3).    Bicicleta:El centro dispone de aparca bicicletas exterior  con capacidad para 4 bicicletas. Servicio Bicimad , para consultar la estación más cercana, acceda al  mapa de geolocalización de las estaciones .";"Deportes practicables Baloncesto - Balonmano - Fútbol Sala - Natación - Voleibol  Uso de espacios deportivos Pabellón - Piscina  Enseñanzas DeportivasEscuelas Pre-Infantiles (3 a 5 años): Matronatación - Natación peques Escuelas infantiles (6 a 14 años, según modalidades): Fútbol Sala - Natación - Predeporte Clases para jóvenes (de 15 a 21 años): Natación  Clases para jóvenes y adultos (15 a 64 años): Acondicionamiento físico deportivo - Acuagim - Ciclo sala - Combinada (Acondicionamiento/ GAP) - Entrenamiento en circuito - GAP (Glúteos, Abdomen y Piernas) - Natación - Natación de compensación - Pilates - Tonificación - Yoga (iniciación) Actividades para Mayores de 65 años: Actividad Física - Gimnasia Acuática - Natación Actividades para Personas con discapacidad física: Natación (infantiles y adultos)  Servicio de Medicina deportiva: Psicomotricidad infantil";"1";"http://www.madrid.es/sites/v/index.jsp?vgnextchannel=bfa48ab43d6bb410VgnVCM100000171f5a0aRCRD&vgnextoid=c2de79262ef5d010VgnVCM1000000b205a0aRCRD";"BENIMAMET";"CALLE";"V";"137";"";"";"";"";"MADRID";"MADRID";"28021";"2";"SAN CRISTOBAL";"17";"VILLAVERDE";"441882";"4466411";"40.346220026067044";"-3.684337728806363";"917 953 792";"";"idmrgonzalez@madrid.es";"/contenido/entidadesYorganismos/CentrosEspaciosDeporte/Pabellon"
4689;"Centro Deportivo Municipal San Blas";"";"Horario de uso de las instalaciones deportivas  Para saber el horario de apertura de las distintas instalaciones del centro deportivo, les rogamos lo consulten con el propio centro.  Horario de taquilla   De lunes a viernes, de 8:30 a 14:30 y de 15 a 21 horas Sábados, domingos y festivos, de 8:30 a 15 horas   Cierre completo del centro   Los días 24, 25 y 31 de diciembre, 1 de enero y 1 de mayo.";"Clases y escuelas deportivas   Estas son las modalidades deportivas que se ofrecen en los Centros Deportivos Municipales. Dichas modalidades pueden sufrir modificaciones a lo largo del curso. Le rogamos que consulte con su Centro Deportivo Municipal para confirmar si se ha producido algún cambio.    Equipamientos    Superficie total de las instalaciones: 46.041 metros cuadrados.  Unidades deportivas cubiertas: piscina cubierta (vaso de 25 m y vaso de enseñanza), 2 pabellones, sala ciclo, sala multiusos y sala de musculación.   Unidades deportivas al aire libre: piscina al aire libre (2 vasos de 50 m y vaso infantil), 2 pistas de baloncesto, 4 pistas de pádel, 2 pistas polideportivas, 3 tenis de mesa y CuboGym.  Oficina de promoción deportiva:  responsable de la coordinación de Juegos Deportivos Municipales, Torneos y Circuitos Municipales, Copas de Primavera. Además, ofrece información sobre las escuelas de promoción deportiva.   Ayuda técnica para la accesibilidad: 1 ascensor y 1 grúa de piscina.  Columna de rescate cardíaco.    Acceso controlado.";"Metro: San Blas (línea 7).  Bicicleta:  el centro dispone de  aparca bicicletas exterior  con capacidad para 6 bicicletas.   Servicio Bicimad , para consultar la estación más cercana, acceda al  mapa de geolocalización de las estaciones .";"";"1";"http://www.madrid.es/sites/v/index.jsp?vgnextchannel=bfa48ab43d6bb410VgnVCM100000171f5a0aRCRD&vgnextoid=424b42be9971c010VgnVCM1000000b205a0aRCRD";"HELLIN";"AVENIDA";"V";"47";"";"";"";"";"MADRID";"MADRID";"28037";"2";"HELLIN";"20";"SAN BLAS-CANILLEJAS";"447814";"4475548";"40.428933838154435";"-3.615229739080561";"913 209 818";"";"idmsanblas@madrid.es";"/contenido/entidadesYorganismos/CentrosEspaciosDeporte/TenisMesa"
4679;"Centro Deportivo Municipal San Juan Bautista";"";"Horario de uso de las instalaciones deportivas    Para saber el horario de apertura de las distintas instalaciones del centro deportivo, les rogamos lo consulten con el propio centro.   Horario de taquilla   De lunes a viernes no festivos: de 8:30 a 20:30 horas. Sábados, domingos y festivos: de 8:30 a 14:30 horas.   Cierre completo del centro   Mes de agosto  y los días 24, 25 y 31 de diciembre, 1 y 6 de enero y 1 de mayo.";"Clases y escuelas deportivas   Estas son las modalidades deportivas que se ofrecen en los Centros Deportivos Municipales. Dichas modalidades pueden sufrir modificaciones a lo largo del curso. Le rogamos que consulte con su Centro Deportivo Municipal para confirmar si se ha producido algún cambio.   Equipamientos    Superficie total de las instalaciones: 11.000 metros cuadrados.  Unidades deportivas cubiertas: piscina (vaso de 25 metros y vaso de enseñanza), sala multiusos y sala de musculación.  Unidades deportivas al aire libre: campo de fútbol 11 césped artificial,  2 pistas de pádel y 3 pistas de tenis.   Ayudas técnicas para la accesibilidad:  1 grúa de piscina.       Columna de rescate cardíaco.       Acceso controlado.";"Metro: Avenida de la Paz (línea 4).  Bicicleta:   El centro dispone de  aparca bicicletas exterior  con capacidad para 3 bicicletas.   Servicio Bicimad , para consultar la estación más cercana, acceda al  mapa de geolocalización de las estaciones .";"";"2";"http://www.madrid.es/sites/v/index.jsp?vgnextchannel=bfa48ab43d6bb410VgnVCM100000171f5a0aRCRD&vgnextoid=35bb42be9971c010VgnVCM1000000b205a0aRCRD";"TREVIANA";"CALLE";"V";"1";"";"";"";"";"MADRID";"MADRID";"28043";"6";"SAN JUAN BAUTISTA";"15";"CIUDAD LINEAL";"444154";"4477763";"40.44864976316054";"-3.6585711797466836";"914 164 259";"";"idmsjbautista@madrid.es";"/contenido/entidadesYorganismos/CentrosEspaciosDeporte/CamposEstadiosFutbol"
4684;"Centro Deportivo Municipal Triángulo de Oro";"";"Horario de uso de las instalaciones deportivas:   Para consultar el horario de apertura de las distintas instalaciones del centro deportivo, consulten con el propio centro.   Horario de taquilla:  De lunes a viernes, de 8:45 a 21 horas. Sábados, domingos y festivos, de 8:45 a 14:30 horas.      Cierre completo del Centro: mes de agosto, días 24, 25 y 31 de diciembre, 1 de enero y 1 de mayo, Semana Santa y festivos.  Los alquileres de espacios en fines de semana y festivos a partir de las 15 horas, deberán hacerse presencialmente en horario de taquilla.";"Superficie 4.150 m2   Clases y escuelas deportivas   Estas son las modalidades deportivas que se ofrecen en los Centros Deportivos Municipales. Dichas modalidades pueden sufrir modificaciones a lo largo del curso. Le rogamos que consulte con su Centro Deportivo Municipal para confirmar si se ha producido algún cambio.    Equipamientos    Unidades deportivas cubiertas: piscina cubierta (vaso de 25 m), frontón cubierto, pabellón, 2 salas multiusos y sala de musculación.   Accesibilidad: instalación adaptada, con 1 ascensor y 1 grúa de piscina  Aparcabicicletas: exterior (5) Este centro deportivo dispone de columna de rescate cardíaco    Servicios    Deportes practicables Baloncesto - Balonmano - Deportes de pelota - Fútbol sala - Musculación - Natación - Voleibol  Uso de espacios deportivos Frontón - Pabellón - Piscina - Pista polideportiva - Sala de musculación-Tres Salas Polivalentes.  Enseñanzas deportivas:Escuelas pre-infantiles (4 y 5 años): Natación peques Escuelas infantiles (6 a 14 años, según modalidades): Baloncesto &amp;ndash; Vóley - Natación. Clases para jóvenes y adultos (15 a 64 años): Aerofitness &amp;ndash; Ciclo sala &amp;ndash; Circuito fitness &amp;ndash; Combinada piscina &amp;ndash; Combinada sala &amp;ndash; Cross Training &amp;ndash; Entrenamiento en suspensión &amp;ndash; Entrenamiento funcional &amp;ndash; Estiramientos relajación &amp;ndash; Fitness Acuático &amp;ndash; Fitness &amp;ndash; Fuerza CORE &amp;ndash; Fuerza en sala multitrabajo &amp;ndash; Fuerza GAP &amp;ndash; Fuerza general &amp;ndash; Gimnasia acuática &amp;ndash; Natación acondicionamiento &amp;ndash; Pilates. Actividades para mayores de 65 años: Natación &amp;ndash; Gimnasia acuática &amp;ndash;Acondicionamiento físico - Pilates. Actividades para personas con discapacidad física: Natación (infantil y adulto)  Oficina de Promoción Deportiva Juegos Deportivos Municipales - Torneos y Circuitos Municipales - Copas de Primavera - Información sobre Escuelas de Promoción Deportiva  Acceso controlado.";"Metro: Plaza de Castilla (líneas 1, 9 y 10), Valdeacederas (línea 1).  Renfe: Chamartín (lineas C1, C2, C3, C4, C7, C8 y C10).";"";"1";"http://www.madrid.es/sites/v/index.jsp?vgnextchannel=bfa48ab43d6bb410VgnVCM100000171f5a0aRCRD&vgnextoid=002f79262ef5d010VgnVCM1000000b205a0aRCRD";"BRAVO MURILLO";"CALLE";"V";"376";"";"";"";"";"MADRID";"MADRID";"28020";"3";"CASTILLEJOS";"6";"TETUAN";"441265";"4479615";"40.46512519238624";"-3.6928208378255807";"915 714 117";"";"idmtoro@madrid.es";"/contenido/entidadesYorganismos/CentrosEspaciosDeporte/Frontones"
7411340;"Centro Deportivo Municipal Vallehermoso GoFit";"";"Horario de uso de las instalaciones deportivas  Para saber el horario de apertura de las distintas instalaciones del centro deportivo, les rogamos lo consulten con el propio centro.  Horario de taquilla   De lunes a viernes de 6 a 24 horas Sábados de 9 a 22 horas Domingos y festivos: de 9 a 22 horas   Cierre completo del centro  Los días 25, 1 de enero y 1 de mayo.";"Clases y escuelas deportivas    Pre-infantiles (0 a 3 años) y de (3 a 5 años): matronatación, natación y educación física de base (polideportiva).  Infantiles (de 6 a 14 años): bádminton, bailes, baloncesto, boxeo, gimnasia artística, gimnasia rítmica, judo, natación, pádel, polideportiva, taekwondo y voleibol.   Jóvenes y personas adultas:  (De 15 a 20 años): aeróbic (adaptivo aeróbic, adaptivo box y baile moderno), baloncesto, fútbol sala, judo, natación, pádel, y taekwondo. (De 21 a 64 años): aeróbic (adaptivo aeróbic, adaptivo box, adaptivo stop, baile moderno, kango boot, kangoo power, latino y zumba), bailes de salón, boxeo, capoeira, carrera acuática (acuagim adaptivo aqua), fitness (adaptivo gofit cros, coreba, judo, natación, natación embarazadas, pádel, pilates (adaptivo pilates, fitball), thai chí, tonificación (adaptativo strength) y yoga (adaptivo yoga).    Mayores de 65 años : acondicionamiento físico deportivo (activo), aeróbic (adaptivo aeróbic / latino), carrera acuática (aquagim, adaptivo aqua), ciclo sala (adaptivo bike), natación, pilates (adaptivo pilates, fitball) y yoga (adaptivo yoga).   Actividades para personas con discapacidad : natación.    Equipamientos    Superficie total de las instalaciones: 26.724 metros cuadrados.  Unidades deportivas cubiertas: piscina cubierta (vaso de 25 m y vaso de enseñanza), pabellón, sala ciclo, sala de armas, 4 salas multiusos, sala de musculación, sauna y spa.  Unidades deportivas al aire libre: piscina al aire libre (vaso de recreo) y 3 pistas de pádel.  Otros equipamientos: aparcamiento gratuito para 200 plazas.   Ayuda técnica para la accesibilidad: ascensor y grúa de piscina.  Acceso controlado.";"Metro: Islas Filipinas (línea 7), Canal (líneas 2 y 7).  Bicicleta:   El centro dispone de  aparca bicicletas exterior.   Servicio Bicimad , para consultar la estación más cercana, acceda al  mapa de geolocalización de las estaciones .";"";"1";"http://www.madrid.es/sites/v/index.jsp?vgnextchannel=bfa48ab43d6bb410VgnVCM100000171f5a0aRCRD&vgnextoid=28906e8a84805410VgnVCM2000000c205a0aRCRD";"FILIPINAS";"AVENIDA";"V";"7";"";"";"";"";"MADRID";"MADRID";"28003";"6";"VALLEHERMOSO";"7";"CHAMBERI";"439867";"4476908";"40.44064843863945";"-3.709053489027435";"915 902 959";"";"vallehermoso@go-fit.es";"/contenido/entidadesYorganismos/CentrosEspaciosDeporte/SalaArmas"
4699;"Centro Deportivo Municipal Vicente del Bosque";"";"Horario de uso de las instalaciones deportivas  Para saber el horario de apertura de las distintas instalaciones del centro deportivo, les rogamos lo consulten con el propio centro.  Horario de  taquilla   De lunes a viernes, de 8:30 a 20:30 horas. Sábados y domingos, de 8:30 a 14:30 horas. Festivos, cerrada.   Cierre completo del centro   Los días 24, 25 y 31 de diciembre, 1 de enero y 1 de mayo.";"Clases y escuelas deportivas   Estas son las modalidades deportivas que se ofrecen en los Centros Deportivos Municipales. Dichas modalidades pueden sufrir modificaciones a lo largo del curso. Le rogamos que consulte con su Centro Deportivo Municipal para confirmar si se ha producido algún cambio.   Equipamientos    Superficie total de las instalaciones: 87.768 metros cuadrados.  Unidades deportivas cubiertas: piscina cubierta (vaso de 25 m), pabellón, sala de artes marciales y sala de musculación.  Unidades deportivas al aire libre:    piscina al aire libre (2 vasos de 50 m y vaso infantil), 2 p     istas de baloncesto, c     ampo de fútbol 11 de césped artifcial,      Cubo Gym, 6 p     istas de pádel, p     ista de patinaje, 2 p     istas polideportivas, 6 p     istas de tenis, 2 t     enis de mesa y p     ista de voley playa    .         Oficina de promoción deportiva:   responsable de la coordinación de Juegos Deportivos Municipales, Torneos y Circuitos Municipales, Copas de Primavera. Además, ofrece información sobre las escuelas de promoción deportiva. Ubicada en el Departamento de Deportes de  la junta municipal de distrito.     Columna de rescate cardíaco.   Acceso controlado.";"Metro: Begoña (línea 10), Barrio del Pilar (línea 9).  Renfe: Chamartín (líneas C1, C2, C3, C4, C7, C8 y C10).  Bicicleta: el centro dispone de aparca bicicletas exterior con capacidad para 5 bicicletas.   Servicio Bicimad, para consultar la estación más cercana, acceda al mapa de geolocalización de las estaciones.";"";"1";"http://www.madrid.es/sites/v/index.jsp?vgnextchannel=bfa48ab43d6bb410VgnVCM100000171f5a0aRCRD&vgnextoid=e156b0c40971c010VgnVCM1000000b205a0aRCRD";"MONFORTE DE LEMOS";"AVENIDA";"V";"13";"";"";"";"";"MADRID";"MADRID";"28029";"5";"LA PAZ";"8";"FUENCARRAL-EL PARDO";"441216";"4481146";"40.4789135943213";"-3.693540659747283";"917767502";"";"idmvicentedelbosque@madrid.es";"/contenido/entidadesYorganismos/CentrosEspaciosDeporte/TenisMesa"
49338;"Centro Deportivo Municipal Wilfred Agbonavbare";"";"Horario de uso de las instalaciones deportivas   Para saber el horario de apertura de las distintas instalaciones del centro deportivo, les rogamos lo consulten con el propio centro.  Horario de taquilla   De lunes a viernes: de 9 a 20:30 horas. Sábados y domingos: de 9 a 14:30 horas. Festivos: cerrado.   Cierre completo del centro    Mes de agosto y los días 24, 25 y 31 de diciembre, 1 de enero y 1 de mayo.";"Clases y escuelas deportivas   Estas son las modalidades deportivas que se ofrecen en los Centros Deportivos Municipales. Dichas modalidades pueden sufrir modificaciones a lo largo del curso. Le rogamos que consulte con su Centro Deportivo Municipal para confirmar si se ha producido algún cambio.   Equipamientos     Unidades deportivas cubiertas: piscina cubierta (vaso de 25 m y vaso de enseñanaza), pabellón, sala multiusos y sala de musculación.  Unidades deportivas al aire libre: pista de baloncesto, campo de fútbol 11 césped artificial, campo de fútbol 7 césped artificial, pista de fútbol sala, pista de hockey patines, 4 pistas de pádel, 3 pistas de pickleball cubiertas, 2 pistas de tenis y Cubo Gym.    Ayudas técnicas para la accesibilidad: 1 ascensor y  1 grúa de piscina.  Aparcabicicletas exterior: capacidad para 10 bicicletas.  Columna de rescate cardíaco   Acceso controlado.";"Renfe: El Pozo (líneas C2, C7 y C8).  Bicicleta: el centro dispone de aparcabicicletas  exterior con capacidad para 10 bicicletas.";"Apertura para uso libre los fines de semana coincidentes con el calendario de actividades dirigidas para optimizar la presencia obligada de personal SOS durante los sábados y domingos lectivos, ampliando la oferta al nado libre.";"1";"http://www.madrid.es/sites/v/index.jsp?vgnextchannel=bfa48ab43d6bb410VgnVCM100000171f5a0aRCRD&vgnextoid=2b7ee7510551c010VgnVCM2000000c205a0aRCRD";"REGUERA DE TOMATEROS";"CALLE";"V";"39";"";"";"";"";"MADRID";"MADRID";"28053";"1";"ENTREVIAS";"13";"PUENTE DE VALLECAS";"444210";"4469244";"40.371917325246514";"-3.657159610241785";"917 854 751";"";"cdmwilfreda@madrid.es";"/contenido/entidadesYorganismos/CentrosEspaciosDeporte/CamposEstadiosFutbol"
72028;"Club de Campo Villa de Madrid";"";"";"El Club de Campo Villa de Madrid cuenta dentro de sus instalaciones con varios servicios destinados al uso y disfrute de sus abonados. Nuestro objetivo es proporcionar a los abonados servicios para su utilidad y para el esparcimiento personal. Somos mucho más que un Club Deportivo.  Ajedrez, bridge, croquet, fitness, golf, hockey, hípica, gimnasio, pádel, patinaje, piscimas, sauna, squash, tenis, tenis de mesa, triatlon.";"Bus: 160, 161, A. Acceso vehículos por la carretera de Castilla, km 2.";"";"3";"http://www.madrid.es/sites/v/index.jsp?vgnextchannel=bfa48ab43d6bb410VgnVCM100000171f5a0aRCRD&vgnextoid=ef93827a9e41c010VgnVCM2000000c205a0aRCRD";"CASTILLA";"CARRETERA";"V";"12";"";"";"";"";"MADRID";"MADRID";"28040";"3";"CIUDAD UNIVERSITARIA";"9";"MONCLOA-ARAVACA";"437015";"4476728";"40.43882337027629";"-3.7426495421854256";"915 502 010";"";"abonados@ccvm.es";"/contenido/entidadesYorganismos/CentrosEspaciosDeporte/PistasTenisBadminton"
